{"type": "FeatureCollection", "features": [{"type": "Feature", "properties": {"id": "zaidin-vergeles", "name": "Zaidín - Vergeles", "n_secciones": 34, "poblaciones": {"2015": 39061, "2016": 38897, "2017": 39118, "2018": 39257, "2019": 39628, "2020": 39491, "2021": 40129, "2022": 40121, "2023": 41901, "2024": 40448, "2025": 40649}, "superficie_verde_m2": 492107, "superficie_verde_desglose": {"parques": 343158, "jardines": 89176, "arbolado": 59773}, "no2_serie": {"2015": 35.9, "2016": 36.0, "2017": 36.7, "2018": 33.7, "2020": 24.0, "2021": 20.0, "2022": 20.1, "2023": 20.9, "2024": 17.6}, "estacion_principal": "Granada Palacio de Congresos", "centroide": [-3.600722, 37.150332], "equipamientos": {"sanidad": {"n_dentro_total": 38}, "educacion": {"n_dentro_total": 22}, "agua": {"n_dentro_total": 42}, "reciclaje": {"n_dentro_total": 139}, "aparcabicis": {"n_dentro_total": 23}, "patrimonio": {"n_dentro_total": 1}}, "renta_med_uc": {"2015": 12791, "2016": 12857, "2017": 13325, "2018": 14025, "2019": 14655, "2020": 14593, "2021": 15506, "2022": 16465, "2023": 17907}, "renta_hogar": {"2015": 24198, "2016": 24282, "2017": 24760, "2018": 25623, "2019": 26684, "2020": 26680, "2021": 27762, "2022": 29162, "2023": 31831}, "renta_persona": {"2015": 9735, "2016": 9949, "2017": 10204, "2018": 10682, "2019": 11168, "2020": 11253, "2021": 11897, "2022": 12621, "2023": 13817}, "renta": {"2015": 12791, "2016": 12857, "2017": 13325, "2018": 14025, "2019": 14655, "2020": 14593, "2021": 15506, "2022": 16465, "2023": 17907}, "vft": {"n_vfts": 176, "n_plazas": 877, "viviendas_total": 22670, "ratio_vft_pct": 0.78, "serie": {"2015": 0, "2016": 7, "2017": 12, "2018": 26, "2019": 37, "2020": 42, "2021": 50, "2022": 64, "2023": 92, "2024": 160, "2025": 174}}}, "geometry": {"type": "Polygon", "coordinates": [[[-3.6106745999999994, 37.13876], [-3.6109639999999996, 37.137751999999985], [-3.6086757, 37.13762069999998], [-3.6075098, 37.136945099999984], [-3.6072838000000003, 37.136838099999984], [-3.6068777, 37.136741099999995], [-3.60547, 37.136703200000014], [-3.6028369, 37.1368969], [-3.6015747000000005, 37.13674999999999], [-3.601141, 37.13885249999999], [-3.6005338999999994, 37.1389638], [-3.6001175000000005, 37.1389929], [-3.5959603999999996, 37.1386893], [-3.5925454, 37.138246699999996], [-3.5916441, 37.138179099999995], [-3.5912390999999997, 37.13822619999999], [-3.5895456, 37.13910229999999], [-3.5896758, 37.1394548], [-3.590066, 37.140092], [-3.5901959999999997, 37.140427599999995], [-3.5904845000000005, 37.1413551], [-3.5906974000000003, 37.1422561], [-3.5907777999999997, 37.142603], [-3.5909102, 37.14283669999998], [-3.5912033999999995, 37.1432401], [-3.5912744000000005, 37.1434249], [-3.5912649, 37.143639799999995], [-3.5911372, 37.1442882], [-3.591142, 37.144767], [-3.5912838, 37.145332499999995], [-3.5917946, 37.1470855], [-3.5917852, 37.1475002], [-3.5915770999999994, 37.1485671], [-3.5916148999999997, 37.1488385], [-3.5917615000000005, 37.149147599999985], [-3.5920217, 37.149404], [-3.5926885000000004, 37.149890299999996], [-3.59275, 37.1500712], [-3.5926933000000005, 37.15032], [-3.5926129000000007, 37.15061779999999], [-3.5923102, 37.153234], [-3.5933885, 37.154428899999985], [-3.5941168999999995, 37.1554505], [-3.595398599999999, 37.157369100000004], [-3.5954459, 37.1578328], [-3.5928446000000003, 37.158831599999985], [-3.5931946, 37.15932920000001], [-3.5930291, 37.160184799999996], [-3.5929534, 37.160241400000004], [-3.5926033999999993, 37.1620619], [-3.592532499999999, 37.1625632], [-3.593223, 37.1641575], [-3.5940696, 37.1651638], [-3.5966755999999998, 37.163893699999996], [-3.5967418000000007, 37.16443259999999], [-3.5980897000000005, 37.1660872], [-3.5983262, 37.16623419999999], [-3.5985022999999994, 37.166282], [-3.5984977999999996, 37.16623349999998], [-3.5989344000000005, 37.16573619999999], [-3.5997108999999994, 37.1648128], [-3.6003587000000006, 37.16404649999999], [-3.6006872000000003, 37.16365750000001], [-3.6009208, 37.163439000000004], [-3.6011673999999996, 37.16323109999999], [-3.601481, 37.1630219], [-3.6023923999999994, 37.16255509999999], [-3.6036436, 37.1616623], [-3.6043096000000006, 37.1611652], [-3.6046598, 37.1609317], [-3.6048862000000006, 37.160731199999994], [-3.6051475, 37.1604724], [-3.6056029999999994, 37.15991199999999], [-3.6056405, 37.1599325], [-3.6057336000000006, 37.159983800000006], [-3.6062329, 37.1602591], [-3.6063177, 37.160305900000004], [-3.606760599999999, 37.16054999999999], [-3.6068481, 37.160598300000004], [-3.6073797, 37.160891400000004], [-3.6074634, 37.16093659999999], [-3.6074998000000003, 37.1609573], [-3.6106752000000006, 37.1624124], [-3.611413, 37.16053540000001], [-3.6128720999999997, 37.1569507], [-3.61262, 37.1567359], [-3.6121965999999994, 37.156504399999996], [-3.61135, 37.155951400000006], [-3.6108132999999984, 37.15543079999998], [-3.610097, 37.15459], [-3.6092812, 37.1536393], [-3.6087649, 37.1531858], [-3.6075, 37.15250549999999], [-3.6065727, 37.15216850000001], [-3.6055066, 37.1520264], [-3.6055334000000006, 37.1518605], [-3.6056544999999995, 37.15167079999999], [-3.6062293000000003, 37.1508914], [-3.6064977000000003, 37.150602000000006], [-3.6067771, 37.1503417], [-3.6068764, 37.1502165], [-3.6070643, 37.14966549999999], [-3.6071789999999995, 37.14902000000001], [-3.6072391, 37.14831389999999], [-3.6073282999999994, 37.1466362], [-3.6074455, 37.14580629999999], [-3.6077333000000005, 37.145189599999995], [-3.607964, 37.144698999999996], [-3.6082303, 37.14439519999999], [-3.6095221, 37.142070499999996], [-3.6101559, 37.141059500000004], [-3.6103375, 37.1405182], [-3.610402099999999, 37.140341], [-3.6105718, 37.1389819], [-3.6106745999999994, 37.13876]]]}}, {"type": "Feature", "properties": {"id": "carretera-de-la-sierra", "name": "Carretera de la Sierra", "n_secciones": 2, "poblaciones": {"2015": 3820, "2016": 3264, "2017": 3355, "2018": 3347, "2019": 3417, "2020": 3460, "2021": 3483, "2022": 3473, "2023": 3485, "2024": 3505, "2025": 3501}, "superficie_verde_m2": 354337, "superficie_verde_desglose": {"parques": 8791, "jardines": 397, "arbolado": 345149}, "no2_serie": {"2015": 35.9, "2016": 36.0, "2017": 36.7, "2018": 33.7, "2020": 24.1, "2021": 20.0, "2022": 20.1, "2023": 20.9, "2024": 17.6}, "estacion_principal": "Granada Palacio de Congresos", "centroide": [-3.575168, 37.166831], "equipamientos": {"sanidad": {"n_dentro_total": 5}, "educacion": {"n_dentro_total": 2}, "agua": {"n_dentro_total": 4}, "reciclaje": {"n_dentro_total": 4}, "aparcabicis": {"n_dentro_total": 2}, "patrimonio": {"n_dentro_total": 1}}, "renta_med_uc": {"2015": 17327, "2016": 18514, "2017": 19271, "2018": 19637, "2019": 20401, "2020": 20057, "2021": 21463, "2022": 22533, "2023": 24024}, "renta_hogar": {"2015": 32419, "2016": 34556, "2017": 35448, "2018": 36885, "2019": 39134, "2020": 37596, "2021": 39406, "2022": 42107, "2023": 42407}, "renta_persona": {"2015": 12493, "2016": 13452, "2017": 13614, "2018": 14324, "2019": 15102, "2020": 14663, "2021": 15497, "2022": 16450, "2023": 16825}, "renta": {"2015": 17327, "2016": 18514, "2017": 19271, "2018": 19637, "2019": 20401, "2020": 20057, "2021": 21463, "2022": 22533, "2023": 24024}, "vft": {"n_vfts": 23, "n_plazas": 149, "viviendas_total": 1756, "ratio_vft_pct": 1.31, "serie": {"2015": 0, "2016": 1, "2017": 2, "2018": 6, "2019": 8, "2020": 9, "2021": 11, "2022": 13, "2023": 15, "2024": 22, "2025": 23}}}, "geometry": {"type": "Polygon", "coordinates": [[[-3.5894469, 37.16723679999999], [-3.5892499000000004, 37.16710590000001], [-3.5883147, 37.1662484], [-3.587899, 37.16600390000001], [-3.5875582999999995, 37.1658671], [-3.5870702, 37.1657554], [-3.584477099999999, 37.16534529999999], [-3.5824182000000007, 37.1648176], [-3.5788658000000004, 37.1636467], [-3.5780761, 37.163471], [-3.5765555, 37.1632346], [-3.5745013999999995, 37.1627724], [-3.5713791, 37.161975], [-3.5684054999999995, 37.161224000000004], [-3.5681215, 37.161905700000005], [-3.5683196999999995, 37.16333859999999], [-3.5680248, 37.16392789999999], [-3.5678702, 37.164833], [-3.5676479, 37.165249], [-3.5676382000000006, 37.16605779999999], [-3.567962, 37.1662311], [-3.5678412, 37.16668169999999], [-3.5675802, 37.16679729999999], [-3.5675512, 37.1671555], [-3.5678363, 37.167505999999996], [-3.5678556999999995, 37.168387900000006], [-3.5683776999999997, 37.169397], [-3.5682809999999994, 37.1704677], [-3.5684550000000006, 37.170621700000005], [-3.5688997, 37.1706448], [-3.5690737000000006, 37.1708451], [-3.5688222999999994, 37.1713766], [-3.5690447000000005, 37.1725396], [-3.5693056999999997, 37.17297099999999], [-3.5692283, 37.1731327], [-3.568542, 37.17328680000001], [-3.569122, 37.17341769999999], [-3.5694700000000004, 37.1733638], [-3.569731, 37.17310189999999], [-3.5699776, 37.17263689999999], [-3.5702626000000004, 37.1737104], [-3.5708619, 37.17367959999999], [-3.5711906, 37.173779700000004], [-3.5712968999999997, 37.174149400000005], [-3.5718189, 37.17400309999999], [-3.5723216, 37.17368919999999], [-3.572672, 37.17355829999999], [-3.5729353999999995, 37.173232899999995], [-3.5731866999999995, 37.1720775], [-3.5732254000000006, 37.1716924], [-3.5731287000000003, 37.171503699999995], [-3.5728436000000006, 37.17126100000001], [-3.5724472, 37.171091600000004], [-3.5720702, 37.17087590000001], [-3.5713163, 37.1701673], [-3.5709053999999996, 37.169543299999994], [-3.5708619, 37.169400800000005], [-3.5710263, 37.16927759999999], [-3.5712438, 37.1692583], [-3.5718189, 37.169327700000004], [-3.5739214000000006, 37.169924599999995], [-3.574946, 37.1702366], [-3.5751006999999997, 37.1701865], [-3.5751346, 37.1701393], [-3.5751587, 37.1701056], [-3.5750233000000002, 37.16967809999999], [-3.5750764999999998, 37.1695665], [-3.5752505, 37.169547200000004], [-3.5755212, 37.169658899999995], [-3.5768260999999995, 37.1706718], [-3.5770388, 37.17051], [-3.5744917, 37.16814910000001], [-3.5752795, 37.1676562], [-3.576425, 37.1683494], [-3.5773143000000003, 37.1677293], [-3.5788368, 37.16842259999999], [-3.5793152000000004, 37.1683302], [-3.5807217, 37.16857670000001], [-3.5819300000000003, 37.1691428], [-3.5819784, 37.169216], [-3.5817608999999995, 37.1694663], [-3.5817318999999994, 37.1695973], [-3.5818479, 37.16970510000001], [-3.5820749999999997, 37.169508699999994], [-3.5823263000000005, 37.169397], [-3.5826453, 37.1693816], [-3.5828772999999994, 37.169412399999985], [-3.5839793, 37.17002860000001], [-3.584221, 37.1701172], [-3.5844674999999997, 37.1701172], [-3.5846462999999993, 37.17003249999999], [-3.5847575, 37.1698476], [-3.5847671, 37.1696396], [-3.5846028, 37.16937389999999], [-3.5843370000000006, 37.1691043], [-3.5840566000000003, 37.16894640000001], [-3.5836361, 37.16883849999999], [-3.5830319999999993, 37.1686575], [-3.5824472, 37.16838020000001], [-3.5810164999999996, 37.1674212], [-3.5801466000000004, 37.1669013], [-3.5793297, 37.1665277], [-3.5783389, 37.166208000000005], [-3.5786240999999994, 37.1659153], [-3.5787788, 37.165896], [-3.5790204000000005, 37.166], [-3.5791703, 37.1659962], [-3.5793442, 37.16586910000001], [-3.5795182, 37.1658151], [-3.5804945999999997, 37.165926799999994], [-3.5815337, 37.166150200000004], [-3.5818527, 37.16589990000001], [-3.5830199, 37.166585399999995], [-3.5833631000000006, 37.166733699999995], [-3.5842814, 37.16695709999999], [-3.5845955000000003, 37.167078399999994], [-3.584842, 37.167244], [-3.5861301, 37.1682839], [-3.5863428, 37.168430300000004], [-3.5872127000000003, 37.168807699999995], [-3.5874640999999996, 37.1688828], [-3.5875316999999995, 37.16880389999999], [-3.5876356000000005, 37.1687827], [-3.5880561, 37.1688539], [-3.5888681000000004, 37.167873799999995], [-3.5894469, 37.16723679999999]]]}}, {"type": "Feature", "properties": {"id": "lancha-del-genil", "name": "Lancha del Genil", "n_secciones": 2, "poblaciones": {"2015": 2994, "2016": 2985, "2017": 2980, "2018": 3005, "2019": 2999, "2020": 3011, "2021": 3060, "2022": 3087, "2023": 3109, "2024": 3181, "2025": 3197}, "superficie_verde_m2": 2069612, "superficie_verde_desglose": {"parques": 1223, "jardines": 0, "arbolado": 2068389}, "no2_serie": {"2015": 35.9, "2016": 36.0, "2017": 36.7, "2018": 33.7, "2020": 24.1, "2021": 20.0, "2022": 20.1, "2023": 20.9, "2024": 17.6}, "estacion_principal": "Granada Palacio de Congresos", "centroide": [-3.557477, 37.168345], "equipamientos": {"sanidad": {"n_dentro_total": 2}, "educacion": {"n_dentro_total": 1}, "agua": {"n_dentro_total": 0}, "reciclaje": {"n_dentro_total": 4}, "aparcabicis": {"n_dentro_total": 0}, "patrimonio": {"n_dentro_total": 2}}, "renta_med_uc": {"2015": 12250, "2016": 12950, "2017": 13303, "2018": 15050, "2019": 15742, "2020": 15394, "2021": 16796, "2022": 17850, "2023": 19250}, "renta_hogar": {"2015": 24039, "2016": 24590, "2017": 25707, "2018": 27001, "2019": 28177, "2020": 28298, "2021": 29740, "2022": 31408, "2023": 34798}, "renta_persona": {"2015": 9945, "2016": 10300, "2017": 10757, "2018": 11409, "2019": 11921, "2020": 11975, "2021": 12709, "2022": 13465, "2023": 14792}, "renta": {"2015": 12250, "2016": 12950, "2017": 13303, "2018": 15050, "2019": 15742, "2020": 15394, "2021": 16796, "2022": 17850, "2023": 19250}, "vft": {"n_vfts": 22, "n_plazas": 118, "viviendas_total": 1697, "ratio_vft_pct": 1.3, "serie": {"2015": 0, "2016": 1, "2017": 3, "2018": 3, "2019": 4, "2020": 4, "2021": 4, "2022": 8, "2023": 12, "2024": 19, "2025": 21}}}, "geometry": {"type": "Polygon", "coordinates": [[[-3.572672, 37.17355829999999], [-3.5723216, 37.17368919999999], [-3.5718189, 37.17400309999999], [-3.5712968999999997, 37.174149400000005], [-3.5711906, 37.173779700000004], [-3.5708619, 37.17367959999999], [-3.5702626000000004, 37.1737104], [-3.5699776, 37.17263689999999], [-3.569731, 37.17310189999999], [-3.5694700000000004, 37.1733638], [-3.569122, 37.17341769999999], [-3.568542, 37.17328680000001], [-3.5692283, 37.1731327], [-3.5693056999999997, 37.17297099999999], [-3.5690447000000005, 37.1725396], [-3.5688222999999994, 37.1713766], [-3.5690737000000006, 37.1708451], [-3.5688997, 37.1706448], [-3.5684550000000006, 37.170621700000005], [-3.5682809999999994, 37.1704677], [-3.5683776999999997, 37.169397], [-3.5678556999999995, 37.168387900000006], [-3.5678363, 37.167505999999996], [-3.5675512, 37.1671555], [-3.5675802, 37.16679729999999], [-3.5678412, 37.16668169999999], [-3.567962, 37.1662311], [-3.5676382000000006, 37.16605779999999], [-3.5676479, 37.165249], [-3.5678702, 37.164833], [-3.5680248, 37.16392789999999], [-3.5683196999999995, 37.16333859999999], [-3.5681215, 37.161905700000005], [-3.5684054999999995, 37.161224000000004], [-3.5671307, 37.1610583], [-3.5658354, 37.1610506], [-3.5641679000000006, 37.16124709999999], [-3.5629645, 37.1612548], [-3.5616547, 37.16109680000001], [-3.5595293000000003, 37.16066269999999], [-3.5582094999999994, 37.16038949999999], [-3.5574315999999997, 37.160276], [-3.5542473, 37.1591461], [-3.5533673000000006, 37.15894289999999], [-3.5514065, 37.1587807], [-3.5510901, 37.158638], [-3.5508386, 37.158562499999995], [-3.550656, 37.15847399999999], [-3.55016, 37.158783699999994], [-3.5499995000000006, 37.15898640000001], [-3.5496934000000007, 37.1601907], [-3.5494893000000003, 37.161144699999994], [-3.5489626999999997, 37.1620462], [-3.5484278000000002, 37.16277149999999], [-3.5478573000000004, 37.1630093], [-3.5473644, 37.163379600000006], [-3.5470090000000005, 37.16388310000001], [-3.5470102, 37.164478], [-3.5468317999999996, 37.165180199999995], [-3.5469087, 37.1665373], [-3.5465465000000003, 37.1674652], [-3.5462472000000003, 37.168624900000005], [-3.5459857, 37.1685571], [-3.5458227, 37.168526500000006], [-3.5455352, 37.16853269999999], [-3.5450604999999995, 37.16854659999999], [-3.5443829, 37.16856959999999], [-3.5442062, 37.1685763], [-3.5440621999999995, 37.168555899999994], [-3.5440473, 37.1685537], [-3.5434959, 37.16838450000001], [-3.5434353, 37.1683696], [-3.5433520999999994, 37.16834910000001], [-3.5429472000000004, 37.1682865], [-3.542822, 37.16826929999999], [-3.5423456, 37.1682037], [-3.541798, 37.16813460000001], [-3.5414914, 37.168124899999995], [-3.5411738, 37.1681395], [-3.5409475000000006, 37.168181499999996], [-3.5406909000000004, 37.168303800000004], [-3.5402135, 37.1685313], [-3.539766, 37.168957000000006], [-3.5388306, 37.16993490000001], [-3.5385521, 37.17091859999999], [-3.5386920000000006, 37.171091600000004], [-3.538953, 37.17144199999999], [-3.5391607999999994, 37.171569100000006], [-3.5393444999999994, 37.1716115], [-3.5396442, 37.171942699999995], [-3.540403, 37.1721353], [-3.5411376, 37.17222379999998], [-3.5418046000000003, 37.1722662], [-3.5421961, 37.17218919999999], [-3.5426601, 37.17217380000001], [-3.5438296999999994, 37.1724126], [-3.5446949, 37.17260509999999], [-3.5456954, 37.173113499999985], [-3.5459225, 37.173340700000004], [-3.546053, 37.17338689999999], [-3.5462367, 37.17325979999999], [-3.5465797999999995, 37.1729402], [-3.5467296999999998, 37.172874699999994], [-3.5470535, 37.17284], [-3.547706, 37.172944], [-3.5484599999999995, 37.17285540000001], [-3.5490931, 37.1728824], [-3.5494362999999995, 37.1727515], [-3.552109, 37.173001799999994], [-3.553356, 37.173267499999994], [-3.5539988, 37.173279099999995], [-3.5548108, 37.17342930000001], [-3.5562801, 37.1740416], [-3.5565459, 37.17422259999999], [-3.5566716, 37.174730999999994], [-3.5575609, 37.17508909999999], [-3.5577736, 37.174750199999984], [-3.5579765999999995, 37.1745499], [-3.5581506, 37.1744806], [-3.5583728999999997, 37.1744421], [-3.5587789, 37.1745384], [-3.5640036, 37.1766719], [-3.5645691, 37.176872100000004], [-3.5652311999999995, 37.1768721], [-3.5657629000000006, 37.1768798], [-3.5661254, 37.1769491], [-3.5666860000000002, 37.1773535], [-3.5669905, 37.1775268], [-3.5673046999999998, 37.177584599999996], [-3.5678992000000003, 37.1774883], [-3.5683583, 37.1774459], [-3.5686967, 37.17747289999999], [-3.5694989999999995, 37.1776962], [-3.5705864, 37.17809669999999], [-3.5707363, 37.1781044], [-3.5708813, 37.1780505], [-3.5709586, 37.17796189999999], [-3.5709296, 37.1777925], [-3.5702288, 37.176760399999985], [-3.5702288000000006, 37.1765872], [-3.5706831, 37.175990199999994], [-3.5708088, 37.1759286], [-3.5709731, 37.17590940000001], [-3.5714758, 37.1759825], [-3.5727227, 37.1759787], [-3.5732447, 37.17598639999999], [-3.5748204, 37.17626369999999], [-3.5752698000000005, 37.17630989999999], [-3.5757773, 37.1762945], [-3.5761495000000005, 37.17619440000001], [-3.5759512999999994, 37.17582079999999], [-3.5758063, 37.1756668], [-3.5756420000000007, 37.17562440000001], [-3.5754341999999997, 37.175636], [-3.5752118, 37.175689899999995], [-3.5750571999999994, 37.17566289999999], [-3.5749073, 37.17557430000001], [-3.5748251999999994, 37.175470399999995], [-3.5747864999999996, 37.17535480000001], [-3.5748445000000006, 37.175177700000006], [-3.5748397, 37.1750775], [-3.5747334, 37.1749736], [-3.5742645, 37.1746732], [-3.5740422, 37.1746193], [-3.5738537, 37.174615399999986], [-3.5737135000000007, 37.174669300000005], [-3.5735491999999995, 37.17487340000001], [-3.5734139, 37.174912], [-3.5732737, 37.174912], [-3.5731819, 37.1748619], [-3.5728774, 37.1746154], [-3.5725826, 37.1745345], [-3.5724086, 37.1744421], [-3.5723119, 37.1742919], [-3.5722877, 37.1741456], [-3.5723312, 37.173987700000005], [-3.572672, 37.17355829999999]]]}}, {"type": "Feature", "properties": {"id": "camino-de-los-neveros", "name": "Camino de los Neveros", "n_secciones": 2, "poblaciones": {"2015": 3535, "2016": 3351, "2017": 3284, "2018": 3368, "2019": 3406, "2020": 3462, "2021": 3438, "2022": 3415, "2023": 3472, "2024": 3406, "2025": 3379}, "superficie_verde_m2": 320943, "superficie_verde_desglose": {"parques": 40966, "jardines": 1873, "arbolado": 278104}, "no2_serie": {"2015": 35.9, "2016": 36.0, "2017": 36.7, "2018": 33.7, "2020": 24.1, "2021": 20.0, "2022": 20.1, "2023": 20.9, "2024": 17.6}, "estacion_principal": "Granada Palacio de Congresos", "centroide": [-3.573643, 37.159247], "equipamientos": {"sanidad": {"n_dentro_total": 2}, "educacion": {"n_dentro_total": 2}, "agua": {"n_dentro_total": 4}, "reciclaje": {"n_dentro_total": 50}, "aparcabicis": {"n_dentro_total": 0}, "patrimonio": {"n_dentro_total": 0}}, "renta_med_uc": {"2015": 21151, "2016": 20708, "2017": 20974, "2018": 21652, "2019": 23021, "2020": 22687, "2021": 24356, "2022": 25060, "2023": 26362}, "renta_hogar": {"2015": 38186, "2016": 37862, "2017": 38709, "2018": 40165, "2019": 42243, "2020": 41446, "2021": 43935, "2022": 46295, "2023": 48725}, "renta_persona": {"2015": 15573, "2016": 15659, "2017": 15999, "2018": 16409, "2019": 17106, "2020": 16713, "2021": 17620, "2022": 18648, "2023": 19523}, "renta": {"2015": 21151, "2016": 20708, "2017": 20974, "2018": 21652, "2019": 23021, "2020": 22687, "2021": 24356, "2022": 25060, "2023": 26362}, "vft": {"n_vfts": 10, "n_plazas": 50, "viviendas_total": 1760, "ratio_vft_pct": 0.57, "serie": {"2015": 0, "2016": 1, "2017": 1, "2018": 1, "2019": 4, "2020": 4, "2021": 6, "2022": 6, "2023": 7, "2024": 10, "2025": 10}}}, "geometry": {"type": "Polygon", "coordinates": [[[-3.5793781, 37.1570023], [-3.5734428999999994, 37.1542038], [-3.5708139999999995, 37.15466779999999], [-3.5691948999999994, 37.1551552], [-3.5681141000000003, 37.1556442], [-3.5674914999999996, 37.1558449], [-3.566658, 37.15594539999999], [-3.5660948000000006, 37.1560106], [-3.5654394999999997, 37.1562238], [-3.5652573, 37.15626399999999], [-3.5641600000000007, 37.15630730000001], [-3.5635136, 37.15650219999999], [-3.5632963, 37.15668489999999], [-3.5635584999999996, 37.15724540000001], [-3.5634816999999996, 37.1575252], [-3.5638272, 37.158361], [-3.5627479999999996, 37.1581756], [-3.5616023999999995, 37.157816700000005], [-3.5599788, 37.157478600000005], [-3.5599626, 37.158335], [-3.5600459, 37.1589386], [-3.5600307000000004, 37.1599392], [-3.5598979, 37.1602463], [-3.5596592, 37.160516], [-3.5595293000000003, 37.16066269999999], [-3.5616547, 37.16109680000001], [-3.5629645, 37.1612548], [-3.5641679000000006, 37.16124709999999], [-3.5658354, 37.1610506], [-3.5671307, 37.1610583], [-3.5684054999999995, 37.161224000000004], [-3.5713791, 37.161975], [-3.5745013999999995, 37.1627724], [-3.5765555, 37.1632346], [-3.5780761, 37.163471], [-3.5782518999999997, 37.1629688], [-3.5805912, 37.16331929999999], [-3.583003, 37.16286089999999], [-3.5831432, 37.16257589999999], [-3.5834694, 37.1623005], [-3.5834646, 37.16208670000002], [-3.5832350000000006, 37.1618306], [-3.5824182000000007, 37.16111029999999], [-3.5823988, 37.16097549999999], [-3.5839576000000006, 37.1617959], [-3.5838778, 37.1619076], [-3.5839503, 37.1621156], [-3.584194400000001, 37.1622986], [-3.5843756000000004, 37.1622697], [-3.5865651, 37.1637449], [-3.5869323999999994, 37.1634849], [-3.5869372000000004, 37.163423300000005], [-3.5870774, 37.1633135], [-3.5873090999999997, 37.1632177], [-3.5872079, 37.163092], [-3.5868406, 37.1617247], [-3.5867874, 37.161270200000004], [-3.5864878000000004, 37.16041509999998], [-3.5861881, 37.16007609999999], [-3.5845593000000004, 37.15887049999999], [-3.5837086000000005, 37.158415999999995], [-3.5830997000000004, 37.158123200000006], [-3.5824423000000003, 37.15796139999999], [-3.5815771999999995, 37.1576725], [-3.5814322000000005, 37.1576571], [-3.5812775000000006, 37.1576764], [-3.5812389, 37.1577226], [-3.5808860000000005, 37.15773799999999], [-3.5793781, 37.1570023]]]}}, {"type": "Feature", "properties": {"id": "bola-de-oro", "name": "Bola de Oro", "n_secciones": 1, "poblaciones": {"2015": 1090, "2016": 1328, "2017": 1354, "2018": 1328, "2019": 1310, "2020": 1279, "2021": 1308, "2022": 1280, "2023": 1305, "2024": 1325, "2025": 1373}, "superficie_verde_m2": 47173, "superficie_verde_desglose": {"parques": 34614, "jardines": 3806, "arbolado": 8753}, "no2_serie": {"2015": 35.9, "2016": 36.0, "2017": 36.7, "2018": 33.7, "2020": 24.1, "2021": 20.0, "2022": 20.1, "2023": 20.9, "2024": 17.6}, "estacion_principal": "Granada Palacio de Congresos", "centroide": [-3.584768, 37.164247], "equipamientos": {"sanidad": {"n_dentro_total": 0}, "educacion": {"n_dentro_total": 1}, "agua": {"n_dentro_total": 5}, "reciclaje": {"n_dentro_total": 13}, "aparcabicis": {"n_dentro_total": 1}, "patrimonio": {"n_dentro_total": 0}}, "renta_med_uc": {"2015": 14350, "2016": 15750, "2017": 16450, "2018": 16450, "2019": 17150, "2020": 17150, "2021": 18550, "2022": 19950, "2023": 21350}, "renta_hogar": {"2015": 25866, "2016": 27922, "2017": 29211, "2018": 30354, "2019": 31085, "2020": 31476, "2021": 33508, "2022": 35062, "2023": 39064}, "renta_persona": {"2015": 9956, "2016": 10926, "2017": 11364, "2018": 11946, "2019": 12507, "2020": 12859, "2021": 13873, "2022": 14614, "2023": 16742}, "renta": {"2015": 14350, "2016": 15750, "2017": 16450, "2018": 16450, "2019": 17150, "2020": 17150, "2021": 18550, "2022": 19950, "2023": 21350}, "vft": {"n_vfts": 19, "n_plazas": 87, "viviendas_total": 696, "ratio_vft_pct": 2.73, "serie": {"2015": 0, "2016": 0, "2017": 1, "2018": 3, "2019": 7, "2020": 9, "2021": 10, "2022": 10, "2023": 12, "2024": 16, "2025": 18}}}, "geometry": {"type": "Polygon", "coordinates": [[[-3.5780761, 37.163471], [-3.5788658000000004, 37.1636467], [-3.5824182000000007, 37.1648176], [-3.584477099999999, 37.16534529999999], [-3.5870702, 37.1657554], [-3.5875582999999995, 37.1658671], [-3.587899, 37.16600390000001], [-3.5883147, 37.1662484], [-3.5892499000000004, 37.16710590000001], [-3.5894469, 37.16723679999999], [-3.5895496000000002, 37.1671343], [-3.5899338000000003, 37.16677610000001], [-3.5900982, 37.1665046], [-3.5875366, 37.16350030000001], [-3.5873090999999997, 37.1632177], [-3.5870774, 37.1633135], [-3.5869372000000004, 37.163423300000005], [-3.5869323999999994, 37.1634849], [-3.5865651, 37.1637449], [-3.5843756000000004, 37.1622697], [-3.584194400000001, 37.1622986], [-3.5839503, 37.1621156], [-3.5838778, 37.1619076], [-3.5839576000000006, 37.1617959], [-3.5823988, 37.16097549999999], [-3.5824182000000007, 37.16111029999999], [-3.5832350000000006, 37.1618306], [-3.5834646, 37.16208670000002], [-3.5834694, 37.1623005], [-3.5831432, 37.16257589999999], [-3.583003, 37.16286089999999], [-3.5805912, 37.16331929999999], [-3.5782518999999997, 37.1629688], [-3.5780761, 37.163471]]]}}, {"type": "Feature", "properties": {"id": "cervantes", "name": "Cervantes", "n_secciones": 11, "poblaciones": {"2015": 13185, "2016": 12937, "2017": 12890, "2018": 12710, "2019": 12746, "2020": 12498, "2021": 12688, "2022": 12594, "2023": 12454, "2024": 12381, "2025": 12374}, "superficie_verde_m2": 60017, "superficie_verde_desglose": {"parques": 44095, "jardines": 15500, "arbolado": 422}, "no2_serie": {"2015": 35.9, "2016": 36.0, "2017": 36.7, "2018": 33.7, "2020": 24.1, "2021": 20.0, "2022": 20.1, "2023": 20.9, "2024": 17.6}, "estacion_principal": "Granada Palacio de Congresos", "centroide": [-3.590018, 37.162597], "equipamientos": {"sanidad": {"n_dentro_total": 13}, "educacion": {"n_dentro_total": 9}, "agua": {"n_dentro_total": 10}, "reciclaje": {"n_dentro_total": 6}, "aparcabicis": {"n_dentro_total": 10}, "patrimonio": {"n_dentro_total": 0}}, "renta_med_uc": {"2015": 17804, "2016": 18114, "2017": 18757, "2018": 19218, "2019": 20569, "2020": 20246, "2021": 21463, "2022": 22777, "2023": 24049}, "renta_hogar": {"2015": 33494, "2016": 34030, "2017": 34569, "2018": 35621, "2019": 36788, "2020": 36873, "2021": 37937, "2022": 39924, "2023": 42246}, "renta_persona": {"2015": 12695, "2016": 13179, "2017": 13473, "2018": 14089, "2019": 14727, "2020": 14978, "2021": 15563, "2022": 16702, "2023": 17862}, "renta": {"2015": 17804, "2016": 18114, "2017": 18757, "2018": 19218, "2019": 20569, "2020": 20246, "2021": 21463, "2022": 22777, "2023": 24049}, "vft": {"n_vfts": 46, "n_plazas": 269, "viviendas_total": 6342, "ratio_vft_pct": 0.73, "serie": {"2015": 0, "2016": 2, "2017": 9, "2018": 16, "2019": 21, "2020": 22, "2021": 22, "2022": 29, "2023": 32, "2024": 44, "2025": 46}}}, "geometry": {"type": "Polygon", "coordinates": [[[-3.5873090999999997, 37.1632177], [-3.5875366, 37.16350030000001], [-3.5900982, 37.1665046], [-3.5899338000000003, 37.16677610000001], [-3.5895496000000002, 37.1671343], [-3.5917245000000007, 37.16851410000001], [-3.5922659, 37.1687326], [-3.5929425000000004, 37.168917500000006], [-3.5934185999999997, 37.1689502], [-3.593839099999999, 37.1689156], [-3.5941919, 37.1688482], [-3.5959222, 37.16799890000001], [-3.5963388, 37.1677384], [-3.5963602000000003, 37.1676321], [-3.5963936999999992, 37.1675428], [-3.5964514000000003, 37.167457799999994], [-3.5965385000000003, 37.1673756], [-3.5966375999999998, 37.1673104], [-3.5967859, 37.167237500000006], [-3.5978682, 37.1667517], [-3.5985022999999994, 37.166282], [-3.5983262, 37.16623419999999], [-3.5980897000000005, 37.1660872], [-3.5967418000000007, 37.16443259999999], [-3.5966755999999998, 37.163893699999996], [-3.5940696, 37.1651638], [-3.593223, 37.1641575], [-3.592532499999999, 37.1625632], [-3.5926033999999993, 37.1620619], [-3.5929534, 37.160241400000004], [-3.5930291, 37.160184799999996], [-3.5931946, 37.15932920000001], [-3.591630299999999, 37.159922], [-3.5907168, 37.1598835], [-3.5898758, 37.16019549999999], [-3.5893587, 37.16032259999999], [-3.5890784000000004, 37.1597294], [-3.5880875, 37.158285], [-3.5871934, 37.1572912], [-3.5860141000000003, 37.1560162], [-3.5859271000000006, 37.1557196], [-3.5853181000000003, 37.15513789999999], [-3.5847140000000004, 37.155503799999984], [-3.5838536, 37.1558736], [-3.5828483, 37.1561934], [-3.5809005, 37.15670570000001], [-3.5793781, 37.1570023], [-3.5808860000000005, 37.15773799999999], [-3.5812389, 37.1577226], [-3.5812775000000006, 37.1576764], [-3.5814322000000005, 37.1576571], [-3.5815771999999995, 37.1576725], [-3.5824423000000003, 37.15796139999999], [-3.5830997000000004, 37.158123200000006], [-3.5837086000000005, 37.158415999999995], [-3.5845593000000004, 37.15887049999999], [-3.5861881, 37.16007609999999], [-3.5864878000000004, 37.16041509999998], [-3.5867874, 37.161270200000004], [-3.5868406, 37.1617247], [-3.5872079, 37.163092], [-3.5873090999999997, 37.1632177]]]}}, {"type": "Feature", "properties": {"id": "castano-mirasierra", "name": "Castaño - Mirasierra", "n_secciones": 4, "poblaciones": {"2015": 7743, "2016": 7707, "2017": 7768, "2018": 7773, "2019": 7882, "2020": 7706, "2021": 7832, "2022": 7776, "2023": 7700, "2024": 7626, "2025": 7619}, "superficie_verde_m2": 96226, "superficie_verde_desglose": {"parques": 70197, "jardines": 19819, "arbolado": 6210}, "no2_serie": {"2015": 35.9, "2016": 36.0, "2017": 36.7, "2018": 33.7, "2020": 24.1, "2021": 20.0, "2022": 20.1, "2023": 20.9, "2024": 17.6}, "estacion_principal": "Granada Palacio de Congresos", "centroide": [-3.586345, 37.150301], "equipamientos": {"sanidad": {"n_dentro_total": 5}, "educacion": {"n_dentro_total": 6}, "agua": {"n_dentro_total": 9}, "reciclaje": {"n_dentro_total": 81}, "aparcabicis": {"n_dentro_total": 5}, "patrimonio": {"n_dentro_total": 0}}, "renta_med_uc": {"2015": 17712, "2016": 18480, "2017": 19425, "2018": 19941, "2019": 20510, "2020": 20934, "2021": 22475, "2022": 23914, "2023": 25573}, "renta_hogar": {"2015": 34655, "2016": 35799, "2017": 36932, "2018": 37924, "2019": 39596, "2020": 39866, "2021": 42016, "2022": 44904, "2023": 46770}, "renta_persona": {"2015": 12855, "2016": 13241, "2017": 13737, "2018": 14269, "2019": 15037, "2020": 15236, "2021": 16183, "2022": 17456, "2023": 18547}, "renta": {"2015": 17712, "2016": 18480, "2017": 19425, "2018": 19941, "2019": 20510, "2020": 20934, "2021": 22475, "2022": 23914, "2023": 25573}, "vft": {"n_vfts": 20, "n_plazas": 116, "viviendas_total": 3627, "ratio_vft_pct": 0.55, "serie": {"2015": 0, "2016": 1, "2017": 2, "2018": 2, "2019": 3, "2020": 3, "2021": 4, "2022": 5, "2023": 8, "2024": 20, "2025": 20}}}, "geometry": {"type": "Polygon", "coordinates": [[[-3.5793781, 37.1570023], [-3.5809005, 37.15670570000001], [-3.5828483, 37.1561934], [-3.5838536, 37.1558736], [-3.5847140000000004, 37.155503799999984], [-3.5853181000000003, 37.15513789999999], [-3.5859271000000006, 37.1557196], [-3.5860141000000003, 37.1560162], [-3.5871934, 37.1572912], [-3.5880875, 37.158285], [-3.5890784000000004, 37.1597294], [-3.5893587, 37.16032259999999], [-3.5898758, 37.16019549999999], [-3.5907168, 37.1598835], [-3.591630299999999, 37.159922], [-3.5931946, 37.15932920000001], [-3.5928446000000003, 37.158831599999985], [-3.5954459, 37.1578328], [-3.595398599999999, 37.157369100000004], [-3.5941168999999995, 37.1554505], [-3.5933885, 37.154428899999985], [-3.5923102, 37.153234], [-3.5926129000000007, 37.15061779999999], [-3.5926933000000005, 37.15032], [-3.59275, 37.1500712], [-3.5926885000000004, 37.149890299999996], [-3.5920217, 37.149404], [-3.5917615000000005, 37.149147599999985], [-3.5916148999999997, 37.1488385], [-3.5915770999999994, 37.1485671], [-3.5917852, 37.1475002], [-3.5917946, 37.1470855], [-3.5912838, 37.145332499999995], [-3.591142, 37.144767], [-3.5911372, 37.1442882], [-3.5912649, 37.143639799999995], [-3.5912744000000005, 37.1434249], [-3.5912033999999995, 37.1432401], [-3.5909102, 37.14283669999998], [-3.5907777999999997, 37.142603], [-3.5906974000000003, 37.1422561], [-3.5904845000000005, 37.1413551], [-3.5901959999999997, 37.140427599999995], [-3.590066, 37.140092], [-3.5896758, 37.1394548], [-3.5895456, 37.13910229999999], [-3.5889960999999997, 37.1393641], [-3.5860963999999997, 37.14004549999999], [-3.5855337, 37.1400844], [-3.5847335000000005, 37.1399801], [-3.5841031, 37.1399922], [-3.5834629000000002, 37.1402117], [-3.5823071000000004, 37.140713199999986], [-3.5813291, 37.140925300000006], [-3.5789411999999996, 37.1408108], [-3.5792844999999995, 37.140456799999995], [-3.5785825, 37.1410289], [-3.5796898, 37.1415373], [-3.5809217000000007, 37.142126199999986], [-3.5821685000000003, 37.143201700000006], [-3.5854851000000005, 37.145466], [-3.586697, 37.1463704], [-3.5859899000000004, 37.1466804], [-3.5845976000000013, 37.14720109999999], [-3.5836082, 37.1473952], [-3.5831771999999997, 37.1474045], [-3.5830678, 37.14740689999999], [-3.5828755, 37.147299699999984], [-3.5824317, 37.1466889], [-3.5791207, 37.148120299999995], [-3.5791138000000005, 37.1486972], [-3.5792092, 37.1493909], [-3.5797369000000003, 37.15025649999999], [-3.5793602, 37.1504365], [-3.5793782999999997, 37.1506482], [-3.5810719000000004, 37.152081299999985], [-3.5793032, 37.152716399999996], [-3.578133, 37.1533879], [-3.5779454, 37.15346529999999], [-3.5778102, 37.1534033], [-3.5773581, 37.15299339999999], [-3.5771970999999994, 37.1529916], [-3.5762879, 37.1536911], [-3.5734428999999994, 37.1542038], [-3.5793781, 37.1570023]]]}}, {"type": "Feature", "properties": {"id": "centro-sagrario", "name": "Centro - Sagrario", "n_secciones": 11, "poblaciones": {"2015": 12337, "2016": 12253, "2017": 12322, "2018": 12326, "2019": 12354, "2020": 12443, "2021": 12674, "2022": 12519, "2023": 12723, "2024": 12818, "2025": 12946}, "superficie_verde_m2": 20183, "superficie_verde_desglose": {"parques": 8415, "jardines": 11768, "arbolado": 0}, "no2_serie": {"2015": 37.2, "2016": 36.9, "2017": 38.2, "2018": 35.0, "2019": 42.7, "2020": 24.9, "2021": 21.3, "2022": 21.6, "2023": 22.1, "2024": 19.0}, "estacion_principal": "Granada Palacio de Congresos", "centroide": [-3.602504, 37.177953], "equipamientos": {"sanidad": {"n_dentro_total": 28}, "educacion": {"n_dentro_total": 20}, "agua": {"n_dentro_total": 20}, "reciclaje": {"n_dentro_total": 32}, "aparcabicis": {"n_dentro_total": 15}, "patrimonio": {"n_dentro_total": 13}}, "renta_med_uc": {"2015": 18957, "2016": 19491, "2017": 19735, "2018": 20531, "2019": 21507, "2020": 20989, "2021": 22590, "2022": 23404, "2023": 24744}, "renta_hogar": {"2015": 35466, "2016": 35792, "2017": 36329, "2018": 37429, "2019": 37999, "2020": 37228, "2021": 38689, "2022": 40682, "2023": 44064}, "renta_persona": {"2015": 14791, "2016": 15108, "2017": 15435, "2018": 16109, "2019": 16517, "2020": 16255, "2021": 17217, "2022": 18391, "2023": 20015}, "renta": {"2015": 18957, "2016": 19491, "2017": 19735, "2018": 20531, "2019": 21507, "2020": 20989, "2021": 22590, "2022": 23404, "2023": 24744}, "vft": {"n_vfts": 909, "n_plazas": 4426, "viviendas_total": 10504, "ratio_vft_pct": 8.65, "serie": {"2015": 0, "2016": 39, "2017": 132, "2018": 240, "2019": 334, "2020": 359, "2021": 401, "2022": 481, "2023": 633, "2024": 883, "2025": 903}}}, "geometry": {"type": "Polygon", "coordinates": [[[-3.5964117000000004, 37.17649679999999], [-3.5964367, 37.17652940000001], [-3.5964515000000006, 37.176548499999996], [-3.5965860999999997, 37.17672249999999], [-3.5967493, 37.176932400000005], [-3.5967634, 37.1769489], [-3.5968343, 37.177037000000006], [-3.596881, 37.177083499999995], [-3.5970126, 37.177204999999994], [-3.5971938000000003, 37.1773406], [-3.5972523999999995, 37.17738239999999], [-3.597470199999999, 37.17753499999999], [-3.5975947, 37.1776582], [-3.5975998000000002, 37.1776626], [-3.5976133000000003, 37.1776744], [-3.5976454000000007, 37.177705399999994], [-3.5976637999999994, 37.1777342], [-3.597801000000001, 37.1780336], [-3.5978105000000005, 37.17805439999999], [-3.5978615, 37.178165899999996], [-3.5979062, 37.178241699999994], [-3.5979548000000006, 37.17830849999999], [-3.5979981000000003, 37.1783606], [-3.5981206000000006, 37.17847019999999], [-3.5981280000000004, 37.17847660000001], [-3.598243, 37.17859369999999], [-3.5982961, 37.1786549], [-3.5984071, 37.1787747], [-3.5985138, 37.17889770000001], [-3.5985534999999995, 37.1789831], [-3.598658, 37.1792138], [-3.5986768, 37.17925529999999], [-3.5987828, 37.179489999999994], [-3.5989053, 37.17977059999999], [-3.5989158000000003, 37.179794599999994], [-3.5989433, 37.1798753], [-3.5989922000000005, 37.1800447], [-3.5990050000000013, 37.1800867], [-3.5990515, 37.1802689], [-3.5990671, 37.180392100000006], [-3.5990584, 37.18053239999999], [-3.5990263, 37.180794399999996], [-3.5990197000000004, 37.18092299999999], [-3.5990288, 37.1810114], [-3.5990506999999994, 37.181181200000005], [-3.5990716, 37.181283399999984], [-3.5991194000000006, 37.1814948], [-3.5992228, 37.18178979999999], [-3.5992356999999995, 37.1818093], [-3.5993352, 37.181920700000006], [-3.5993467000000003, 37.1819488], [-3.5993507999999994, 37.18197190000001], [-3.5993738, 37.1821106], [-3.5993850000000003, 37.18212870000001], [-3.59941, 37.1821407], [-3.5995733, 37.18214509999999], [-3.5995862999999995, 37.18214600000002], [-3.5995996, 37.182147], [-3.5996119000000006, 37.1821482], [-3.6001254, 37.1822467], [-3.6001520999999994, 37.18225189999999], [-3.6002717999999994, 37.18227769999999], [-3.6003019, 37.18228419999999], [-3.6006272, 37.1823541], [-3.6009187999999996, 37.182416800000006], [-3.6010908, 37.1824538], [-3.6012051, 37.18247840000001], [-3.6012408, 37.1825079], [-3.6018898000000004, 37.18284849999999], [-3.6045829, 37.1842567], [-3.6047543000000006, 37.1838924], [-3.6052182, 37.18302570000001], [-3.6053415, 37.1828157], [-3.6054284000000005, 37.1826525], [-3.6054417, 37.1826275], [-3.6054548, 37.1826028], [-3.6058749, 37.1818104], [-3.6058914999999994, 37.18177949999998], [-3.605916599999999, 37.181734600000006], [-3.6060368, 37.1815085], [-3.6060596, 37.181465799999984], [-3.6061619, 37.18127390000001], [-3.6061801, 37.181239899999994], [-3.6062016, 37.18119999999999], [-3.6063737, 37.18086829999999], [-3.6064722999999996, 37.180741499999996], [-3.6066622, 37.180562699999996], [-3.6067920999999994, 37.180449899999985], [-3.607110799999999, 37.18018790000001], [-3.6072427999999994, 37.1800794], [-3.6073723, 37.1799671], [-3.6074947, 37.179865299999996], [-3.6075255999999998, 37.179840600000006], [-3.6075646, 37.1798091], [-3.6080033, 37.179456300000005], [-3.6084688000000007, 37.17908200000001], [-3.6084981, 37.17905850000001], [-3.6085265000000004, 37.179035600000006], [-3.6086347, 37.178948600000005], [-3.6086461, 37.17893939999999], [-3.608518, 37.1788522], [-3.6084431999999995, 37.17880130000001], [-3.6077746, 37.17835669999999], [-3.6077538000000002, 37.1783427], [-3.6076816, 37.17829459999999], [-3.6074437, 37.1781365], [-3.6070219999999997, 37.177856], [-3.6069865999999995, 37.17783229999999], [-3.6069176000000005, 37.1777865], [-3.6063051000000006, 37.17737119999999], [-3.6060459000000002, 37.1771935], [-3.6060151000000005, 37.1771735], [-3.6058591, 37.1770922], [-3.6057779000000005, 37.17705300000001], [-3.6057451999999994, 37.1770386], [-3.6053363, 37.1767416], [-3.605182, 37.176632399999995], [-3.6051361000000006, 37.176599599999996], [-3.6049718, 37.1764847], [-3.604705299999999, 37.17630599999998], [-3.6046005, 37.1762345], [-3.6046175, 37.176223900000004], [-3.6046648000000006, 37.176194200000005], [-3.6053105, 37.1757894], [-3.6053775000000003, 37.175747400000006], [-3.6054363, 37.1757106], [-3.6054512, 37.1757012], [-3.6054949, 37.1756738], [-3.6055569999999997, 37.17563489999999], [-3.605868000000001, 37.17544], [-3.6062163, 37.17522159999999], [-3.6062926000000006, 37.1751738], [-3.6063187, 37.1751577], [-3.6064686, 37.1750644], [-3.6064961, 37.1750471], [-3.6065365, 37.17502879999999], [-3.606577, 37.17501049999999], [-3.6065602, 37.1749808], [-3.6065217000000005, 37.17491809999999], [-3.6061865, 37.17437220000001], [-3.6061498000000007, 37.1743127], [-3.6060723000000006, 37.1741864], [-3.6059747000000004, 37.1740174], [-3.605800699999999, 37.173733399999996], [-3.6057334, 37.1736236], [-3.605700199999999, 37.1736039], [-3.6052403, 37.17351349999999], [-3.6050617999999996, 37.1734586], [-3.6047779000000006, 37.1733203], [-3.604527, 37.173189099999995], [-3.6044460000000003, 37.17313119999999], [-3.6044206000000005, 37.173107400000006], [-3.6043723, 37.17305290000001], [-3.6041587, 37.1728163], [-3.604081700000001, 37.1728366], [-3.6040213999999997, 37.1728172], [-3.6035969, 37.17264579999999], [-3.6032486000000006, 37.1724942], [-3.6031232000000006, 37.17241200000001], [-3.6029898, 37.17230970000001], [-3.602792, 37.17213579999999], [-3.6026307000000006, 37.1719844], [-3.6026201, 37.17197439999999], [-3.6026100000000003, 37.17196319999999], [-3.6025794, 37.1719292], [-3.6025111, 37.171966899999994], [-3.6024801, 37.171984], [-3.6024488, 37.172001200000004], [-3.6017852999999995, 37.17235920000001], [-3.6016984999999995, 37.1724056], [-3.6006505, 37.1729729], [-3.6005679000000006, 37.1730206], [-3.6005244000000003, 37.1730457], [-3.6004746999999995, 37.1730744], [-3.6003658, 37.1731373], [-3.6002652, 37.17319529999999], [-3.6001243, 37.173288699999986], [-3.5999596, 37.173397300000005], [-3.5999199, 37.1734185], [-3.5998743000000006, 37.1734314], [-3.5998468, 37.173437], [-3.5998073000000006, 37.1734394], [-3.5997619999999992, 37.17344129999999], [-3.5996724, 37.173444499999995], [-3.5995193000000003, 37.173603199999995], [-3.5994815, 37.1736487], [-3.5994732000000003, 37.1736589], [-3.5994397, 37.173705299999995], [-3.5992029, 37.17404119999999], [-3.5991878, 37.17406489999999], [-3.5991722999999998, 37.1740885], [-3.5990239000000006, 37.174313299999994], [-3.5990083000000004, 37.17433619999999], [-3.5989927, 37.17435929999999], [-3.5989764, 37.17438340000001], [-3.598452799999999, 37.175152099999984], [-3.5984387, 37.17517039999999], [-3.5984166, 37.175194399999995], [-3.598112, 37.17546859999999], [-3.5980821999999995, 37.1754903], [-3.5980569999999994, 37.17550479999999], [-3.5977972999999994, 37.1756544], [-3.597535200000001, 37.1758055], [-3.5974507, 37.17585410000001], [-3.5973563000000004, 37.1759085], [-3.5973261000000005, 37.1759259], [-3.5963981, 37.17648049999998], [-3.5964117000000004, 37.17649679999999]]]}}, {"type": "Feature", "properties": {"id": "san-matias-realejo", "name": "San Matías - Realejo", "n_secciones": 9, "poblaciones": {"2015": 8361, "2016": 8834, "2017": 8822, "2018": 8729, "2019": 8771, "2020": 8769, "2021": 8989, "2022": 8884, "2023": 9654, "2024": 9635, "2025": 9681}, "superficie_verde_m2": 880791, "superficie_verde_desglose": {"parques": 33238, "jardines": 107040, "arbolado": 740513}, "no2_serie": {"2015": 35.9, "2016": 36.0, "2017": 36.7, "2018": 33.7, "2020": 24.1, "2021": 20.0, "2022": 20.1, "2023": 20.9, "2024": 17.6}, "estacion_principal": "Granada Palacio de Congresos", "centroide": [-3.573251, 37.174881], "equipamientos": {"sanidad": {"n_dentro_total": 12}, "educacion": {"n_dentro_total": 13}, "agua": {"n_dentro_total": 119}, "reciclaje": {"n_dentro_total": 30}, "aparcabicis": {"n_dentro_total": 17}, "patrimonio": {"n_dentro_total": 57}}, "renta_med_uc": {"2015": 17155, "2016": 17083, "2017": 17657, "2018": 18327, "2019": 19031, "2020": 19134, "2021": 19944, "2022": 21081, "2023": 22401}, "renta_hogar": {"2015": 32053, "2016": 32803, "2017": 33130, "2018": 33699, "2019": 36548, "2020": 34504, "2021": 36796, "2022": 37953, "2023": 41734}, "renta_persona": {"2015": 14075, "2016": 14155, "2017": 14510, "2018": 15028, "2019": 16453, "2020": 15666, "2021": 16998, "2022": 17801, "2023": 19748}, "renta": {"2015": 17155, "2016": 17083, "2017": 17657, "2018": 18327, "2019": 19031, "2020": 19134, "2021": 19944, "2022": 21081, "2023": 22401}, "vft": {"n_vfts": 911, "n_plazas": 4420, "viviendas_total": 6619, "ratio_vft_pct": 13.76, "serie": {"2015": 0, "2016": 63, "2017": 157, "2018": 269, "2019": 380, "2020": 420, "2021": 473, "2022": 558, "2023": 659, "2024": 883, "2025": 909}}}, "geometry": {"type": "Polygon", "coordinates": [[[-3.5411827, 37.1774392], [-3.5414294999999996, 37.1775418], [-3.5416869999999996, 37.17741349999999], [-3.5419659, 37.17738789999999], [-3.5421483, 37.17741349999999], [-3.542277, 37.1774905], [-3.5423414000000006, 37.1776614], [-3.5423628999999996, 37.1778752], [-3.5424916, 37.178106], [-3.5427168999999994, 37.1780547], [-3.5428886, 37.17798629999999], [-3.5431782999999997, 37.177960600000006], [-3.5437146999999998, 37.1779863], [-3.5440365999999996, 37.17802049999999], [-3.5445086, 37.17793499999999], [-3.5448520000000006, 37.17782390000002], [-3.5449914, 37.1777555], [-3.5451293, 37.17772339999999], [-3.5454511999999996, 37.177808899999995], [-3.5456336, 37.17795419999998], [-3.5459232000000003, 37.1781679], [-3.5461593, 37.17842439999999], [-3.5463631, 37.17864660000001], [-3.5464884000000003, 37.1786534], [-3.5469985, 37.17876580000001], [-3.5473186, 37.1785712], [-3.5478611000000004, 37.1778104], [-3.5484634, 37.1775337], [-3.5491605, 37.17766979999998], [-3.5497154, 37.1777066], [-3.5498225000000003, 37.1777624], [-3.5503742000000003, 37.1780686], [-3.5508406000000003, 37.1781522], [-3.5514818, 37.1782358], [-3.5522584, 37.1783658], [-3.5528367, 37.17832870000001], [-3.5532257, 37.1783796], [-3.5535332000000004, 37.17846420000001], [-3.5538454000000006, 37.1787094], [-3.5540254000000004, 37.178926899999986], [-3.5543105, 37.179329599999996], [-3.5545619, 37.179494699999985], [-3.5547972, 37.179574800000005], [-3.5551329, 37.17964099999999], [-3.5557013, 37.1797201], [-3.5563811000000003, 37.179837299999996], [-3.5571337, 37.1800496], [-3.5576122, 37.1801006], [-3.5580918000000006, 37.180001], [-3.5586551, 37.17992889999999], [-3.5587333, 37.1799239], [-3.5591028, 37.1799003], [-3.5592401000000002, 37.18000500000001], [-3.5593118000000006, 37.1803094], [-3.5594789, 37.18046149999999], [-3.5601177, 37.1805519], [-3.5605713, 37.1806756], [-3.5608638999999997, 37.180832499999994], [-3.5611922, 37.180756400000014], [-3.5615623, 37.18044249999999], [-3.5618727, 37.18024750000001], [-3.56241, 37.18036169999999], [-3.5629174, 37.1805519], [-3.5631562, 37.1806375], [-3.5635263, 37.1807517], [-3.5636993999999995, 37.18091809999999], [-3.5639322, 37.1809467], [-3.5642067999999996, 37.18087059999999], [-3.5645113, 37.18078500000001], [-3.5646486, 37.1807422], [-3.5648456000000004, 37.180770700000004], [-3.5653172, 37.18083729999999], [-3.5657231, 37.18078970000001], [-3.5660902, 37.18063609999999], [-3.5664050000000005, 37.180787099999996], [-3.566891, 37.1809454], [-3.5673096999999996, 37.18102819999999], [-3.5677161999999996, 37.180999], [-3.5679301999999997, 37.1808821], [-3.5680891, 37.1806556], [-3.5681715999999994, 37.18050950000001], [-3.5681747, 37.18034629999999], [-3.5685323, 37.18021], [-3.5687737, 37.1802002], [-3.5690250000000003, 37.1803135], [-3.569316, 37.18062259999999], [-3.5696887, 37.1808604], [-3.5705744, 37.1810675], [-3.5712194, 37.1812285], [-3.5717873999999994, 37.1812976], [-3.5723649999999996, 37.1815047], [-3.5728271, 37.181420300000006], [-3.5731930000000003, 37.18124389999999], [-3.5738572, 37.1809984], [-3.574252, 37.18089870000001], [-3.5747526000000005, 37.1808987], [-3.5748893999999996, 37.1808386], [-3.5752243, 37.1806916], [-3.5757056000000005, 37.1806379], [-3.5760811, 37.1808067], [-3.5765913, 37.1808374], [-3.5769764, 37.1807376], [-3.5774481, 37.1806303], [-3.5778910000000006, 37.18066090000001], [-3.5784782, 37.18067630000001], [-3.578873, 37.18077600000001], [-3.579413, 37.1808114], [-3.5796912999999995, 37.18082969999999], [-3.5801052, 37.18094469999998], [-3.5804821000000002, 37.18093309999999], [-3.5806869, 37.1808471], [-3.5809859000000004, 37.1806749], [-3.5811696, 37.180651899999994], [-3.581463499999999, 37.18073040000001], [-3.5817753000000003, 37.180784599999996], [-3.582007000000001, 37.1807689], [-3.582195899999999, 37.180737], [-3.5823919, 37.18070779999999], [-3.5827679, 37.1807497], [-3.5829588000000006, 37.18075559999998], [-3.5830729, 37.1807323], [-3.5832799, 37.180594299999996], [-3.5835023, 37.18051609999999], [-3.5837415000000004, 37.18053820000001], [-3.5839128, 37.18058690000001], [-3.5841399, 37.180713], [-3.5843435, 37.18087090000001], [-3.5846938999999995, 37.18102739999999], [-3.5850760000000004, 37.18101049999999], [-3.5853783, 37.180819699999994], [-3.5856158000000002, 37.180486900000005], [-3.5860791000000005, 37.18016499999999], [-3.5862678000000003, 37.179612199999994], [-3.5866621999999997, 37.17937619999999], [-3.5869549, 37.17929089999999], [-3.5874132000000003, 37.17932149999999], [-3.5877551, 37.1793111], [-3.58796, 37.17927949999999], [-3.5881643000000003, 37.17922819999999], [-3.5882695, 37.17918229999999], [-3.588335, 37.1791535], [-3.5885617000000005, 37.1790298], [-3.5887456, 37.178951100000006], [-3.588997499999999, 37.17879690000001], [-3.5892422, 37.1786907], [-3.5894953, 37.1786088], [-3.5897243, 37.1785625], [-3.5899480000000006, 37.178546100000005], [-3.5901954, 37.17854129999999], [-3.5904228, 37.17855589999999], [-3.5905321999999993, 37.17854979999999], [-3.5906729000000004, 37.17852830000001], [-3.5908539999999998, 37.17845369999999], [-3.5911033, 37.178351], [-3.5913125, 37.178315300000015], [-3.5916750000000004, 37.17833879999999], [-3.5918414000000007, 37.1784189], [-3.5921045999999994, 37.1784856], [-3.5925381999999995, 37.17841159999999], [-3.5929318000000015, 37.17819730000001], [-3.5931013999999997, 37.17812059999999], [-3.5932080000000006, 37.178071], [-3.5935049, 37.1779769], [-3.5937332, 37.17795240000001], [-3.5941345, 37.177837800000006], [-3.5944912, 37.177651299999994], [-3.5949065, 37.17736629999999], [-3.5950622000000005, 37.177231], [-3.5951025000000003, 37.1771924], [-3.5952454, 37.17711169999999], [-3.5955373, 37.17695799999999], [-3.5957421, 37.1768311], [-3.5963981, 37.17648049999998], [-3.5973261000000005, 37.1759259], [-3.5973563000000004, 37.1759085], [-3.5974507, 37.17585410000001], [-3.597535200000001, 37.1758055], [-3.5977972999999994, 37.1756544], [-3.5980569999999994, 37.17550479999999], [-3.5980821999999995, 37.1754903], [-3.598112, 37.17546859999999], [-3.5984166, 37.175194399999995], [-3.5984387, 37.17517039999999], [-3.598452799999999, 37.175152099999984], [-3.5989764, 37.17438340000001], [-3.5989927, 37.17435929999999], [-3.5990083000000004, 37.17433619999999], [-3.5990239000000006, 37.174313299999994], [-3.5991722999999998, 37.1740885], [-3.5991878, 37.17406489999999], [-3.5992029, 37.17404119999999], [-3.5994397, 37.173705299999995], [-3.5994732000000003, 37.1736589], [-3.5994815, 37.1736487], [-3.5995193000000003, 37.173603199999995], [-3.5996724, 37.173444499999995], [-3.5996774000000005, 37.1733702], [-3.5996519000000005, 37.1732895], [-3.5993717, 37.172665800000004], [-3.5987237000000003, 37.1714848], [-3.5986159, 37.17128480000001], [-3.5985256999999997, 37.1711353], [-3.5979278000000003, 37.1702379], [-3.5973813, 37.1695983], [-3.5970213000000006, 37.169195], [-3.5968389000000003, 37.1689807], [-3.5967134999999995, 37.168805799999994], [-3.5965814, 37.1686163], [-3.5965129999999994, 37.168511099999996], [-3.5964556, 37.1683864], [-3.5963595, 37.167932900000004], [-3.5963388, 37.1677384], [-3.5959222, 37.16799890000001], [-3.5941919, 37.1688482], [-3.593839099999999, 37.1689156], [-3.5934185999999997, 37.1689502], [-3.5929425000000004, 37.168917500000006], [-3.5922659, 37.1687326], [-3.5917245000000007, 37.16851410000001], [-3.5895496000000002, 37.1671343], [-3.5894469, 37.16723679999999], [-3.5888681000000004, 37.167873799999995], [-3.5880561, 37.1688539], [-3.5876356000000005, 37.1687827], [-3.5875316999999995, 37.16880389999999], [-3.5874640999999996, 37.1688828], [-3.5872127000000003, 37.168807699999995], [-3.5863428, 37.168430300000004], [-3.5861301, 37.1682839], [-3.584842, 37.167244], [-3.5845955000000003, 37.167078399999994], [-3.5842814, 37.16695709999999], [-3.5833631000000006, 37.166733699999995], [-3.5830199, 37.166585399999995], [-3.5818527, 37.16589990000001], [-3.5815337, 37.166150200000004], [-3.5804945999999997, 37.165926799999994], [-3.5795182, 37.1658151], [-3.5793442, 37.16586910000001], [-3.5791703, 37.1659962], [-3.5790204000000005, 37.166], [-3.5787788, 37.165896], [-3.5786240999999994, 37.1659153], [-3.5783389, 37.166208000000005], [-3.5793297, 37.1665277], [-3.5801466000000004, 37.1669013], [-3.5810164999999996, 37.1674212], [-3.5824472, 37.16838020000001], [-3.5830319999999993, 37.1686575], [-3.5836361, 37.16883849999999], [-3.5840566000000003, 37.16894640000001], [-3.5843370000000006, 37.1691043], [-3.5846028, 37.16937389999999], [-3.5847671, 37.1696396], [-3.5847575, 37.1698476], [-3.5846462999999993, 37.17003249999999], [-3.5844674999999997, 37.1701172], [-3.584221, 37.1701172], [-3.5839793, 37.17002860000001], [-3.5828772999999994, 37.169412399999985], [-3.5826453, 37.1693816], [-3.5823263000000005, 37.169397], [-3.5820749999999997, 37.169508699999994], [-3.5818479, 37.16970510000001], [-3.5817318999999994, 37.1695973], [-3.5817608999999995, 37.1694663], [-3.5819784, 37.169216], [-3.5819300000000003, 37.1691428], [-3.5807217, 37.16857670000001], [-3.5793152000000004, 37.1683302], [-3.5788368, 37.16842259999999], [-3.5773143000000003, 37.1677293], [-3.576425, 37.1683494], [-3.5752795, 37.1676562], [-3.5744917, 37.16814910000001], [-3.5770388, 37.17051], [-3.5768260999999995, 37.1706718], [-3.5755212, 37.169658899999995], [-3.5752505, 37.169547200000004], [-3.5750764999999998, 37.1695665], [-3.5750233000000002, 37.16967809999999], [-3.5751587, 37.1701056], [-3.5751346, 37.1701393], [-3.5751006999999997, 37.1701865], [-3.574946, 37.1702366], [-3.5739214000000006, 37.169924599999995], [-3.5718189, 37.169327700000004], [-3.5712438, 37.1692583], [-3.5710263, 37.16927759999999], [-3.5708619, 37.169400800000005], [-3.5709053999999996, 37.169543299999994], [-3.5713163, 37.1701673], [-3.5720702, 37.17087590000001], [-3.5724472, 37.171091600000004], [-3.5728436000000006, 37.17126100000001], [-3.5731287000000003, 37.171503699999995], [-3.5732254000000006, 37.1716924], [-3.5731866999999995, 37.1720775], [-3.5729353999999995, 37.173232899999995], [-3.572672, 37.17355829999999], [-3.5723312, 37.173987700000005], [-3.5722877, 37.1741456], [-3.5723119, 37.1742919], [-3.5724086, 37.1744421], [-3.5725826, 37.1745345], [-3.5728774, 37.1746154], [-3.5731819, 37.1748619], [-3.5732737, 37.174912], [-3.5734139, 37.174912], [-3.5735491999999995, 37.17487340000001], [-3.5737135000000007, 37.174669300000005], [-3.5738537, 37.174615399999986], [-3.5740422, 37.1746193], [-3.5742645, 37.1746732], [-3.5747334, 37.1749736], [-3.5748397, 37.1750775], [-3.5748445000000006, 37.175177700000006], [-3.5747864999999996, 37.17535480000001], [-3.5748251999999994, 37.175470399999995], [-3.5749073, 37.17557430000001], [-3.5750571999999994, 37.17566289999999], [-3.5752118, 37.175689899999995], [-3.5754341999999997, 37.175636], [-3.5756420000000007, 37.17562440000001], [-3.5758063, 37.1756668], [-3.5759512999999994, 37.17582079999999], [-3.5761495000000005, 37.17619440000001], [-3.5757773, 37.1762945], [-3.5752698000000005, 37.17630989999999], [-3.5748204, 37.17626369999999], [-3.5732447, 37.17598639999999], [-3.5727227, 37.1759787], [-3.5714758, 37.1759825], [-3.5709731, 37.17590940000001], [-3.5708088, 37.1759286], [-3.5706831, 37.175990199999994], [-3.5702288000000006, 37.1765872], [-3.5702288, 37.176760399999985], [-3.5709296, 37.1777925], [-3.5709586, 37.17796189999999], [-3.5708813, 37.1780505], [-3.5707363, 37.1781044], [-3.5705864, 37.17809669999999], [-3.5694989999999995, 37.1776962], [-3.5686967, 37.17747289999999], [-3.5683583, 37.1774459], [-3.5678992000000003, 37.1774883], [-3.5673046999999998, 37.177584599999996], [-3.5669905, 37.1775268], [-3.5666860000000002, 37.1773535], [-3.5661254, 37.1769491], [-3.5657629000000006, 37.1768798], [-3.5652311999999995, 37.1768721], [-3.5645691, 37.176872100000004], [-3.5640036, 37.1766719], [-3.5587789, 37.1745384], [-3.5583728999999997, 37.1744421], [-3.5581506, 37.1744806], [-3.5579765999999995, 37.1745499], [-3.5577736, 37.174750199999984], [-3.5575609, 37.17508909999999], [-3.5566716, 37.174730999999994], [-3.5565459, 37.17422259999999], [-3.5562801, 37.1740416], [-3.5548108, 37.17342930000001], [-3.5539988, 37.173279099999995], [-3.553356, 37.173267499999994], [-3.552109, 37.173001799999994], [-3.5494362999999995, 37.1727515], [-3.5490931, 37.1728824], [-3.5484599999999995, 37.17285540000001], [-3.547706, 37.172944], [-3.5470535, 37.17284], [-3.5467296999999998, 37.172874699999994], [-3.5465797999999995, 37.1729402], [-3.5462367, 37.17325979999999], [-3.546053, 37.17338689999999], [-3.5459225, 37.173340700000004], [-3.5456954, 37.173113499999985], [-3.5446949, 37.17260509999999], [-3.5438296999999994, 37.1724126], [-3.5426601, 37.17217380000001], [-3.5421961, 37.17218919999999], [-3.5418046000000003, 37.1722662], [-3.5411376, 37.17222379999998], [-3.540403, 37.1721353], [-3.5396442, 37.171942699999995], [-3.5393444999999994, 37.1716115], [-3.5391607999999994, 37.171569100000006], [-3.538953, 37.17144199999999], [-3.5386920000000006, 37.171091600000004], [-3.5385521, 37.17091859999999], [-3.5376429000000003, 37.1713734], [-3.5372603, 37.17142020000001], [-3.5370828, 37.1716576], [-3.5366526, 37.1718078], [-3.5364641, 37.1719404], [-3.536346, 37.1719696], [-3.5358675, 37.1721481], [-3.5354561, 37.1721406], [-3.5355314, 37.1724634], [-3.5357638000000002, 37.172653600000004], [-3.5364609999999996, 37.1729989], [-3.5366807999999996, 37.17318409999999], [-3.5370577000000005, 37.1732792], [-3.5373026, 37.1733843], [-3.5373843, 37.1735945], [-3.5372900999999994, 37.1736545], [-3.5368127, 37.1736445], [-3.5366431, 37.1736896], [-3.5365928999999996, 37.1738647], [-3.5366619999999998, 37.173969799999995], [-3.5367939, 37.173989799999994], [-3.5370073999999994, 37.1738998], [-3.5371769999999993, 37.173904799999995], [-3.5372273, 37.17399480000001], [-3.5371770000000002, 37.1740899], [-3.5367625, 37.174215], [-3.5365678000000003, 37.17415], [-3.5361784, 37.1738497], [-3.5360276, 37.17378969999999], [-3.5357889000000005, 37.1738797], [-3.5355220000000003, 37.1741825], [-3.5355533999999995, 37.1742601], [-3.5356319, 37.174295099999995], [-3.5357858, 37.17425510000001], [-3.5359397, 37.1742125], [-3.5360809999999994, 37.1742526], [-3.5364641000000003, 37.1745754], [-3.5366369, 37.174627900000004], [-3.5369164, 37.1746129], [-3.5372587000000006, 37.174658], [-3.5379526999999995, 37.1746905], [-3.5382636, 37.1746104], [-3.5383860999999994, 37.17481810000001], [-3.5384929000000005, 37.17491319999999], [-3.5389671000000003, 37.17503330000001], [-3.5391398, 37.17515339999999], [-3.5394805, 37.1753173], [-3.5396517, 37.175489999999996], [-3.5397333000000004, 37.17573889999999], [-3.5399500000000006, 37.175940399999995], [-3.5402468, 37.17613800000001], [-3.5404588, 37.17619929999999], [-3.5407603, 37.1763845], [-3.5407948, 37.17665219999999], [-3.5406221, 37.17715269999999], [-3.5411827, 37.1774392]]]}}, {"type": "Feature", "properties": {"id": "rosaleda", "name": "Rosaleda", "n_secciones": 4, "poblaciones": {"2015": 5184, "2016": 5175, "2017": 5134, "2018": 5144, "2019": 5156, "2020": 5118, "2021": 5278, "2022": 5255, "2023": 5375, "2024": 5568, "2025": 5635}, "superficie_verde_m2": 204434, "superficie_verde_desglose": {"parques": 169886, "jardines": 24845, "arbolado": 9703}, "no2_serie": {"2015": 47.7, "2016": 44.4, "2017": 51.3, "2018": 46.3, "2019": 42.7, "2020": 33.2, "2021": 32.5, "2022": 35.2, "2023": 32.4, "2024": 31.4}, "estacion_principal": "Granada Norte", "centroide": [-3.655204, 37.184815], "equipamientos": {"sanidad": {"n_dentro_total": 5}, "educacion": {"n_dentro_total": 9}, "agua": {"n_dentro_total": 9}, "reciclaje": {"n_dentro_total": 1}, "aparcabicis": {"n_dentro_total": 10}, "patrimonio": {"n_dentro_total": 1}}, "renta_med_uc": {"2015": 18206, "2016": 18578, "2017": 18558, "2018": 19090, "2019": 20002, "2020": 20364, "2021": 21319, "2022": 22183, "2023": 23901}, "renta_hogar": {"2015": 32340, "2016": 32946, "2017": 33388, "2018": 34176, "2019": 34832, "2020": 36150, "2021": 39726, "2022": 39515, "2023": 41813}, "renta_persona": {"2015": 13277, "2016": 13609, "2017": 13798, "2018": 14279, "2019": 14719, "2020": 15282, "2021": 17048, "2022": 17256, "2023": 18223}, "renta": {"2015": 18206, "2016": 18578, "2017": 18558, "2018": 19090, "2019": 20002, "2020": 20364, "2021": 21319, "2022": 22183, "2023": 23901}, "vft": {"n_vfts": 10, "n_plazas": 66, "viviendas_total": 3417, "ratio_vft_pct": 0.29, "serie": {"2015": 0, "2016": 0, "2017": 0, "2018": 1, "2019": 1, "2020": 2, "2021": 2, "2022": 5, "2023": 5, "2024": 10, "2025": 10}}}, "geometry": {"type": "Polygon", "coordinates": [[[-3.6987441000000003, 37.1880829], [-3.6974759, 37.18788409999999], [-3.6963826, 37.18783640000001], [-3.6958428000000003, 37.187720399999996], [-3.6953331999999994, 37.18766229999999], [-3.6949314, 37.1868444], [-3.6931725, 37.1867015], [-3.6914243000000004, 37.186656], [-3.6892666000000003, 37.186042000000015], [-3.6891640999999997, 37.1860128], [-3.6886949000000007, 37.186168699999996], [-3.688592, 37.18600699999999], [-3.6882749, 37.1858286], [-3.6876424, 37.18565199999999], [-3.6870207000000006, 37.1854212], [-3.6860695, 37.18488589999999], [-3.6854816, 37.18465489999999], [-3.6850509000000002, 37.184378], [-3.6836774, 37.18323209999999], [-3.682002899999999, 37.182439499999994], [-3.6815837, 37.18217150000001], [-3.6812998, 37.18192080000001], [-3.6811417999999994, 37.1818856], [-3.6806358, 37.18199669999999], [-3.6799263, 37.18202779999999], [-3.6786184, 37.18190009999999], [-3.6782129000000006, 37.18191139999999], [-3.6758977, 37.1825376], [-3.6752456, 37.18267649999999], [-3.6748414, 37.1828321], [-3.6745287, 37.1831403], [-3.6742373999999995, 37.183322199999985], [-3.6735518999999996, 37.18351539999999], [-3.6727193, 37.18364639999999], [-3.6713330000000006, 37.1835731], [-3.6708573, 37.183287299999996], [-3.6700508, 37.1825437], [-3.6694050000000002, 37.18212369999999], [-3.6688174000000005, 37.18192869999999], [-3.6675321999999997, 37.1818278], [-3.6665728, 37.181616899999995], [-3.6640320000000006, 37.180928], [-3.6623396000000006, 37.18063999999999], [-3.6617977000000006, 37.18049880000001], [-3.6612089000000005, 37.180159599999996], [-3.6601092000000004, 37.1793635], [-3.6590481, 37.179117], [-3.6585387, 37.178822399999994], [-3.6579241, 37.17810469999999], [-3.6576642, 37.1780069], [-3.6559387000000005, 37.17779110000001], [-3.6556668, 37.1776124], [-3.6550406999999994, 37.1768587], [-3.6543449, 37.1758529], [-3.6537874, 37.175206999999986], [-3.6530719000000005, 37.17453489999999], [-3.6522557, 37.1739354], [-3.6516895, 37.173587], [-3.6510112000000006, 37.173311299999995], [-3.6500854000000005, 37.17306399999998], [-3.6494412, 37.172815099999994], [-3.6483682000000006, 37.17247849999999], [-3.649528, 37.172418], [-3.6512446, 37.1722247], [-3.6501956, 37.17178820000001], [-3.6494718999999995, 37.1716057], [-3.6488676, 37.17154480000001], [-3.6481936999999998, 37.1717168], [-3.6453153999999994, 37.1731532], [-3.6405482, 37.1748091], [-3.639944, 37.1749572], [-3.6391605000000005, 37.17501539999999], [-3.6379786000000003, 37.1751265], [-3.6373014, 37.175317], [-3.6367702, 37.1755603], [-3.6363385999999998, 37.1758566], [-3.6359668, 37.176205799999984], [-3.6342006999999996, 37.17836419999998], [-3.6333109, 37.17909950000001], [-3.6326535999999994, 37.179517499999996], [-3.6319697000000004, 37.179766099999995], [-3.6313123999999997, 37.17990889999999], [-3.6305488000000006, 37.17993010000001], [-3.6297122, 37.1798031], [-3.6280258, 37.1795122], [-3.6273552, 37.1795227], [-3.6267576000000004, 37.17962330000001], [-3.6261667000000006, 37.1798401], [-3.6256752999999997, 37.18007289999999], [-3.6247458, 37.1806019], [-3.6241946999999994, 37.180802899999996], [-3.6226477, 37.18114679999999], [-3.6197620999999995, 37.1812895], [-3.6196255000000006, 37.181176], [-3.6195478999999993, 37.18111749999999], [-3.6193535, 37.18098189999999], [-3.6191305999999996, 37.1808497], [-3.6187631, 37.180652099999996], [-3.6186518, 37.180590099999996], [-3.6185129000000003, 37.180521], [-3.6183084, 37.18043109999999], [-3.6179544, 37.180287699999994], [-3.6176672, 37.18018669999999], [-3.6169717000000006, 37.18000229999999], [-3.6168476, 37.179969799999995], [-3.6164674000000003, 37.17987209999999], [-3.6163443, 37.17984049999998], [-3.6162532000000005, 37.18003310000002], [-3.6162072, 37.18011359999999], [-3.6160149, 37.1804565], [-3.6159619, 37.180537], [-3.6159108, 37.180617299999994], [-3.6156146000000002, 37.18103090000001], [-3.6155547, 37.181112899999995], [-3.6152306999999992, 37.1815483], [-3.6151234, 37.1816931], [-3.6150508, 37.1818067], [-3.6149845000000003, 37.1817823], [-3.614531, 37.18163989999999], [-3.614339, 37.18158909999999], [-3.6143316000000003, 37.1815872], [-3.6143085999999998, 37.1815811], [-3.6142123000000006, 37.18155589999999], [-3.6141155000000005, 37.181585299999995], [-3.6140816, 37.18159570000001], [-3.6138478, 37.18168729999999], [-3.6137312, 37.1817328], [-3.6132370000000003, 37.1819239], [-3.613207899999999, 37.18193519999999], [-3.6131288000000006, 37.1819644], [-3.6130721, 37.18198540000001], [-3.6130318000000003, 37.1820007], [-3.6135951, 37.1829299], [-3.6147083, 37.18478290000001], [-3.614754, 37.1849651], [-3.6147838000000005, 37.184974099999984], [-3.6164784, 37.18531409999999], [-3.6175674000000004, 37.185530099999994], [-3.622093599999999, 37.18645999999999], [-3.6222126, 37.186483399999986], [-3.6223317, 37.18650679999999], [-3.6224561999999993, 37.1865313], [-3.6241003, 37.1868744], [-3.625094, 37.187119200000005], [-3.6257511, 37.18730080000001], [-3.6263172, 37.1874777], [-3.6268694999999997, 37.18765909999999], [-3.6270512, 37.18772750000001], [-3.6275536000000006, 37.18791410000001], [-3.6284763000000004, 37.1882731], [-3.6299469, 37.188895900000006], [-3.6311907, 37.18942909999999], [-3.632896, 37.1901287], [-3.6332684999999993, 37.1901505], [-3.633296, 37.1901598], [-3.6336398, 37.1902154], [-3.6338743, 37.1902492], [-3.6342265999999994, 37.1902978], [-3.635497299999999, 37.19047319999999], [-3.6357621999999994, 37.19050980000001], [-3.6359255, 37.190532299999994], [-3.6360619000000005, 37.1905512], [-3.6362487, 37.19057689999999], [-3.636512099999999, 37.190613299999995], [-3.6367593000000005, 37.19064739999999], [-3.6372632000000005, 37.190717], [-3.6378286, 37.1907968], [-3.6382709, 37.1908609], [-3.6388285, 37.1909395], [-3.6391825, 37.19098989999999], [-3.6392193, 37.1909953], [-3.6392557000000005, 37.1910006], [-3.6393883, 37.1910201], [-3.639447, 37.1910281], [-3.6396062, 37.1902632], [-3.6394327, 37.1890232], [-3.6389945000000004, 37.188504800000004], [-3.6397647000000006, 37.188124], [-3.6399772000000006, 37.188388499999995], [-3.6400623999999997, 37.1883601], [-3.6408669000000002, 37.18809230000001], [-3.6410129, 37.1877431], [-3.6418363, 37.1873306], [-3.641517599999999, 37.186992], [-3.6411989, 37.18638899999999], [-3.6426065, 37.185648500000006], [-3.6427127, 37.18610340000001], [-3.643350100000001, 37.185711899999994], [-3.643868, 37.18609279999999], [-3.6439626, 37.1861315], [-3.6453951000000004, 37.186717], [-3.6433634000000015, 37.18780660000001], [-3.643775, 37.1883779], [-3.6438547000000003, 37.1888857], [-3.6436290000000002, 37.1905254], [-3.6440672, 37.190573], [-3.6443992, 37.19076869999999], [-3.6445416, 37.1908966], [-3.6449702000000004, 37.19128179999999], [-3.6456540999999993, 37.1915938], [-3.6495515000000003, 37.19135579999999], [-3.6502022, 37.191366399999986], [-3.6540399, 37.191572699999995], [-3.6555272000000003, 37.19150919999999], [-3.6562841, 37.1915462], [-3.6569348000000006, 37.19190059999998], [-3.657930799999999, 37.19175779999999], [-3.65894, 37.1916785], [-3.6611842, 37.191625599999995], [-3.6630566, 37.1915251], [-3.6639994, 37.19154090000001], [-3.6655530999999995, 37.191773699999985], [-3.6676313000000005, 37.1921704], [-3.6692779000000004, 37.19234489999999], [-3.6813355000000003, 37.19243480000001], [-3.6902592, 37.192514199999984], [-3.6922113, 37.192609399999995], [-3.6989256000000004, 37.193117099999995], [-3.6988849, 37.193048000000005], [-3.6984403, 37.1922952], [-3.6984142, 37.19189879999999], [-3.6987441000000003, 37.1880829]]]}}, {"type": "Feature", "properties": {"id": "ronda", "name": "Ronda", "n_secciones": 15, "poblaciones": {"2015": 15162, "2016": 15584, "2017": 16236, "2018": 16198, "2019": 16276, "2020": 16078, "2021": 16337, "2022": 17370, "2023": 18040, "2024": 17994, "2025": 17936}, "superficie_verde_m2": 106654, "superficie_verde_desglose": {"parques": 84004, "jardines": 10321, "arbolado": 12329}, "no2_serie": {"2015": 37.5, "2016": 37.3, "2017": 38.9, "2018": 35.5, "2019": 42.7, "2020": 25.4, "2021": 21.8, "2022": 22.6, "2023": 22.7, "2024": 19.8}, "estacion_principal": "Granada Palacio de Congresos", "centroide": [-3.628864, 37.169342], "equipamientos": {"sanidad": {"n_dentro_total": 34}, "educacion": {"n_dentro_total": 11}, "agua": {"n_dentro_total": 25}, "reciclaje": {"n_dentro_total": 77}, "aparcabicis": {"n_dentro_total": 20}, "patrimonio": {"n_dentro_total": 1}}, "renta_med_uc": {"2015": 18914, "2016": 18990, "2017": 19189, "2018": 20126, "2019": 20852, "2020": 20825, "2021": 22000, "2022": 22555, "2023": 24078}, "renta_hogar": {"2015": 34819, "2016": 34752, "2017": 35027, "2018": 35914, "2019": 37393, "2020": 36795, "2021": 37610, "2022": 38890, "2023": 41762}, "renta_persona": {"2015": 14050, "2016": 14219, "2017": 14512, "2018": 15069, "2019": 15781, "2020": 15798, "2021": 16462, "2022": 17377, "2023": 18837}, "renta": {"2015": 18914, "2016": 18990, "2017": 19189, "2018": 20126, "2019": 20852, "2020": 20825, "2021": 22000, "2022": 22555, "2023": 24078}, "vft": {"n_vfts": 176, "n_plazas": 1003, "viviendas_total": 11685, "ratio_vft_pct": 1.51, "serie": {"2015": 0, "2016": 7, "2017": 10, "2018": 28, "2019": 49, "2020": 52, "2021": 57, "2022": 73, "2023": 98, "2024": 173, "2025": 174}}}, "geometry": {"type": "Polygon", "coordinates": [[[-3.6303677, 37.16025340000001], [-3.6295008, 37.160294], [-3.6285204000000006, 37.16022709999999], [-3.6275279, 37.160052099999994], [-3.6260384999999995, 37.159717400000005], [-3.625227, 37.159640599999996], [-3.6245853000000006, 37.15968], [-3.6199957, 37.16035310000001], [-3.6177456, 37.16064430000001], [-3.6170938000000006, 37.1608189], [-3.6166564999999995, 37.1610646], [-3.6163138, 37.16105710000001], [-3.6158343000000004, 37.160327300000006], [-3.6155062, 37.1595987], [-3.6149345000000004, 37.15897639999999], [-3.6139563999999997, 37.1579648], [-3.6133028, 37.157286799999994], [-3.6128720999999997, 37.1569507], [-3.611413, 37.16053540000001], [-3.6106752000000006, 37.1624124], [-3.6105362999999997, 37.162857], [-3.6103807000000003, 37.16342879999999], [-3.6102641000000015, 37.16391829999999], [-3.6101890000000005, 37.164286999999995], [-3.6101125, 37.1647487], [-3.6100616, 37.1651548], [-3.6100212, 37.1655706], [-3.6099864999999998, 37.16623639999999], [-3.6099882000000005, 37.1669973], [-3.61002, 37.16751669999999], [-3.61006, 37.167963199999996], [-3.6092011, 37.167987], [-3.6087043, 37.1680657], [-3.6071456000000004, 37.16945160000001], [-3.6070318, 37.1695447], [-3.6068745000000004, 37.1696348], [-3.6064153, 37.16987670000001], [-3.6061398000000002, 37.1700202], [-3.6061074, 37.17003749999999], [-3.6060771, 37.17005360000001], [-3.6056427000000006, 37.17027959999999], [-3.6056086999999994, 37.1702982], [-3.6055566, 37.170326], [-3.6053417, 37.17044179999999], [-3.6050006, 37.170626299999995], [-3.6049057000000007, 37.1706772], [-3.6048689, 37.17069719999999], [-3.6048056, 37.1707316], [-3.6040981, 37.171116], [-3.6040078999999996, 37.1711634], [-3.6039773, 37.1711794], [-3.6039211999999994, 37.17120890000001], [-3.6034577000000003, 37.17145179999999], [-3.6033504, 37.1715084], [-3.6032948, 37.1715376], [-3.6032279, 37.1715739], [-3.6031795, 37.17159999999999], [-3.6031033, 37.1716418], [-3.6026102, 37.1719124], [-3.6025794, 37.1719292], [-3.6026100000000003, 37.17196319999999], [-3.6026201, 37.17197439999999], [-3.6026307000000006, 37.1719844], [-3.602792, 37.17213579999999], [-3.6029898, 37.17230970000001], [-3.6031232000000006, 37.17241200000001], [-3.6032486000000006, 37.1724942], [-3.6035969, 37.17264579999999], [-3.6040213999999997, 37.1728172], [-3.604081700000001, 37.1728366], [-3.6041587, 37.1728163], [-3.6043723, 37.17305290000001], [-3.6044206000000005, 37.173107400000006], [-3.6044460000000003, 37.17313119999999], [-3.604527, 37.173189099999995], [-3.6047779000000006, 37.1733203], [-3.6050617999999996, 37.1734586], [-3.6052403, 37.17351349999999], [-3.605700199999999, 37.1736039], [-3.6057334, 37.1736236], [-3.605800699999999, 37.173733399999996], [-3.6059747000000004, 37.1740174], [-3.6060723000000006, 37.1741864], [-3.6061498000000007, 37.1743127], [-3.6061865, 37.17437220000001], [-3.6065217000000005, 37.17491809999999], [-3.6065602, 37.1749808], [-3.606577, 37.17501049999999], [-3.6065365, 37.17502879999999], [-3.6064961, 37.1750471], [-3.6064686, 37.1750644], [-3.6063187, 37.1751577], [-3.6062926000000006, 37.1751738], [-3.6062163, 37.17522159999999], [-3.605868000000001, 37.17544], [-3.6055569999999997, 37.17563489999999], [-3.6054949, 37.1756738], [-3.6054512, 37.1757012], [-3.6054363, 37.1757106], [-3.6053775000000003, 37.175747400000006], [-3.6053105, 37.1757894], [-3.6046648000000006, 37.176194200000005], [-3.6046175, 37.176223900000004], [-3.6046005, 37.1762345], [-3.604705299999999, 37.17630599999998], [-3.6049718, 37.1764847], [-3.6051361000000006, 37.176599599999996], [-3.605182, 37.176632399999995], [-3.6053363, 37.1767416], [-3.6057451999999994, 37.1770386], [-3.6057779000000005, 37.17705300000001], [-3.6058591, 37.1770922], [-3.6060151000000005, 37.1771735], [-3.6060459000000002, 37.1771935], [-3.6063051000000006, 37.17737119999999], [-3.6069176000000005, 37.1777865], [-3.6069865999999995, 37.17783229999999], [-3.6070219999999997, 37.177856], [-3.6074437, 37.1781365], [-3.6076816, 37.17829459999999], [-3.6077538000000002, 37.1783427], [-3.6077746, 37.17835669999999], [-3.6084431999999995, 37.17880130000001], [-3.608518, 37.1788522], [-3.6086461, 37.17893939999999], [-3.6086846, 37.17890849999999], [-3.6087867, 37.1788272], [-3.6088134000000003, 37.17880600000001], [-3.6088381, 37.17878640000001], [-3.6089488, 37.17869830000001], [-3.6092353000000004, 37.178465599999996], [-3.6092871000000004, 37.178424699999994], [-3.6093163, 37.1784015], [-3.6093419, 37.17837990000001], [-3.6094302, 37.1783154], [-3.6095692, 37.17824989999999], [-3.6097800000000007, 37.17816119999999], [-3.6097990999999996, 37.17821409999999], [-3.6097991000000005, 37.1782486], [-3.6098282, 37.17830099999999], [-3.609862299999999, 37.1783539], [-3.6098817, 37.17838390000001], [-3.6101830000000006, 37.1788505], [-3.610517, 37.1794037], [-3.6108385000000003, 37.17993370000001], [-3.6110421000000006, 37.1802721], [-3.6110812000000005, 37.1803368], [-3.6112344000000003, 37.1805901], [-3.611451, 37.1809483], [-3.6118309999999996, 37.1815775], [-3.6118535000000005, 37.1816139], [-3.6120404, 37.1819228], [-3.6120523, 37.181941099999996], [-3.6122472, 37.18226339999999], [-3.6122692999999995, 37.18230149999999], [-3.6125662000000003, 37.18279359999999], [-3.6128357, 37.183231899999996], [-3.6134572, 37.1829899], [-3.6134829999999996, 37.1829799], [-3.6135951, 37.1829299], [-3.6130318000000003, 37.1820007], [-3.6130721, 37.18198540000001], [-3.6131288000000006, 37.1819644], [-3.613207899999999, 37.18193519999999], [-3.6132370000000003, 37.1819239], [-3.6137312, 37.1817328], [-3.6138478, 37.18168729999999], [-3.6140816, 37.18159570000001], [-3.6141155000000005, 37.181585299999995], [-3.6142123000000006, 37.18155589999999], [-3.6143085999999998, 37.1815811], [-3.6143316000000003, 37.1815872], [-3.614339, 37.18158909999999], [-3.614531, 37.18163989999999], [-3.6149845000000003, 37.1817823], [-3.6150508, 37.1818067], [-3.6151234, 37.1816931], [-3.6152306999999992, 37.1815483], [-3.6155547, 37.181112899999995], [-3.6156146000000002, 37.18103090000001], [-3.6159108, 37.180617299999994], [-3.6159619, 37.180537], [-3.6160149, 37.1804565], [-3.6162072, 37.18011359999999], [-3.6162532000000005, 37.18003310000002], [-3.6163443, 37.17984049999998], [-3.6164674000000003, 37.17987209999999], [-3.6168476, 37.179969799999995], [-3.6169717000000006, 37.18000229999999], [-3.6176672, 37.18018669999999], [-3.6179544, 37.180287699999994], [-3.6183084, 37.18043109999999], [-3.6185129000000003, 37.180521], [-3.6186518, 37.180590099999996], [-3.6187631, 37.180652099999996], [-3.6191305999999996, 37.1808497], [-3.6193535, 37.18098189999999], [-3.6195478999999993, 37.18111749999999], [-3.6196255000000006, 37.181176], [-3.6197620999999995, 37.1812895], [-3.6226477, 37.18114679999999], [-3.6241946999999994, 37.180802899999996], [-3.6247458, 37.1806019], [-3.6256752999999997, 37.18007289999999], [-3.6261667000000006, 37.1798401], [-3.6267576000000004, 37.17962330000001], [-3.6273552, 37.1795227], [-3.6280258, 37.1795122], [-3.6297122, 37.1798031], [-3.6305488000000006, 37.17993010000001], [-3.6313123999999997, 37.17990889999999], [-3.6319697000000004, 37.179766099999995], [-3.6326535999999994, 37.179517499999996], [-3.6333109, 37.17909950000001], [-3.6342006999999996, 37.17836419999998], [-3.6359668, 37.176205799999984], [-3.6363385999999998, 37.1758566], [-3.6367702, 37.1755603], [-3.6373014, 37.175317], [-3.6379786000000003, 37.1751265], [-3.6391605000000005, 37.17501539999999], [-3.639944, 37.1749572], [-3.6405482, 37.1748091], [-3.6453153999999994, 37.1731532], [-3.6481936999999998, 37.1717168], [-3.6488676, 37.17154480000001], [-3.6494718999999995, 37.1716057], [-3.6501956, 37.17178820000001], [-3.6512446, 37.1722247], [-3.6519926, 37.1721521], [-3.652792799999999, 37.172201799999996], [-3.6543464, 37.17210309999999], [-3.6553150999999997, 37.172097799999996], [-3.6561949, 37.17223709999999], [-3.6564212, 37.172352999999994], [-3.6568022000000004, 37.172125599999994], [-3.6571515, 37.172141700000005], [-3.6578623, 37.17227289999999], [-3.6577889, 37.1715973], [-3.6572248, 37.1715013], [-3.6566198, 37.16797110000001], [-3.6554283999999995, 37.16695909999999], [-3.6540412999999994, 37.16675949999998], [-3.6543366, 37.1657393], [-3.6545136999999994, 37.1653777], [-3.6549699000000007, 37.16472619999999], [-3.655293, 37.1643188], [-3.6558466, 37.163207], [-3.6561866999999997, 37.16215949999999], [-3.6563155, 37.161428699999995], [-3.6563137, 37.161221299999994], [-3.6559292, 37.161034199999996], [-3.655331, 37.1608933], [-3.6542943999999995, 37.1608359], [-3.6513661000000006, 37.160843], [-3.6502182000000003, 37.16093939999999], [-3.6490336000000005, 37.16070249999999], [-3.6485268, 37.1607053], [-3.6469633000000004, 37.1609392], [-3.6462764, 37.160952], [-3.6458488999999994, 37.16101739999999], [-3.6436851, 37.1608489], [-3.6432100999999992, 37.160617099999996], [-3.6428453999999997, 37.16011429999999], [-3.6425481999999985, 37.1595931], [-3.6423978000000004, 37.1591162], [-3.6422144, 37.158747600000005], [-3.6419991, 37.1585865], [-3.6416268, 37.1585164], [-3.6398821, 37.158625], [-3.6387058, 37.1593614], [-3.6379347000000006, 37.16008670000001], [-3.6367930999999993, 37.1609402], [-3.6364787000000005, 37.16104999999999], [-3.6359940000000006, 37.16099849999999], [-3.6355763999999993, 37.1609016], [-3.6353494000000004, 37.16068649999999], [-3.6352572000000003, 37.16044360000001], [-3.6344427, 37.16000629999999], [-3.6341834, 37.1599806], [-3.6339713, 37.1602071], [-3.6338605000000004, 37.160415], [-3.633624, 37.1604253], [-3.6320895000000006, 37.160082], [-3.6317067000000005, 37.16010200000001], [-3.6310796000000005, 37.160537999999995], [-3.6308881999999993, 37.16054809999999], [-3.6305716999999995, 37.1604055], [-3.6303677, 37.16025340000001]]]}}, {"type": "Feature", "properties": {"id": "figares", "name": "Fígares", "n_secciones": 16, "poblaciones": {"2015": 19422, "2016": 19665, "2017": 19657, "2018": 19617, "2019": 19519, "2020": 19270, "2021": 19536, "2022": 19190, "2023": 19316, "2024": 19349, "2025": 19386}, "superficie_verde_m2": 72979, "superficie_verde_desglose": {"parques": 38691, "jardines": 30881, "arbolado": 3407}, "no2_serie": {"2015": 35.9, "2016": 36.0, "2017": 36.7, "2018": 33.7, "2020": 24.1, "2021": 20.0, "2022": 20.1, "2023": 20.9, "2024": 17.6}, "estacion_principal": "Granada Palacio de Congresos", "centroide": [-3.603825, 37.166573], "equipamientos": {"sanidad": {"n_dentro_total": 28}, "educacion": {"n_dentro_total": 6}, "agua": {"n_dentro_total": 17}, "reciclaje": {"n_dentro_total": 20}, "aparcabicis": {"n_dentro_total": 13}, "patrimonio": {"n_dentro_total": 6}}, "renta_med_uc": {"2015": 18909, "2016": 19410, "2017": 19943, "2018": 20768, "2019": 21397, "2020": 21416, "2021": 22563, "2022": 23664, "2023": 25022}, "renta_hogar": {"2015": 35101, "2016": 35967, "2017": 36208, "2018": 37467, "2019": 38501, "2020": 38037, "2021": 39468, "2022": 41158, "2023": 44013}, "renta_persona": {"2015": 14208, "2016": 14660, "2017": 14919, "2018": 15647, "2019": 16250, "2020": 16298, "2021": 17165, "2022": 18142, "2023": 19555}, "renta": {"2015": 18909, "2016": 19410, "2017": 19943, "2018": 20768, "2019": 21397, "2020": 21416, "2021": 22563, "2022": 23664, "2023": 25022}, "vft": {"n_vfts": 325, "n_plazas": 1762, "viviendas_total": 12285, "ratio_vft_pct": 2.65, "serie": {"2015": 0, "2016": 10, "2017": 37, "2018": 71, "2019": 117, "2020": 126, "2021": 138, "2022": 160, "2023": 209, "2024": 316, "2025": 325}}}, "geometry": {"type": "Polygon", "coordinates": [[[-3.5963388, 37.1677384], [-3.5963595, 37.167932900000004], [-3.5964556, 37.1683864], [-3.5965129999999994, 37.168511099999996], [-3.5965814, 37.1686163], [-3.5967134999999995, 37.168805799999994], [-3.5968389000000003, 37.1689807], [-3.5970213000000006, 37.169195], [-3.5973813, 37.1695983], [-3.5979278000000003, 37.1702379], [-3.5985256999999997, 37.1711353], [-3.5986159, 37.17128480000001], [-3.5987237000000003, 37.1714848], [-3.5993717, 37.172665800000004], [-3.5996519000000005, 37.1732895], [-3.5996774000000005, 37.1733702], [-3.5996724, 37.173444499999995], [-3.5997619999999992, 37.17344129999999], [-3.5998073000000006, 37.1734394], [-3.5998468, 37.173437], [-3.5998743000000006, 37.1734314], [-3.5999199, 37.1734185], [-3.5999596, 37.173397300000005], [-3.6001243, 37.173288699999986], [-3.6002652, 37.17319529999999], [-3.6003658, 37.1731373], [-3.6004746999999995, 37.1730744], [-3.6005244000000003, 37.1730457], [-3.6005679000000006, 37.1730206], [-3.6006505, 37.1729729], [-3.6016984999999995, 37.1724056], [-3.6017852999999995, 37.17235920000001], [-3.6024488, 37.172001200000004], [-3.6024801, 37.171984], [-3.6025111, 37.171966899999994], [-3.6025794, 37.1719292], [-3.6026102, 37.1719124], [-3.6031033, 37.1716418], [-3.6031795, 37.17159999999999], [-3.6032279, 37.1715739], [-3.6032948, 37.1715376], [-3.6033504, 37.1715084], [-3.6034577000000003, 37.17145179999999], [-3.6039211999999994, 37.17120890000001], [-3.6039773, 37.1711794], [-3.6040078999999996, 37.1711634], [-3.6040981, 37.171116], [-3.6048056, 37.1707316], [-3.6048689, 37.17069719999999], [-3.6049057000000007, 37.1706772], [-3.6050006, 37.170626299999995], [-3.6053417, 37.17044179999999], [-3.6055566, 37.170326], [-3.6056086999999994, 37.1702982], [-3.6056427000000006, 37.17027959999999], [-3.6060771, 37.17005360000001], [-3.6061074, 37.17003749999999], [-3.6061398000000002, 37.1700202], [-3.6064153, 37.16987670000001], [-3.6068745000000004, 37.1696348], [-3.6070318, 37.1695447], [-3.6071456000000004, 37.16945160000001], [-3.6087043, 37.1680657], [-3.6092011, 37.167987], [-3.61006, 37.167963199999996], [-3.61002, 37.16751669999999], [-3.6099882000000005, 37.1669973], [-3.6099864999999998, 37.16623639999999], [-3.6100212, 37.1655706], [-3.6100616, 37.1651548], [-3.6101125, 37.1647487], [-3.6101890000000005, 37.164286999999995], [-3.6102641000000015, 37.16391829999999], [-3.6103807000000003, 37.16342879999999], [-3.6105362999999997, 37.162857], [-3.6106752000000006, 37.1624124], [-3.6074998000000003, 37.1609573], [-3.6074634, 37.16093659999999], [-3.6073797, 37.160891400000004], [-3.6068481, 37.160598300000004], [-3.606760599999999, 37.16054999999999], [-3.6063177, 37.160305900000004], [-3.6062329, 37.1602591], [-3.6057336000000006, 37.159983800000006], [-3.6056405, 37.1599325], [-3.6056029999999994, 37.15991199999999], [-3.6051475, 37.1604724], [-3.6048862000000006, 37.160731199999994], [-3.6046598, 37.1609317], [-3.6043096000000006, 37.1611652], [-3.6036436, 37.1616623], [-3.6023923999999994, 37.16255509999999], [-3.601481, 37.1630219], [-3.6011673999999996, 37.16323109999999], [-3.6009208, 37.163439000000004], [-3.6006872000000003, 37.16365750000001], [-3.6003587000000006, 37.16404649999999], [-3.5997108999999994, 37.1648128], [-3.5989344000000005, 37.16573619999999], [-3.5984977999999996, 37.16623349999998], [-3.5985022999999994, 37.166282], [-3.5978682, 37.1667517], [-3.5967859, 37.167237500000006], [-3.5966375999999998, 37.1673104], [-3.5965385000000003, 37.1673756], [-3.5964514000000003, 37.167457799999994], [-3.5963936999999992, 37.1675428], [-3.5963602000000003, 37.1676321], [-3.5963388, 37.1677384]]]}}, {"type": "Feature", "properties": {"id": "cerrillo-de-maracena", "name": "Cerrillo de Maracena", "n_secciones": 4, "poblaciones": {"2015": 6491, "2016": 6589, "2017": 6667, "2018": 6657, "2019": 6630, "2020": 6667, "2021": 6840, "2022": 6837, "2023": 7043, "2024": 7141, "2025": 7054}, "superficie_verde_m2": 122932, "superficie_verde_desglose": {"parques": 100928, "jardines": 18231, "arbolado": 3773}, "no2_serie": {"2015": 47.7, "2016": 44.4, "2017": 51.3, "2018": 46.3, "2019": 42.7, "2020": 33.2, "2021": 32.5, "2022": 35.2, "2023": 32.4, "2024": 31.4}, "estacion_principal": "Granada Norte", "centroide": [-3.629486, 37.198399], "equipamientos": {"sanidad": {"n_dentro_total": 7}, "educacion": {"n_dentro_total": 9}, "agua": {"n_dentro_total": 20}, "reciclaje": {"n_dentro_total": 29}, "aparcabicis": {"n_dentro_total": 6}, "patrimonio": {"n_dentro_total": 0}}, "renta_med_uc": {"2015": 17134, "2016": 17821, "2017": 18309, "2018": 18985, "2019": 20139, "2020": 20952, "2021": 21770, "2022": 22893, "2023": 24547}, "renta_hogar": {"2015": 31755, "2016": 33233, "2017": 33833, "2018": 35694, "2019": 37043, "2020": 38085, "2021": 39695, "2022": 41411, "2023": 45274}, "renta_persona": {"2015": 12329, "2016": 12777, "2017": 13032, "2018": 13827, "2019": 14495, "2020": 14870, "2021": 15676, "2022": 16611, "2023": 18328}, "renta": {"2015": 17134, "2016": 17821, "2017": 18309, "2018": 18985, "2019": 20139, "2020": 20952, "2021": 21770, "2022": 22893, "2023": 24547}, "vft": {"n_vfts": 21, "n_plazas": 104, "viviendas_total": 3476, "ratio_vft_pct": 0.6, "serie": {"2015": 0, "2016": 2, "2017": 4, "2018": 5, "2019": 8, "2020": 10, "2021": 10, "2022": 10, "2023": 12, "2024": 16, "2025": 20}}}, "geometry": {"type": "Polygon", "coordinates": [[[-3.6274678, 37.2063497], [-3.6277962000000006, 37.2061302], [-3.6282886999999997, 37.205721999999994], [-3.6295452, 37.2050483], [-3.6297909, 37.204776499999994], [-3.6299785999999994, 37.2043158], [-3.6303018000000002, 37.20388150000001], [-3.6312224, 37.20346189999999], [-3.63187, 37.2027373], [-3.6326413, 37.201994099999986], [-3.6339628999999998, 37.2010225], [-3.6349048000000006, 37.200458600000005], [-3.6369869, 37.20139429999999], [-3.638898, 37.202178200000006], [-3.6396465000000005, 37.2025681], [-3.6404006999999994, 37.20321169999999], [-3.6407726, 37.202969200000005], [-3.6422962, 37.2016965], [-3.6433441, 37.201012600000006], [-3.6437738, 37.2007116], [-3.644297, 37.20032069999999], [-3.6452659, 37.19957879999999], [-3.6457923, 37.1991556], [-3.6459227, 37.199024599999994], [-3.6460733999999997, 37.19863349999999], [-3.6455859999999998, 37.1985577], [-3.6437398000000005, 37.198441], [-3.6421233, 37.19822640000001], [-3.6420361, 37.198109599999995], [-3.6406970000000003, 37.197936], [-3.6397103999999993, 37.197891899999995], [-3.6385970999999997, 37.197942299999994], [-3.6374997, 37.19796759999999], [-3.6368499, 37.1979108], [-3.6361962000000005, 37.197753], [-3.631834, 37.1963581], [-3.6297182999999995, 37.1957269], [-3.6282603000000004, 37.195127199999995], [-3.6237278000000006, 37.1930253], [-3.6219529, 37.192368800000004], [-3.6196944999999996, 37.191706], [-3.6183237, 37.1912389], [-3.6146509000000004, 37.189603899999994], [-3.6146476000000005, 37.19028629999999], [-3.6146568, 37.1903809], [-3.6146708999999997, 37.19045189999999], [-3.6146998, 37.1905384], [-3.6147444, 37.19062679999999], [-3.6148436000000004, 37.1907681], [-3.614928, 37.1908964], [-3.6149601, 37.1909624], [-3.6149818999999996, 37.191032699999994], [-3.6150013, 37.191176000000006], [-3.6152007, 37.1913439], [-3.6173569999999997, 37.193719600000016], [-3.6183316000000003, 37.1946222], [-3.6194963999999996, 37.1953418], [-3.6215487, 37.19625080000001], [-3.6229746000000005, 37.1986816], [-3.6229899, 37.19870809999999], [-3.6274678, 37.2063497]]]}}, {"type": "Feature", "properties": {"id": "angustias-chana-encina", "name": "Angustias - Chana - Encina", "n_secciones": 14, "poblaciones": {"2015": 16467, "2016": 16216, "2017": 16104, "2018": 16082, "2019": 16193, "2020": 16980, "2021": 17099, "2022": 16894, "2023": 16973, "2024": 17236, "2025": 17561}, "superficie_verde_m2": 92584, "superficie_verde_desglose": {"parques": 74055, "jardines": 17084, "arbolado": 1445}, "no2_serie": {"2015": 47.7, "2016": 44.4, "2017": 51.3, "2018": 46.3, "2019": 42.7, "2020": 33.2, "2021": 32.5, "2022": 35.2, "2023": 32.4, "2024": 31.4}, "estacion_principal": "Granada Norte", "centroide": [-3.638181, 37.195401], "equipamientos": {"sanidad": {"n_dentro_total": 12}, "educacion": {"n_dentro_total": 4}, "agua": {"n_dentro_total": 10}, "reciclaje": {"n_dentro_total": 3}, "aparcabicis": {"n_dentro_total": 2}, "patrimonio": {"n_dentro_total": 0}}, "renta_med_uc": {"2015": 13110, "2016": 13322, "2017": 13936, "2018": 14182, "2019": 14773, "2020": 14566, "2021": 15285, "2022": 16059, "2023": 17023}, "renta_hogar": {"2015": 23046, "2016": 23567, "2017": 24080, "2018": 24857, "2019": 25786, "2020": 25708, "2021": 26557, "2022": 27850, "2023": 29806}, "renta_persona": {"2015": 9836, "2016": 10069, "2017": 10345, "2018": 10782, "2019": 11250, "2020": 11150, "2021": 11643, "2022": 12282, "2023": 13108}, "renta": {"2015": 13110, "2016": 13322, "2017": 13936, "2018": 14182, "2019": 14773, "2020": 14566, "2021": 15285, "2022": 16059, "2023": 17023}, "vft": {"n_vfts": 42, "n_plazas": 220, "viviendas_total": 9708, "ratio_vft_pct": 0.43, "serie": {"2015": 0, "2016": 1, "2017": 2, "2018": 5, "2019": 8, "2020": 8, "2021": 8, "2022": 9, "2023": 13, "2024": 39, "2025": 41}}}, "geometry": {"type": "Polygon", "coordinates": [[[-3.6575413000000006, 37.200340999999995], [-3.656728399999999, 37.19999829999999], [-3.6559360000000005, 37.1996818], [-3.6550891, 37.19935579999999], [-3.6539575999999996, 37.1989235], [-3.6526938999999996, 37.1984329], [-3.6516103, 37.197999100000004], [-3.6504221, 37.19750559999999], [-3.6395838, 37.19295230000001], [-3.6394996000000006, 37.19291830000001], [-3.6369413000000006, 37.19185000000001], [-3.6355151, 37.1912366], [-3.632896, 37.1901287], [-3.6311907, 37.18942909999999], [-3.6299469, 37.188895900000006], [-3.6284763000000004, 37.1882731], [-3.6275536000000006, 37.18791410000001], [-3.6270512, 37.18772750000001], [-3.6268694999999997, 37.18765909999999], [-3.6263172, 37.1874777], [-3.6257511, 37.18730080000001], [-3.625094, 37.187119200000005], [-3.6241003, 37.1868744], [-3.6224561999999993, 37.1865313], [-3.6223317, 37.18650679999999], [-3.6222126, 37.186483399999986], [-3.622093599999999, 37.18645999999999], [-3.6175674000000004, 37.185530099999994], [-3.6164784, 37.18531409999999], [-3.6147838000000005, 37.184974099999984], [-3.614754, 37.1849651], [-3.6148054, 37.1851866], [-3.6146509000000004, 37.189603899999994], [-3.6183237, 37.1912389], [-3.6196944999999996, 37.191706], [-3.6219529, 37.192368800000004], [-3.6237278000000006, 37.1930253], [-3.6282603000000004, 37.195127199999995], [-3.6297182999999995, 37.1957269], [-3.631834, 37.1963581], [-3.6361962000000005, 37.197753], [-3.6368499, 37.1979108], [-3.6374997, 37.19796759999999], [-3.6385970999999997, 37.197942299999994], [-3.6397103999999993, 37.197891899999995], [-3.6406970000000003, 37.197936], [-3.6420361, 37.198109599999995], [-3.6421233, 37.19822640000001], [-3.6437398000000005, 37.198441], [-3.6455859999999998, 37.1985577], [-3.6460733999999997, 37.19863349999999], [-3.6459227, 37.199024599999994], [-3.6466320000000003, 37.19907449999999], [-3.6467469000000006, 37.1990815], [-3.6467922000000006, 37.1990842], [-3.6468398, 37.19898969999999], [-3.6468514000000005, 37.198966699999986], [-3.646894599999999, 37.19888089999999], [-3.646935, 37.19880429999999], [-3.6483250000000003, 37.1989266], [-3.6483963, 37.1995022], [-3.6486049, 37.2001771], [-3.6487666, 37.2006088], [-3.64892, 37.20093789999999], [-3.6492902999999997, 37.201261], [-3.6493806, 37.201567100000005], [-3.649523799999999, 37.2020343], [-3.6497131000000005, 37.2023892], [-3.6506552, 37.2031269], [-3.6509589, 37.203548999999995], [-3.6511387000000006, 37.2039849], [-3.6513194000000007, 37.2047362], [-3.6514434000000002, 37.2051634], [-3.6516521000000006, 37.205637], [-3.6518733, 37.20588729999999], [-3.6523465, 37.206523499999996], [-3.6524179999999995, 37.206645699999996], [-3.6529929000000005, 37.20637749999999], [-3.653542400000001, 37.206122], [-3.6538082000000003, 37.205975699999996], [-3.6542075, 37.2056683], [-3.6544262, 37.20545390000001], [-3.6546629, 37.205249399999985], [-3.6549523, 37.20507450000001], [-3.6552206, 37.2049287], [-3.6557289999999996, 37.2046658], [-3.6560505, 37.20452289999999], [-3.6565779, 37.204288799999986], [-3.6569846999999993, 37.20439789999998], [-3.6576047000000003, 37.2045244], [-3.658340000000001, 37.2046867], [-3.6588936, 37.20481769999999], [-3.6597442, 37.2049897], [-3.6601979, 37.2050586], [-3.6604998, 37.205095400000005], [-3.661234, 37.2051806], [-3.6618721, 37.205243599999996], [-3.6626574000000005, 37.2053136], [-3.6630821, 37.20534849999999], [-3.663994999999999, 37.2054182], [-3.6642926000000005, 37.20543180000001], [-3.6649371000000004, 37.2054521], [-3.665445, 37.20545549999999], [-3.666041, 37.2054516], [-3.6665349000000003, 37.2054419], [-3.6673262, 37.20543860000001], [-3.668087, 37.2054436], [-3.6686595, 37.205426], [-3.6687588999999994, 37.205431299999994], [-3.6690353, 37.20546389999999], [-3.6691992000000004, 37.20549939999999], [-3.6695387999999998, 37.2054584], [-3.6697127, 37.2054593], [-3.6657309000000002, 37.20378420000001], [-3.6594640999999997, 37.20115929999999], [-3.6575413000000006, 37.200340999999995]]]}}, {"type": "Feature", "properties": {"id": "pajaritos", "name": "Pajaritos", "n_secciones": 5, "poblaciones": {"2015": 6824, "2016": 6746, "2017": 6697, "2018": 6653, "2019": 6615, "2020": 6481, "2021": 6502, "2022": 6422, "2023": 6475, "2024": 6484, "2025": 6570}, "superficie_verde_m2": 48119, "superficie_verde_desglose": {"parques": 37342, "jardines": 4479, "arbolado": 6298}, "no2_serie": {"2015": 47.7, "2016": 44.4, "2017": 51.3, "2018": 46.3, "2019": 42.7, "2020": 33.2, "2021": 32.5, "2022": 35.2, "2023": 32.4, "2024": 31.4}, "estacion_principal": "Granada Norte", "centroide": [-3.610399, 37.184311], "equipamientos": {"sanidad": {"n_dentro_total": 12}, "educacion": {"n_dentro_total": 9}, "agua": {"n_dentro_total": 19}, "reciclaje": {"n_dentro_total": 30}, "aparcabicis": {"n_dentro_total": 15}, "patrimonio": {"n_dentro_total": 0}}, "renta_med_uc": {"2015": 20040, "2016": 20722, "2017": 20877, "2018": 21421, "2019": 22708, "2020": 22908, "2021": 23397, "2022": 24706, "2023": 25627}, "renta_hogar": {"2015": 35358, "2016": 35651, "2017": 36151, "2018": 37167, "2019": 37642, "2020": 37790, "2021": 39034, "2022": 40680, "2023": 43271}, "renta_persona": {"2015": 15209, "2016": 15514, "2017": 15757, "2018": 16428, "2019": 17009, "2020": 17355, "2021": 18037, "2022": 18878, "2023": 20255}, "renta": {"2015": 20040, "2016": 20722, "2017": 20877, "2018": 21421, "2019": 22708, "2020": 22908, "2021": 23397, "2022": 24706, "2023": 25627}, "vft": {"n_vfts": 47, "n_plazas": 259, "viviendas_total": 4666, "ratio_vft_pct": 1.01, "serie": {"2015": 0, "2016": 0, "2017": 0, "2018": 2, "2019": 8, "2020": 8, "2021": 12, "2022": 18, "2023": 28, "2024": 45, "2025": 45}}}, "geometry": {"type": "Polygon", "coordinates": [[[-3.6053415, 37.1828157], [-3.6052182, 37.18302570000001], [-3.6047543000000006, 37.1838924], [-3.6045829, 37.1842567], [-3.6084509, 37.186132099999995], [-3.6099352, 37.1868424], [-3.6101664, 37.1869282], [-3.6105138, 37.18705039999999], [-3.6110374999999997, 37.1872278], [-3.6106774999999995, 37.18770069999999], [-3.6112281000000004, 37.1884532], [-3.6115927, 37.1889588], [-3.6116176, 37.189021399999994], [-3.6116858, 37.1890799], [-3.6117139, 37.18910389999999], [-3.6122142999999993, 37.18953249999999], [-3.6122444, 37.1895583], [-3.6125157, 37.1897452], [-3.6127449000000005, 37.189903099999995], [-3.6128249999999995, 37.1899552], [-3.6131926999999995, 37.19019449999998], [-3.6132478000000003, 37.190229599999995], [-3.6133709000000005, 37.190308699999996], [-3.6136429, 37.1904836], [-3.6136818000000006, 37.19050909999999], [-3.6145555, 37.19108279999999], [-3.6145745000000002, 37.1910912], [-3.6150013, 37.191176000000006], [-3.6149818999999996, 37.191032699999994], [-3.6149601, 37.1909624], [-3.614928, 37.1908964], [-3.6148436000000004, 37.1907681], [-3.6147444, 37.19062679999999], [-3.6146998, 37.1905384], [-3.6146708999999997, 37.19045189999999], [-3.6146568, 37.1903809], [-3.6146476000000005, 37.19028629999999], [-3.6146509000000004, 37.189603899999994], [-3.6148054, 37.1851866], [-3.614754, 37.1849651], [-3.6147083, 37.18478290000001], [-3.6135951, 37.1829299], [-3.6134829999999996, 37.1829799], [-3.6134572, 37.1829899], [-3.6128357, 37.183231899999996], [-3.6125662000000003, 37.18279359999999], [-3.6122692999999995, 37.18230149999999], [-3.6122472, 37.18226339999999], [-3.6120523, 37.181941099999996], [-3.6120404, 37.1819228], [-3.6118535000000005, 37.1816139], [-3.6118309999999996, 37.1815775], [-3.611451, 37.1809483], [-3.6112344000000003, 37.1805901], [-3.6110812000000005, 37.1803368], [-3.6110421000000006, 37.1802721], [-3.6108385000000003, 37.17993370000001], [-3.610517, 37.1794037], [-3.6101830000000006, 37.1788505], [-3.6098817, 37.17838390000001], [-3.609862299999999, 37.1783539], [-3.6098282, 37.17830099999999], [-3.6097991000000005, 37.1782486], [-3.6097990999999996, 37.17821409999999], [-3.6097800000000007, 37.17816119999999], [-3.6095692, 37.17824989999999], [-3.6094302, 37.1783154], [-3.6093419, 37.17837990000001], [-3.6093163, 37.1784015], [-3.6092871000000004, 37.178424699999994], [-3.6092353000000004, 37.178465599999996], [-3.6089488, 37.17869830000001], [-3.6088381, 37.17878640000001], [-3.6088134000000003, 37.17880600000001], [-3.6087867, 37.1788272], [-3.6086846, 37.17890849999999], [-3.6086461, 37.17893939999999], [-3.6086347, 37.178948600000005], [-3.6085265000000004, 37.179035600000006], [-3.6084981, 37.17905850000001], [-3.6084688000000007, 37.17908200000001], [-3.6080033, 37.179456300000005], [-3.6075646, 37.1798091], [-3.6075255999999998, 37.179840600000006], [-3.6074947, 37.179865299999996], [-3.6073723, 37.1799671], [-3.6072427999999994, 37.1800794], [-3.607110799999999, 37.18018790000001], [-3.6067920999999994, 37.180449899999985], [-3.6066622, 37.180562699999996], [-3.6064722999999996, 37.180741499999996], [-3.6063737, 37.18086829999999], [-3.6062016, 37.18119999999999], [-3.6061801, 37.181239899999994], [-3.6061619, 37.18127390000001], [-3.6060596, 37.181465799999984], [-3.6060368, 37.1815085], [-3.605916599999999, 37.181734600000006], [-3.6058914999999994, 37.18177949999998], [-3.6058749, 37.1818104], [-3.6054548, 37.1826028], [-3.6054417, 37.1826275], [-3.6054284000000005, 37.1826525], [-3.6053415, 37.1828157]]]}}, {"type": "Feature", "properties": {"id": "fargue", "name": "Fargue", "n_secciones": 2, "poblaciones": {"2015": 3957, "2016": 3922, "2017": 3923, "2018": 3858, "2019": 3775, "2020": 3790, "2021": 3870, "2022": 3865, "2023": 3841, "2024": 3817, "2025": 3859}, "superficie_verde_m2": 7049920, "superficie_verde_desglose": {"parques": 10506, "jardines": 361, "arbolado": 7039053}, "no2_serie": {"2015": 40.4, "2016": 39.1, "2017": 42.1, "2018": 38.2, "2019": 42.7, "2020": 27.3, "2021": 24.3, "2022": 25.2, "2023": 24.8, "2024": 22.3}, "estacion_principal": "Granada Palacio de Congresos", "centroide": [-3.536283, 37.198558], "equipamientos": {"sanidad": {"n_dentro_total": 1}, "educacion": {"n_dentro_total": 2}, "agua": {"n_dentro_total": 16}, "reciclaje": {"n_dentro_total": 6}, "aparcabicis": {"n_dentro_total": 0}, "patrimonio": {"n_dentro_total": 22}}, "renta_med_uc": {"2015": 10575, "2016": 10880, "2017": 11317, "2018": 12098, "2019": 12824, "2020": 12599, "2021": 14035, "2022": 14759, "2023": 15912}, "renta_hogar": {"2015": 21943, "2016": 22627, "2017": 23240, "2018": 24163, "2019": 24967, "2020": 24934, "2021": 26454, "2022": 28437, "2023": 31080}, "renta_persona": {"2015": 8436, "2016": 8549, "2017": 8891, "2018": 9298, "2019": 9744, "2020": 9939, "2021": 10696, "2022": 11563, "2023": 12824}, "renta": {"2015": 10575, "2016": 10880, "2017": 11317, "2018": 12098, "2019": 12824, "2020": 12599, "2021": 14035, "2022": 14759, "2023": 15912}, "vft": {"n_vfts": 81, "n_plazas": 417, "viviendas_total": 2173, "ratio_vft_pct": 3.73, "serie": {"2015": 0, "2016": 9, "2017": 17, "2018": 27, "2019": 33, "2020": 36, "2021": 36, "2022": 39, "2023": 50, "2024": 75, "2025": 78}}}, "geometry": {"type": "Polygon", "coordinates": [[[-3.5339423, 37.2169742], [-3.5342694000000003, 37.2170088], [-3.5359432, 37.21782150000001], [-3.5366886, 37.218025499999996], [-3.5383878, 37.2176482], [-3.5388383, 37.2176011], [-3.5392320999999995, 37.21749109999999], [-3.5395008, 37.21723750000001], [-3.5397453999999997, 37.21677669999999], [-3.5410973000000006, 37.21668940000001], [-3.5429460000000006, 37.216725999999994], [-3.5432501999999997, 37.216706599999995], [-3.5425635999999994, 37.218413399999996], [-3.5425651, 37.2186207], [-3.5427161, 37.219251], [-3.5445788000000005, 37.2196571], [-3.5443490000000004, 37.2206136], [-3.5474435, 37.2214557], [-3.5491127, 37.2208998], [-3.5502434, 37.2205233], [-3.5507112999999997, 37.219773], [-3.5511899000000002, 37.2204829], [-3.5514284999999997, 37.2207522], [-3.5515657, 37.221022], [-3.5521665999999996, 37.2214969], [-3.5521044999999996, 37.222263399999996], [-3.5530564999999994, 37.222962], [-3.5530319, 37.224224099999994], [-3.5531246, 37.22457519999999], [-3.5536793, 37.2249062], [-3.554131, 37.2250122], [-3.55448, 37.22495649999999], [-3.554999, 37.2250172], [-3.5556842, 37.2246895], [-3.5559104, 37.2247876], [-3.5563831000000006, 37.224695199999985], [-3.5566633, 37.2244685], [-3.5568081, 37.2242335], [-3.5573916, 37.22387019999999], [-3.5580745, 37.22324499999999], [-3.5583087, 37.2228924], [-3.5587568, 37.222520700000004], [-3.5590003999999995, 37.22193359999999], [-3.5593464999999997, 37.2214813], [-3.5599287, 37.22094669999999], [-3.5601867999999994, 37.22078319999999], [-3.5603648, 37.2204759], [-3.5606791, 37.2202941], [-3.5608126999999996, 37.2200772], [-3.5608452, 37.21989669999999], [-3.5610129999999995, 37.21971569999999], [-3.5610403999999996, 37.218850200000006], [-3.5611957, 37.21851590000001], [-3.5614082, 37.2182986], [-3.5614723999999995, 37.2178296], [-3.5617638, 37.2176028], [-3.5617942, 37.217143], [-3.5627939999999994, 37.215182199999994], [-3.5631959000000006, 37.21466649999999], [-3.5635608, 37.2137183], [-3.5637950999999997, 37.2134017], [-3.5640526000000006, 37.213166099999995], [-3.5643299, 37.21256079999999], [-3.5654169, 37.2117264], [-3.5656954, 37.2112924], [-3.5660998000000004, 37.2111192], [-3.5664924, 37.210864900000004], [-3.5669762, 37.2107634], [-3.5671500999999997, 37.210344299999996], [-3.5671584, 37.2100694], [-3.5674131, 37.2099581], [-3.5674624, 37.20971589999999], [-3.5677665000000003, 37.20970939999999], [-3.5678159, 37.209486799999986], [-3.5682761000000003, 37.2091268], [-3.5685555, 37.208478799999995], [-3.5689007, 37.20809259999999], [-3.5704376999999994, 37.207503399999986], [-3.570865, 37.20705829999999], [-3.5718594999999995, 37.206606699999995], [-3.5720979, 37.2060044], [-3.5728951000000007, 37.205448], [-3.5731498999999998, 37.2050422], [-3.5730595000000003, 37.20451849999999], [-3.5736348, 37.2038966], [-3.5740127999999998, 37.20389], [-3.5741526, 37.2037067], [-3.5743498, 37.2036413], [-3.5745306000000006, 37.2039882], [-3.5747854, 37.2039555], [-3.5749876, 37.2034019], [-3.5755144999999997, 37.203133699999995], [-3.5762831, 37.2027139], [-3.576509, 37.202758100000004], [-3.5767822999999996, 37.2029853], [-3.5769843999999997, 37.20292539999999], [-3.5770399, 37.20264769999999], [-3.5772418999999998, 37.20269189999999], [-3.5774320999999993, 37.202603499999995], [-3.5774716999999994, 37.202313200000006], [-3.5777451, 37.20206389999999], [-3.5781334, 37.20207020000001], [-3.5785494, 37.20173570000001], [-3.5788069000000005, 37.2017578], [-3.5788624, 37.201682], [-3.5787237, 37.201492699999996], [-3.578906, 37.20140119999999], [-3.5792982, 37.2014832], [-3.5797261, 37.2016915], [-3.5800430999999997, 37.201682], [-3.5801817, 37.20143899999999], [-3.5803759, 37.2012497], [-3.5805660000000006, 37.2012276], [-3.580843399999999, 37.20112979999999], [-3.5810018, 37.200946699999996], [-3.5810811, 37.2007416], [-3.5812752, 37.200669000000005], [-3.5814812000000003, 37.2006785], [-3.5816793000000002, 37.20082360000001], [-3.5817467000000005, 37.2007889], [-3.5817348, 37.20065009999999], [-3.5819052000000005, 37.200612199999995], [-3.5822736000000006, 37.20068159999999], [-3.5825232, 37.20059010000001], [-3.5827649000000004, 37.20061539999999], [-3.5830185, 37.2007195], [-3.5831889000000006, 37.2006722], [-3.5833274999999998, 37.2004513], [-3.5834344999999996, 37.200403899999976], [-3.5836445, 37.200448099999996], [-3.5838505000000005, 37.20035969999999], [-3.5842269000000004, 37.2004292], [-3.5845676, 37.200362899999995], [-3.5849835999999997, 37.2004323], [-3.5857325, 37.20042289999999], [-3.5862515, 37.20047339999999], [-3.5866674999999995, 37.200394499999994], [-3.5870399000000006, 37.20011039999999], [-3.5873965000000005, 37.20001889999999], [-3.5878045999999997, 37.20011040000001], [-3.5880699999999996, 37.2000505], [-3.5884860000000005, 37.200129399999994], [-3.5887634, 37.200088300000004], [-3.5892903000000005, 37.19982319999998], [-3.5897973999999997, 37.1999274], [-3.5903680000000002, 37.199839000000004], [-3.5902015999999994, 37.19929309999999], [-3.5899637999999996, 37.1983116], [-3.5892844, 37.19684409999999], [-3.5889009, 37.195986699999985], [-3.5886341000000006, 37.195857399999994], [-3.5878369, 37.19577890000001], [-3.5874176999999996, 37.1957952], [-3.5865342000000004, 37.1960506], [-3.5857575, 37.1963255], [-3.5856178, 37.19632549999999], [-3.5855355999999996, 37.19627319999999], [-3.5855479000000003, 37.1962011], [-3.5859957999999996, 37.1958803], [-3.5861684, 37.19560539999999], [-3.5861972000000004, 37.19536639999999], [-3.5861027000000005, 37.1951438], [-3.5858766999999996, 37.1948361], [-3.5858849, 37.19463639999999], [-3.5859835, 37.194515299999985], [-3.5863493000000006, 37.19437450000001], [-3.5868917000000002, 37.194368000000004], [-3.5870479000000004, 37.194256700000004], [-3.5874013, 37.19406680000001], [-3.587878, 37.1938933], [-3.5880136, 37.1937788], [-3.5874711, 37.1938737], [-3.5871465, 37.19389989999999], [-3.5868753000000004, 37.193844199999994], [-3.5868464999999996, 37.19379839999999], [-3.5869164, 37.193768899999995], [-3.5870314000000003, 37.1937689], [-3.5872985, 37.193674], [-3.5874999, 37.1934972], [-3.5874999, 37.193428499999996], [-3.5874218, 37.1934318], [-3.5873066999999996, 37.1935169], [-3.586908099999999, 37.193539799999996], [-3.5868301, 37.1934907], [-3.5868794000000004, 37.1934318], [-3.5870561, 37.19340559999999], [-3.5872246000000003, 37.1932877], [-3.5872204, 37.193219000000006], [-3.5871342, 37.193219], [-3.5870191, 37.1932812], [-3.5869122, 37.1932485], [-3.5866205, 37.19307820000001], [-3.5863739, 37.1930651], [-3.5861027000000005, 37.1931372], [-3.5855930999999996, 37.19311419999998], [-3.5849808000000003, 37.1929735], [-3.5848041, 37.1928294], [-3.5847435, 37.1926486], [-3.5844291000000004, 37.19276560000001], [-3.5831295, 37.19357740000001], [-3.5827782, 37.19385729999998], [-3.5822275000000006, 37.194384400000004], [-3.5818988, 37.194616800000006], [-3.5814714, 37.19481319999999], [-3.5805220999999996, 37.1951438], [-3.5801687, 37.19531729999999], [-3.5789277, 37.1960768], [-3.5779989000000003, 37.196449900000005], [-3.5769633999999995, 37.196918], [-3.5765648, 37.1970195], [-3.5762894, 37.1970228], [-3.5750772, 37.1970162], [-3.5742346999999994, 37.1969246], [-3.5729526, 37.1967183], [-3.5723855, 37.1967511], [-3.5714321, 37.1970162], [-3.5706267, 37.1948034], [-3.5700842999999995, 37.1942927], [-3.569215, 37.19375420000001], [-3.5691966, 37.1937428], [-3.5686048999999995, 37.19310119999999], [-3.5685227, 37.19268209999999], [-3.5685556, 37.192276199999995], [-3.5682761, 37.19215839999999], [-3.5680952999999995, 37.19194889999999], [-3.5679474, 37.19141199999999], [-3.5677500999999996, 37.191045299999985], [-3.5665674, 37.190827500000005], [-3.5664762000000003, 37.190809599999994], [-3.5665091, 37.1910715], [-3.5662132000000004, 37.1917721], [-3.5659009000000004, 37.19177210000001], [-3.5649804000000005, 37.19143160000001], [-3.5645529999999996, 37.19138579999999], [-3.5641913999999995, 37.1912614], [-3.5638790000000005, 37.1914185], [-3.5637065, 37.19141199999999], [-3.5636243, 37.1913007], [-3.5636571, 37.191097700000014], [-3.5639695, 37.1906983], [-3.5639447999999994, 37.1906132], [-3.5638544, 37.19062629999999], [-3.5634845000000004, 37.19082929999999], [-3.5632709, 37.190809599999994], [-3.5632051, 37.190731099999994], [-3.5632709, 37.19061969999999], [-3.5634269999999995, 37.1905608], [-3.5635996000000003, 37.1903971], [-3.5632955000000006, 37.1902596], [-3.5629502999999993, 37.190194199999986], [-3.5625476, 37.1902335], [-3.5622229000000005, 37.19032790000001], [-3.5605319, 37.1901357], [-3.5597016000000004, 37.19019819999998], [-3.5592246999999997, 37.190470499999996], [-3.5586525, 37.190825], [-3.5581994, 37.1911986], [-3.5576827999999994, 37.19088199999999], [-3.5568085, 37.19076809999999], [-3.5560137, 37.190255199999996], [-3.5538438, 37.190445100000005], [-3.5533431, 37.19117330000001], [-3.5531364, 37.191236599999996], [-3.5525799999999994, 37.1911796], [-3.5522701, 37.1913442], [-3.5520872999999997, 37.1915975], [-3.5520157, 37.1919964], [-3.551658, 37.19255359999999], [-3.5510936999999996, 37.192844799999996], [-3.5507439999999995, 37.193186700000005], [-3.5504022000000006, 37.19345899999999], [-3.5502114999999996, 37.19345899999999], [-3.5497583999999995, 37.1924143], [-3.5492577000000005, 37.192161000000006], [-3.548598, 37.1914265], [-3.5481847000000006, 37.19092], [-3.5473103999999998, 37.19048949999999], [-3.5468971, 37.19004619999999], [-3.5466586, 37.189970300000006], [-3.5459432999999994, 37.1893117], [-3.5453869, 37.18891920000001], [-3.5447828999999995, 37.1886532], [-3.5438927, 37.1887672], [-3.5435747, 37.18845060000001], [-3.5429866000000003, 37.187982], [-3.5428594000000007, 37.187032200000004], [-3.5424778999999997, 37.186475], [-3.5423984000000006, 37.18596839999999], [-3.5422077000000005, 37.1857531], [-3.5419454000000004, 37.18466399999999], [-3.542001, 37.18405609999999], [-3.5421917000000005, 37.1836762], [-3.5422315, 37.183017599999985], [-3.542772, 37.1816624], [-3.5426368, 37.1811305], [-3.5425256, 37.180079299999996], [-3.5425415, 37.1797183], [-3.5422076, 37.17888239999999], [-3.5419215, 37.1787874], [-3.5416830999999998, 37.1791357], [-3.5415559, 37.1791801], [-3.541381, 37.1791231], [-3.5412776999999998, 37.178660799999996], [-3.5412698, 37.1780085], [-3.5411827, 37.1774392], [-3.5406221, 37.17715269999999], [-3.5407948, 37.17665219999999], [-3.5407603, 37.1763845], [-3.5404588, 37.17619929999999], [-3.5402468, 37.17613800000001], [-3.5399500000000006, 37.175940399999995], [-3.5397333000000004, 37.17573889999999], [-3.5396517, 37.175489999999996], [-3.5394805, 37.1753173], [-3.5391398, 37.17515339999999], [-3.5389671000000003, 37.17503330000001], [-3.5384929000000005, 37.17491319999999], [-3.5383860999999994, 37.17481810000001], [-3.5382636, 37.1746104], [-3.5379526999999995, 37.1746905], [-3.5372587000000006, 37.174658], [-3.5369164, 37.1746129], [-3.5366369, 37.174627900000004], [-3.5364641000000003, 37.1745754], [-3.5360809999999994, 37.1742526], [-3.5359397, 37.1742125], [-3.5357858, 37.17425510000001], [-3.5356319, 37.174295099999995], [-3.5355533999999995, 37.1742601], [-3.5355220000000003, 37.1741825], [-3.5357889000000005, 37.1738797], [-3.5360276, 37.17378969999999], [-3.5361784, 37.1738497], [-3.5365678000000003, 37.17415], [-3.5367625, 37.174215], [-3.5371770000000002, 37.1740899], [-3.5372273, 37.17399480000001], [-3.5371769999999993, 37.173904799999995], [-3.5370073999999994, 37.1738998], [-3.5367939, 37.173989799999994], [-3.5366619999999998, 37.173969799999995], [-3.5365928999999996, 37.1738647], [-3.5366431, 37.1736896], [-3.5368127, 37.1736445], [-3.5372900999999994, 37.1736545], [-3.5373843, 37.1735945], [-3.5373026, 37.1733843], [-3.5370577000000005, 37.1732792], [-3.5366807999999996, 37.17318409999999], [-3.5364609999999996, 37.1729989], [-3.5357638000000002, 37.172653600000004], [-3.5355314, 37.1724634], [-3.5354561, 37.1721406], [-3.5358675, 37.1721481], [-3.536346, 37.1719696], [-3.5364641, 37.1719404], [-3.5366526, 37.1718078], [-3.5370828, 37.1716576], [-3.5372603, 37.17142020000001], [-3.5364807999999996, 37.17109930000001], [-3.5359731999999995, 37.17100239999999], [-3.5345887000000005, 37.1711348], [-3.5330565, 37.17109669999999], [-3.5318383999999994, 37.1708768], [-3.5295819, 37.170355], [-3.5248957999999995, 37.1686902], [-3.5232996000000005, 37.169157], [-3.5230415999999996, 37.1693204], [-3.5229412, 37.16945599999999], [-3.5226667, 37.170484900000005], [-3.5222513999999996, 37.170703], [-3.5220424999999995, 37.1714521], [-3.5218206, 37.171939800000004], [-3.5211703999999995, 37.1723934], [-3.5211409, 37.1730245], [-3.5212452, 37.1734477], [-3.5212028999999996, 37.1738535], [-3.5205778, 37.17468559999999], [-3.5192123, 37.17597159999999], [-3.5189565, 37.17645939999999], [-3.5190405000000005, 37.1772073], [-3.5189179999999998, 37.1774151], [-3.5184804, 37.17766939999999], [-3.5177521, 37.17824050000001], [-3.5167872999999994, 37.1788306], [-3.5165423999999996, 37.1792734], [-3.5163877999999995, 37.17973369999999], [-3.5161756, 37.1799961], [-3.5159172000000005, 37.18010540000001], [-3.5154447, 37.18019759999999], [-3.5151726, 37.18160489999999], [-3.5148251, 37.18185880000001], [-3.5144768, 37.1819956], [-3.5127544999999993, 37.18220130000001], [-3.5123039, 37.18220329999999], [-3.5121004000000005, 37.182104999999986], [-3.5117508999999996, 37.1820614], [-3.5112994, 37.1819282], [-3.5106839000000005, 37.18254380000001], [-3.5099778000000006, 37.183087699999994], [-3.5094392, 37.183414500000005], [-3.5094221999999995, 37.1842348], [-3.5089412000000006, 37.18475069999999], [-3.5083359999999995, 37.18523100000001], [-3.5067177, 37.1858329], [-3.5057067000000006, 37.186278900000005], [-3.5049416, 37.18643539999999], [-3.5044820999999997, 37.186797899999995], [-3.5039099, 37.18715189999999], [-3.5017426, 37.1882337], [-3.5013264000000004, 37.1883437], [-3.5008418, 37.1883187], [-3.4998187999999995, 37.1886655], [-3.4991559, 37.18894769999999], [-3.4978391, 37.1891696], [-3.4974448999999996, 37.189180300000004], [-3.4972313999999995, 37.1892803], [-3.4970865999999994, 37.189524299999995], [-3.4971428, 37.19122769999999], [-3.4970875, 37.191390199999994], [-3.4963241, 37.1918081], [-3.4963266999999996, 37.192213699999996], [-3.4979074999999997, 37.19272990000001], [-3.4980325, 37.19288259999999], [-3.4982517, 37.1936659], [-3.4985466000000005, 37.19395310000001], [-3.4988177, 37.194069199999994], [-3.500239, 37.19430659999999], [-3.5007824, 37.19468290000001], [-3.5009648999999996, 37.1950246], [-3.5010175, 37.1961602], [-3.5011320999999995, 37.196457099999996], [-3.5014034, 37.19658220000001], [-3.5020236, 37.196660699999995], [-3.5025890999999993, 37.196973799999995], [-3.5033481, 37.1975926], [-3.5034291, 37.197898699999996], [-3.5032965, 37.1982959], [-3.5026730000000006, 37.199443299999984], [-3.5019404, 37.201123], [-3.5018531, 37.2015561], [-3.5020147, 37.2021323], [-3.5019741000000004, 37.2028085], [-3.5016657000000007, 37.2038915], [-3.5014649, 37.2041898], [-3.5007005000000007, 37.2044815], [-3.5001935, 37.204501699999994], [-3.4995743000000004, 37.20459439999999], [-3.4979769, 37.20502479999998], [-3.4978874, 37.20512429999999], [-3.4979565999999997, 37.2053584], [-3.4978930000000004, 37.20597159999999], [-3.4980765, 37.2064666], [-3.4983607, 37.206834999999984], [-3.4992321999999993, 37.20739919999999], [-3.4997416999999995, 37.20775760000001], [-3.5003749000000006, 37.2080795], [-3.5004773, 37.208232300000006], [-3.5004563, 37.2084577], [-3.5002784000000005, 37.2088281], [-3.5002347, 37.209044600000006], [-3.5002924, 37.209251699999996], [-3.5006891000000007, 37.2095835], [-3.501177, 37.210086200000006], [-3.5018049999999996, 37.21130949999999], [-3.5020311, 37.2114167], [-3.5031482, 37.2116193], [-3.5037825, 37.2121034], [-3.5040669000000007, 37.21250779999999], [-3.5043277, 37.212741], [-3.5048133, 37.2128922], [-3.5056033, 37.2130511], [-3.5060892, 37.2132293], [-3.5064629, 37.2135072], [-3.5069515000000004, 37.21409100000001], [-3.5077479000000005, 37.2152053], [-3.5080773, 37.2155915], [-3.5085192, 37.215941199999996], [-3.50947, 37.216541], [-3.5099469, 37.2170708], [-3.5102236, 37.2163034], [-3.5105354, 37.21574319999999], [-3.5107821, 37.21556189999999], [-3.5112097, 37.215451899999984], [-3.5125164, 37.2153561], [-3.5130002, 37.21522780000001], [-3.5133367000000004, 37.214992], [-3.5137173, 37.21460269999999], [-3.5140180000000005, 37.2140696], [-3.514476, 37.213463700000005], [-3.5145232000000006, 37.21342179999999], [-3.5161787999999996, 37.2119509], [-3.5163913, 37.21170659999999], [-3.5166535, 37.2104886], [-3.5165938, 37.210002100000004], [-3.5166007000000006, 37.2093621], [-3.5168133999999998, 37.20915380000001], [-3.5169930999999997, 37.209062899999985], [-3.5172298000000004, 37.20906179999999], [-3.5190422999999997, 37.2104331], [-3.5194836, 37.21069260000001], [-3.5209752, 37.211262899999994], [-3.5218478999999996, 37.2119802], [-3.5220413, 37.21223170000001], [-3.5221216, 37.21244769999999], [-3.5245591000000003, 37.2128877], [-3.5283812000000006, 37.2147096], [-3.5292627999999997, 37.21507519999999], [-3.5310023, 37.21560829999999], [-3.5314656999999996, 37.215804500000004], [-3.5323844, 37.2166207], [-3.5326672, 37.2167636], [-3.5339423, 37.2169742]]]}}, {"type": "Feature", "properties": {"id": "albaicin", "name": "Albaicín", "n_secciones": 4, "poblaciones": {"2015": 4037, "2016": 3916, "2017": 3835, "2018": 3784, "2019": 3838, "2020": 3825, "2021": 3907, "2022": 3813, "2023": 3872, "2024": 3808, "2025": 3816}, "superficie_verde_m2": 4722, "superficie_verde_desglose": {"parques": 0, "jardines": 2074, "arbolado": 2648}, "no2_serie": {"2015": 35.9, "2016": 36.0, "2017": 36.7, "2018": 33.7, "2020": 24.1, "2021": 20.0, "2022": 20.1, "2023": 20.9, "2024": 17.6}, "estacion_principal": "Granada Palacio de Congresos", "centroide": [-3.590678, 37.184636], "equipamientos": {"sanidad": {"n_dentro_total": 6}, "educacion": {"n_dentro_total": 6}, "agua": {"n_dentro_total": 25}, "reciclaje": {"n_dentro_total": 42}, "aparcabicis": {"n_dentro_total": 2}, "patrimonio": {"n_dentro_total": 18}}, "renta_med_uc": {"2015": 12845, "2016": 13080, "2017": 13641, "2018": 14731, "2019": 15535, "2020": 14585, "2021": 16501, "2022": 17009, "2023": 18731}, "renta_hogar": {"2015": 26022, "2016": 26033, "2017": 26766, "2018": 28351, "2019": 29834, "2020": 28456, "2021": 29927, "2022": 31783, "2023": 34213}, "renta_persona": {"2015": 11337, "2016": 11291, "2017": 11976, "2018": 12724, "2019": 13339, "2020": 12794, "2021": 13758, "2022": 14760, "2023": 16116}, "renta": {"2015": 12845, "2016": 13080, "2017": 13641, "2018": 14731, "2019": 15535, "2020": 14585, "2021": 16501, "2022": 17009, "2023": 18731}, "vft": {"n_vfts": 531, "n_plazas": 2536, "viviendas_total": 2842, "ratio_vft_pct": 18.68, "serie": {"2015": 0, "2016": 40, "2017": 88, "2018": 187, "2019": 241, "2020": 256, "2021": 277, "2022": 314, "2023": 389, "2024": 517, "2025": 529}}}, "geometry": {"type": "Polygon", "coordinates": [[[-3.5991899000000003, 37.182477399999996], [-3.5991782000000003, 37.1822289], [-3.5992062, 37.18220920000001], [-3.599232, 37.1821716], [-3.5992437, 37.1821473], [-3.5993588999999995, 37.1821329], [-3.5993850000000003, 37.18212870000001], [-3.5993738, 37.1821106], [-3.5993507999999994, 37.18197190000001], [-3.5993467000000003, 37.1819488], [-3.5993352, 37.181920700000006], [-3.5992356999999995, 37.1818093], [-3.5992228, 37.18178979999999], [-3.5991194000000006, 37.1814948], [-3.5990716, 37.181283399999984], [-3.5990506999999994, 37.181181200000005], [-3.5990288, 37.1810114], [-3.5990197000000004, 37.18092299999999], [-3.5990263, 37.180794399999996], [-3.5990584, 37.18053239999999], [-3.5990671, 37.180392100000006], [-3.5990515, 37.1802689], [-3.5990050000000013, 37.1800867], [-3.5989922000000005, 37.1800447], [-3.5989433, 37.1798753], [-3.5989158000000003, 37.179794599999994], [-3.5989053, 37.17977059999999], [-3.5987828, 37.179489999999994], [-3.5986768, 37.17925529999999], [-3.598658, 37.1792138], [-3.5985534999999995, 37.1789831], [-3.5985138, 37.17889770000001], [-3.5984071, 37.1787747], [-3.5982961, 37.1786549], [-3.598243, 37.17859369999999], [-3.5981280000000004, 37.17847660000001], [-3.5981206000000006, 37.17847019999999], [-3.5979981000000003, 37.1783606], [-3.5979548000000006, 37.17830849999999], [-3.5979062, 37.178241699999994], [-3.5978615, 37.178165899999996], [-3.5978105000000005, 37.17805439999999], [-3.597801000000001, 37.1780336], [-3.5976637999999994, 37.1777342], [-3.5976454000000007, 37.177705399999994], [-3.5976133000000003, 37.1776744], [-3.5975998000000002, 37.1776626], [-3.5975947, 37.1776582], [-3.597470199999999, 37.17753499999999], [-3.5972523999999995, 37.17738239999999], [-3.5971938000000003, 37.1773406], [-3.5970126, 37.177204999999994], [-3.596881, 37.177083499999995], [-3.5968343, 37.177037000000006], [-3.5967634, 37.1769489], [-3.5967493, 37.176932400000005], [-3.5965860999999997, 37.17672249999999], [-3.5964515000000006, 37.176548499999996], [-3.5964367, 37.17652940000001], [-3.5964117000000004, 37.17649679999999], [-3.5963981, 37.17648049999998], [-3.5957421, 37.1768311], [-3.5955373, 37.17695799999999], [-3.5952454, 37.17711169999999], [-3.5951025000000003, 37.1771924], [-3.5950622000000005, 37.177231], [-3.5949065, 37.17736629999999], [-3.5944912, 37.177651299999994], [-3.5941345, 37.177837800000006], [-3.5937332, 37.17795240000001], [-3.5935049, 37.1779769], [-3.5932080000000006, 37.178071], [-3.5931013999999997, 37.17812059999999], [-3.5929318000000015, 37.17819730000001], [-3.5925381999999995, 37.17841159999999], [-3.5921045999999994, 37.1784856], [-3.5918414000000007, 37.1784189], [-3.5916750000000004, 37.17833879999999], [-3.5913125, 37.178315300000015], [-3.5911033, 37.178351], [-3.5908539999999998, 37.17845369999999], [-3.5906729000000004, 37.17852830000001], [-3.5905321999999993, 37.17854979999999], [-3.5904228, 37.17855589999999], [-3.5901954, 37.17854129999999], [-3.5899480000000006, 37.178546100000005], [-3.5897243, 37.1785625], [-3.5894953, 37.1786088], [-3.5892422, 37.1786907], [-3.588997499999999, 37.17879690000001], [-3.5887456, 37.178951100000006], [-3.5885617000000005, 37.1790298], [-3.588335, 37.1791535], [-3.5882695, 37.17918229999999], [-3.5883197, 37.1792658], [-3.5882149000000005, 37.17930509999999], [-3.5881718000000005, 37.1793575], [-3.5886874999999994, 37.181186100000005], [-3.5882293000000005, 37.181192599999996], [-3.5877587999999996, 37.1810649], [-3.5875143000000005, 37.1810666], [-3.5875163, 37.18112709999999], [-3.5876458000000007, 37.1811713], [-3.587421799999999, 37.181200799999985], [-3.5871978, 37.181191], [-3.5871485000000005, 37.1813154], [-3.5870765999999996, 37.181348099999994], [-3.5872820999999995, 37.1813727], [-3.5876293000000006, 37.18156909999998], [-3.587241, 37.18163630000001], [-3.5873725000000003, 37.18262829999999], [-3.5871917, 37.182661], [-3.5873684, 37.1836858], [-3.5872944, 37.18370869999999], [-3.5875985000000004, 37.1843995], [-3.5867027, 37.184870999999994], [-3.5871054000000004, 37.185263799999994], [-3.5868258999999996, 37.18590549999999], [-3.5863164, 37.18651450000001], [-3.5857904, 37.1869008], [-3.5851822, 37.18717579999999], [-3.5848041, 37.187215099999996], [-3.5840562, 37.1878174], [-3.5834808999999996, 37.18912689999999], [-3.5835302, 37.190298899999995], [-3.583863099999999, 37.1906885], [-3.5837521, 37.1910977], [-3.5836371000000002, 37.1913007], [-3.5830535, 37.19175899999999], [-3.5828974000000002, 37.192053599999994], [-3.5821577000000002, 37.193068399999994], [-3.5816481000000002, 37.193585600000006], [-3.5811632000000007, 37.193991600000004], [-3.5805057, 37.194364699999994], [-3.578525, 37.19517], [-3.5779990000000006, 37.19542529999999], [-3.5776701999999996, 37.195602099999995], [-3.5775243, 37.1958787], [-3.5774277, 37.19645320000001], [-3.5772901, 37.1966103], [-3.5770064999999995, 37.196801], [-3.5766901, 37.19693360000001], [-3.5762894, 37.1970228], [-3.5765648, 37.1970195], [-3.5769633999999995, 37.196918], [-3.5779989000000003, 37.196449900000005], [-3.5789277, 37.1960768], [-3.5801687, 37.19531729999999], [-3.5805220999999996, 37.1951438], [-3.5814714, 37.19481319999999], [-3.5818988, 37.194616800000006], [-3.5822275000000006, 37.194384400000004], [-3.5827782, 37.19385729999998], [-3.5831295, 37.19357740000001], [-3.5844291000000004, 37.19276560000001], [-3.5847435, 37.1926486], [-3.5858356, 37.192387499999995], [-3.5864849000000008, 37.1921649], [-3.5869328, 37.19189649999999], [-3.5874793, 37.1916117], [-3.5877587999999996, 37.191434900000004], [-3.5881615, 37.19090619999999], [-3.5886135000000006, 37.190127100000005], [-3.5889628, 37.18969820000001], [-3.5892895, 37.18972279999999], [-3.5894929000000007, 37.1896966], [-3.5896531999999994, 37.18961959999999], [-3.5897332999999993, 37.1895149], [-3.5897991, 37.189074600000005], [-3.5901299000000004, 37.188632600000005], [-3.5901915000000004, 37.18849509999999], [-3.5905080000000003, 37.18784360000001], [-3.5908121000000004, 37.18754899999999], [-3.5913977, 37.187170900000005], [-3.5915538000000002, 37.18702029999999], [-3.5923407999999997, 37.1869548], [-3.5930907, 37.1868451], [-3.5940133, 37.1868173], [-3.5947571, 37.18642930000001], [-3.5960454000000004, 37.185237599999994], [-3.5963842000000006, 37.185205599999996], [-3.5964734, 37.1850256], [-3.5965204000000006, 37.1849877], [-3.5966096, 37.18494820000001], [-3.5967224, 37.18491919999999], [-3.5968934000000004, 37.184908699999994], [-3.5971228, 37.18490899999999], [-3.5972835, 37.184915100000005], [-3.5974459, 37.1849338], [-3.5976125, 37.184961], [-3.5977601, 37.185004799999994], [-3.5978803, 37.1850526], [-3.5979723999999993, 37.18509759999999], [-3.5981369, 37.18518879999999], [-3.598221, 37.1852213], [-3.5982862, 37.185232299999996], [-3.5983394, 37.18523290000001], [-3.5983977999999994, 37.18522480000001], [-3.5984518, 37.185205100000005], [-3.598494399999999, 37.185175599999994], [-3.5985277000000004, 37.1851409], [-3.5985482000000006, 37.18510460000001], [-3.5985618, 37.1850607], [-3.598563499999999, 37.18501379999999], [-3.5985529000000005, 37.18497270000001], [-3.5985278999999992, 37.1849313], [-3.5984974, 37.1848972], [-3.5984600999999996, 37.184871599999994], [-3.5984077, 37.1848445], [-3.5983553, 37.184826], [-3.5982929000000006, 37.1848084], [-3.5981595999999993, 37.184770099999994], [-3.5980701999999996, 37.1847279], [-3.597993, 37.1846795], [-3.5979345999999994, 37.18463140000001], [-3.5978750999999995, 37.184573799999995], [-3.5978127999999994, 37.18449739999999], [-3.5977316, 37.1843829], [-3.597562899999999, 37.18412759999999], [-3.5973728000000005, 37.18384719999999], [-3.5972910000000002, 37.183727], [-3.5972256, 37.183640399999994], [-3.5971545999999996, 37.183559499999994], [-3.5970608, 37.183479599999984], [-3.5969449000000004, 37.1834003], [-3.5968186999999996, 37.183330299999994], [-3.5966907, 37.18327759999999], [-3.5964884, 37.1832132], [-3.5963949000000004, 37.1831868], [-3.596291500000001, 37.183173], [-3.5962206, 37.18317729999999], [-3.5961533, 37.1831914], [-3.5961145, 37.18320279999999], [-3.5960806, 37.1832194], [-3.5960490000000003, 37.183237], [-3.5960223, 37.18325840000001], [-3.5959657999999997, 37.18330850000001], [-3.5959213000000005, 37.183285000000005], [-3.5958661999999997, 37.18324539999999], [-3.5958291000000004, 37.1832113], [-3.5958004, 37.18317420000001], [-3.5957862, 37.1831401], [-3.5957776000000004, 37.1830864], [-3.5957759, 37.183023000000006], [-3.5958559, 37.18298209999999], [-3.5959717999999996, 37.18293599999999], [-3.5960976, 37.1828895], [-3.5961363999999993, 37.18286080000001], [-3.5962074999999993, 37.18272580000001], [-3.5957996, 37.1827348], [-3.5954953, 37.1827805], [-3.5950956, 37.18278879999999], [-3.5951075, 37.18275749999999], [-3.5955845999999987, 37.182600799999996], [-3.595684, 37.18255469999998], [-3.5957526, 37.1825403], [-3.595741399999999, 37.1825138], [-3.5955878999999995, 37.1825501], [-3.5955591, 37.18246249999999], [-3.5955521, 37.18244259999999], [-3.5961120999999996, 37.1822972], [-3.5962422999999997, 37.18227279999999], [-3.5963797000000004, 37.18225579999999], [-3.596546499999999, 37.182259099999996], [-3.5971696000000004, 37.1823831], [-3.5975656, 37.182457799999995], [-3.5979092, 37.182473200000004], [-3.5980962, 37.1824895], [-3.5982309000000003, 37.18250449999999], [-3.5988693, 37.18257210000001], [-3.5991915, 37.1825096], [-3.5991899000000003, 37.182477399999996]]]}}, {"type": "Feature", "properties": {"id": "joaquina-eguaras", "name": "Joaquina Eguaras", "n_secciones": 6, "poblaciones": {"2015": 8470, "2016": 8398, "2017": 8351, "2018": 8323, "2019": 8286, "2020": 8191, "2021": 8543, "2022": 8467, "2023": 8365, "2024": 8343, "2025": 8379}, "superficie_verde_m2": 64768, "superficie_verde_desglose": {"parques": 46134, "jardines": 15081, "arbolado": 3553}, "no2_serie": {"2015": 47.7, "2016": 44.4, "2017": 51.3, "2018": 46.3, "2019": 42.7, "2020": 33.2, "2021": 32.6, "2022": 35.2, "2023": 32.4, "2024": 31.4}, "estacion_principal": "Granada Norte", "centroide": [-3.610021, 37.201885], "equipamientos": {"sanidad": {"n_dentro_total": 6}, "educacion": {"n_dentro_total": 1}, "agua": {"n_dentro_total": 7}, "reciclaje": {"n_dentro_total": 0}, "aparcabicis": {"n_dentro_total": 0}, "patrimonio": {"n_dentro_total": 0}}, "renta_med_uc": {"2015": 12197, "2016": 12525, "2017": 12948, "2018": 13588, "2019": 13925, "2020": 14047, "2021": 15158, "2022": 15952, "2023": 17150}, "renta_hogar": {"2015": 20820, "2016": 21733, "2017": 22035, "2018": 22759, "2019": 23528, "2020": 24525, "2021": 25519, "2022": 26788, "2023": 29214}, "renta_persona": {"2015": 9172, "2016": 9606, "2017": 9810, "2018": 10269, "2019": 10840, "2020": 10899, "2021": 11486, "2022": 12168, "2023": 13138}, "renta": {"2015": 12197, "2016": 12525, "2017": 12948, "2018": 13588, "2019": 13925, "2020": 14047, "2021": 15158, "2022": 15952, "2023": 17150}, "vft": {"n_vfts": 4, "n_plazas": 24, "viviendas_total": 4630, "ratio_vft_pct": 0.09, "serie": {"2015": 0, "2016": 1, "2017": 1, "2018": 1, "2019": 2, "2020": 2, "2021": 2, "2022": 3, "2023": 3, "2024": 4, "2025": 4}}}, "geometry": {"type": "Polygon", "coordinates": [[[-3.6093015, 37.20735439999999], [-3.609356, 37.20731359999999], [-3.6121523, 37.2057116], [-3.6164428, 37.20325929999999], [-3.6145733, 37.201328999999994], [-3.6126084000000005, 37.19938719999999], [-3.6106124, 37.197454099999995], [-3.6102585, 37.197079599999995], [-3.6042062, 37.19879649999999], [-3.6045715, 37.19960290000001], [-3.6048601000000002, 37.20015930000001], [-3.6048738999999994, 37.20018629999999], [-3.6052618999999995, 37.2009399], [-3.6053483, 37.20110640000001], [-3.6055832, 37.201555299999995], [-3.6057728000000004, 37.20192109999999], [-3.6057890000000006, 37.201952600000006], [-3.6057970000000004, 37.201967999999994], [-3.606036900000001, 37.202445100000006], [-3.6060469, 37.20246569999999], [-3.6060608999999997, 37.20249400000001], [-3.6062903, 37.2029569], [-3.6064584999999996, 37.2032405], [-3.6066723, 37.20354329999999], [-3.6067756999999996, 37.203688], [-3.606844700000001, 37.203781299999996], [-3.6068957000000004, 37.203851500000006], [-3.6069846000000014, 37.203947400000004], [-3.6072877000000005, 37.204380300000004], [-3.6075105, 37.20468489999999], [-3.6075601, 37.20477439999999], [-3.6077792, 37.205080099999996], [-3.6078437000000005, 37.205171099999994], [-3.6081328, 37.2055785], [-3.6088689, 37.20659390000001], [-3.6089789999999997, 37.2067707], [-3.6091254999999998, 37.2070466], [-3.609167300000001, 37.2071174], [-3.6091814, 37.20714160000001], [-3.6091945, 37.2071636], [-3.6092764000000006, 37.207302500000004], [-3.6093015, 37.20735439999999]]]}}, {"type": "Feature", "properties": {"id": "la-cruz", "name": "La Cruz", "n_secciones": 7, "poblaciones": {"2015": 9975, "2016": 10199, "2017": 10398, "2018": 10568, "2019": 10761, "2020": 10834, "2021": 10976, "2022": 12083, "2023": 11510, "2024": 11805, "2025": 12312}, "superficie_verde_m2": 240774, "superficie_verde_desglose": {"parques": 196339, "jardines": 30007, "arbolado": 14428}, "no2_serie": {"2015": 47.7, "2016": 44.4, "2017": 51.3, "2018": 46.3, "2019": 42.7, "2020": 33.2, "2021": 32.5, "2022": 35.2, "2023": 32.4, "2024": 31.4}, "estacion_principal": "Granada Norte", "centroide": [-3.617853, 37.199475], "equipamientos": {"sanidad": {"n_dentro_total": 9}, "educacion": {"n_dentro_total": 6}, "agua": {"n_dentro_total": 7}, "reciclaje": {"n_dentro_total": 12}, "aparcabicis": {"n_dentro_total": 7}, "patrimonio": {"n_dentro_total": 0}}, "renta_med_uc": {"2015": 18000, "2016": 18084, "2017": 18072, "2018": 18978, "2019": 19969, "2020": 20340, "2021": 21624, "2022": 22757, "2023": 23802}, "renta_hogar": {"2015": 31228, "2016": 32105, "2017": 32712, "2018": 34519, "2019": 35199, "2020": 35546, "2021": 37431, "2022": 39363, "2023": 41657}, "renta_persona": {"2015": 12942, "2016": 13163, "2017": 13300, "2018": 14073, "2019": 14406, "2020": 14685, "2021": 15367, "2022": 16274, "2023": 17140}, "renta": {"2015": 18000, "2016": 18084, "2017": 18072, "2018": 18978, "2019": 19969, "2020": 20340, "2021": 21624, "2022": 22757, "2023": 23802}, "vft": {"n_vfts": 27, "n_plazas": 124, "viviendas_total": 6682, "ratio_vft_pct": 0.4, "serie": {"2015": 0, "2016": 11, "2017": 12, "2018": 14, "2019": 16, "2020": 16, "2021": 16, "2022": 19, "2023": 22, "2024": 25, "2025": 25}}}, "geometry": {"type": "Polygon", "coordinates": [[[-3.6145745000000002, 37.1910912], [-3.6145555, 37.19108279999999], [-3.6136818000000006, 37.19050909999999], [-3.6136429, 37.1904836], [-3.6133709000000005, 37.190308699999996], [-3.6132478000000003, 37.190229599999995], [-3.6131926999999995, 37.19019449999998], [-3.6128249999999995, 37.1899552], [-3.6127449000000005, 37.189903099999995], [-3.6125157, 37.1897452], [-3.6122444, 37.1895583], [-3.6122142999999993, 37.18953249999999], [-3.6117139, 37.18910389999999], [-3.6116858, 37.1890799], [-3.6116176, 37.189021399999994], [-3.6112589, 37.18935590000001], [-3.6110717000000006, 37.18960930000001], [-3.6106632000000003, 37.19024110000001], [-3.6104592000000006, 37.190531199999995], [-3.6104071000000006, 37.190599899999995], [-3.6103847, 37.1906274], [-3.6103602999999995, 37.1906527], [-3.6103275, 37.1906865], [-3.6102492999999996, 37.1907667], [-3.6101186000000003, 37.19088380000001], [-3.6099686, 37.19098549999999], [-3.6098069000000006, 37.19108349999999], [-3.6096738, 37.191148500000004], [-3.6095109000000005, 37.191215899999996], [-3.6094315, 37.1912423], [-3.6092494000000004, 37.1912991], [-3.6090793, 37.191335800000004], [-3.6090454, 37.19134309999999], [-3.6090058000000003, 37.19135070000001], [-3.6089306999999997, 37.1913649], [-3.6081400999999995, 37.19151359999999], [-3.6081053999999995, 37.19152009999999], [-3.6080700999999995, 37.191526800000005], [-3.6080452, 37.191534399999995], [-3.6076795, 37.19163240000001], [-3.6078242000000005, 37.1918019], [-3.6082046, 37.1931194], [-3.6085448000000007, 37.1942749], [-3.6086415, 37.19452809999999], [-3.6087573, 37.1947515], [-3.6089086000000004, 37.1949912], [-3.6100891, 37.196759500000006], [-3.6102585, 37.197079599999995], [-3.6106124, 37.197454099999995], [-3.6126084000000005, 37.19938719999999], [-3.6145733, 37.201328999999994], [-3.6164428, 37.20325929999999], [-3.6223756, 37.20956129999999], [-3.6230757000000002, 37.2104187], [-3.6239531, 37.2102158], [-3.6240876, 37.2101159], [-3.6242918, 37.20988849999999], [-3.6249946000000004, 37.20937749999999], [-3.625534, 37.208929], [-3.6256488, 37.20875100000001], [-3.6256638, 37.20855720000001], [-3.6256647, 37.20852790000001], [-3.6256727, 37.20827769999999], [-3.6258065, 37.2081058], [-3.6262663000000006, 37.2078239], [-3.6262938000000005, 37.20779259999999], [-3.6265454000000004, 37.207507], [-3.6267549999999997, 37.206965], [-3.6269668, 37.2066845], [-3.6274678, 37.2063497], [-3.6229899, 37.19870809999999], [-3.6229746000000005, 37.1986816], [-3.6215487, 37.19625080000001], [-3.6194963999999996, 37.1953418], [-3.6183316000000003, 37.1946222], [-3.6173569999999997, 37.193719600000016], [-3.6152007, 37.1913439], [-3.6150013, 37.191176000000006], [-3.6145745000000002, 37.1910912]]]}}, {"type": "Feature", "properties": {"id": "san-francisco-javier", "name": "San Francisco Javier", "n_secciones": 4, "poblaciones": {"2015": 4805, "2016": 4708, "2017": 4678, "2018": 4671, "2019": 4658, "2020": 4598, "2021": 4606, "2022": 4541, "2023": 4580, "2024": 4583, "2025": 4612}, "superficie_verde_m2": 45551, "superficie_verde_desglose": {"parques": 22692, "jardines": 17291, "arbolado": 5568}, "no2_serie": {"2015": 47.7, "2016": 44.4, "2017": 51.3, "2018": 46.3, "2019": 42.7, "2020": 33.2, "2021": 32.5, "2022": 35.2, "2023": 32.4, "2024": 31.4}, "estacion_principal": "Granada Norte", "centroide": [-3.605176, 37.193868], "equipamientos": {"sanidad": {"n_dentro_total": 8}, "educacion": {"n_dentro_total": 4}, "agua": {"n_dentro_total": 5}, "reciclaje": {"n_dentro_total": 14}, "aparcabicis": {"n_dentro_total": 2}, "patrimonio": {"n_dentro_total": 0}}, "renta_med_uc": {"2015": 17207, "2016": 17650, "2017": 18195, "2018": 18841, "2019": 19756, "2020": 20262, "2021": 20912, "2022": 21620, "2023": 23338}, "renta_hogar": {"2015": 30045, "2016": 30027, "2017": 30649, "2018": 32342, "2019": 32863, "2020": 32983, "2021": 34207, "2022": 35296, "2023": 37851}, "renta_persona": {"2015": 12754, "2016": 12925, "2017": 13382, "2018": 14136, "2019": 14591, "2020": 14831, "2021": 15535, "2022": 16311, "2023": 17602}, "renta": {"2015": 17207, "2016": 17650, "2017": 18195, "2018": 18841, "2019": 19756, "2020": 20262, "2021": 20912, "2022": 21620, "2023": 23338}, "vft": {"n_vfts": 36, "n_plazas": 209, "viviendas_total": 3136, "ratio_vft_pct": 1.15, "serie": {"2015": 0, "2016": 0, "2017": 1, "2018": 2, "2019": 3, "2020": 3, "2021": 4, "2022": 6, "2023": 13, "2024": 32, "2025": 35}}}, "geometry": {"type": "Polygon", "coordinates": [[[-3.6055559000000006, 37.1892954], [-3.6054629, 37.18932799999999], [-3.6054257000000005, 37.18934189999999], [-3.6050536, 37.1894746], [-3.6045392999999994, 37.189658099999995], [-3.6044697000000006, 37.1896829], [-3.6043753999999995, 37.189716600000004], [-3.6039214999999998, 37.18987849999999], [-3.603894, 37.18988829999999], [-3.6037557000000002, 37.18993770000001], [-3.6036903, 37.1899598], [-3.6036616999999995, 37.189966999999996], [-3.6036211, 37.189976300000005], [-3.6025963000000005, 37.190222600000006], [-3.6025278, 37.1902394], [-3.6022844000000003, 37.1902977], [-3.6021659, 37.190313399999994], [-3.6017205, 37.1903416], [-3.60166, 37.19034460000001], [-3.6012689000000004, 37.1903668], [-3.6008426, 37.19038540000001], [-3.6007778999999998, 37.1903855], [-3.6007370999999995, 37.19038710000001], [-3.6006484, 37.1903932], [-3.6007905000000004, 37.1912405], [-3.600845, 37.19170479999999], [-3.6008579, 37.1921076], [-3.6008316, 37.192611600000006], [-3.6010401999999995, 37.19382389999999], [-3.6011062, 37.194157100000005], [-3.6011645, 37.1944515], [-3.6013406999999997, 37.1953058], [-3.6013479000000004, 37.1953407], [-3.6013549999999985, 37.19537549999999], [-3.6013586, 37.195403899999995], [-3.6013622, 37.1954584], [-3.6014572, 37.19543999999999], [-3.6014883000000006, 37.19543149999999], [-3.6015164, 37.195423999999996], [-3.6032664999999997, 37.194955], [-3.6034937, 37.19489909999999], [-3.6038561, 37.1947975], [-3.6040437, 37.194738], [-3.6041755, 37.1946738], [-3.6043396, 37.1945463], [-3.6044371000000006, 37.19470220000001], [-3.6044513, 37.19476819999999], [-3.6044516, 37.194869999999995], [-3.6044220999999994, 37.1950788], [-3.6044124, 37.1951464], [-3.6044087, 37.195175799999994], [-3.6044045, 37.19520909999999], [-3.6043974, 37.195265799999994], [-3.6043850000000006, 37.195361399999996], [-3.6043778000000004, 37.1954154], [-3.6043737, 37.1954463], [-3.6043688000000005, 37.195483], [-3.6043215999999996, 37.1958375], [-3.604292, 37.19604259999999], [-3.604216, 37.196569100000005], [-3.6042091, 37.19661630000001], [-3.6042039000000003, 37.196652699999994], [-3.6041919, 37.19673599999999], [-3.6041693000000006, 37.1969015], [-3.6041426000000003, 37.197106999999995], [-3.6041307, 37.1973041], [-3.6041296, 37.1973524], [-3.6041233, 37.1976144], [-3.6041291, 37.197681300000006], [-3.6042099000000003, 37.198306599999995], [-3.6042277, 37.1984944], [-3.6042062, 37.19879649999999], [-3.6102585, 37.197079599999995], [-3.6100891, 37.196759500000006], [-3.6089086000000004, 37.1949912], [-3.6087573, 37.1947515], [-3.6086415, 37.19452809999999], [-3.6085448000000007, 37.1942749], [-3.6082046, 37.1931194], [-3.6078242000000005, 37.1918019], [-3.6076795, 37.19163240000001], [-3.6075149999999994, 37.19134100000001], [-3.6062133, 37.19004590000001], [-3.60584, 37.189588500000006], [-3.6058139999999996, 37.1895599], [-3.6055559000000006, 37.1892954]]]}}, {"type": "Feature", "properties": {"id": "san-ildefonso", "name": "San Ildefonso", "n_secciones": 3, "poblaciones": {"2015": 3956, "2016": 3849, "2017": 3850, "2018": 3899, "2019": 3955, "2020": 3939, "2021": 4077, "2022": 4090, "2023": 4209, "2024": 4342, "2025": 4479}, "superficie_verde_m2": 89384, "superficie_verde_desglose": {"parques": 25910, "jardines": 39777, "arbolado": 23697}, "no2_serie": {"2015": 47.7, "2016": 44.4, "2017": 51.3, "2018": 46.3, "2019": 42.7, "2020": 33.2, "2021": 32.6, "2022": 35.2, "2023": 32.4, "2024": 31.4}, "estacion_principal": "Granada Norte", "centroide": [-3.597537, 37.191276], "equipamientos": {"sanidad": {"n_dentro_total": 5}, "educacion": {"n_dentro_total": 15}, "agua": {"n_dentro_total": 21}, "reciclaje": {"n_dentro_total": 14}, "aparcabicis": {"n_dentro_total": 1}, "patrimonio": {"n_dentro_total": 5}}, "renta_med_uc": {"2015": 17882, "2016": 18109, "2017": 18815, "2018": 19250, "2019": 18688, "2020": 18786, "2021": 20015, "2022": 20980, "2023": 22848}, "renta_hogar": {"2015": 32069, "2016": 32603, "2017": 32691, "2018": 33479, "2019": 34198, "2020": 33152, "2021": 35240, "2022": 36551, "2023": 40298}, "renta_persona": {"2015": 13921, "2016": 14249, "2017": 14469, "2018": 15030, "2019": 15321, "2020": 15006, "2021": 15940, "2022": 17014, "2023": 18535}, "renta": {"2015": 17882, "2016": 18109, "2017": 18815, "2018": 19250, "2019": 18688, "2020": 18786, "2021": 20015, "2022": 20980, "2023": 22848}, "vft": {"n_vfts": 142, "n_plazas": 671, "viviendas_total": 3287, "ratio_vft_pct": 4.32, "serie": {"2015": 0, "2016": 9, "2017": 32, "2018": 53, "2019": 66, "2020": 71, "2021": 74, "2022": 84, "2023": 99, "2024": 139, "2025": 141}}}, "geometry": {"type": "Polygon", "coordinates": [[[-3.6037866, 37.186865], [-3.603734, 37.1867567], [-3.6037221, 37.1866663], [-3.6037322999999994, 37.1866003], [-3.6045829, 37.1842567], [-3.6018898000000004, 37.18284849999999], [-3.6012408, 37.1825079], [-3.6012051, 37.18247840000001], [-3.6010908, 37.1824538], [-3.6009187999999996, 37.182416800000006], [-3.6006272, 37.1823541], [-3.6003019, 37.18228419999999], [-3.6002717999999994, 37.18227769999999], [-3.6001520999999994, 37.18225189999999], [-3.6001254, 37.1822467], [-3.5996119000000006, 37.1821482], [-3.5995996, 37.182147], [-3.5995862999999995, 37.18214600000002], [-3.5995733, 37.18214509999999], [-3.59941, 37.1821407], [-3.5993850000000003, 37.18212870000001], [-3.5993588999999995, 37.1821329], [-3.5992437, 37.1821473], [-3.599232, 37.1821716], [-3.5992062, 37.18220920000001], [-3.5991782000000003, 37.1822289], [-3.5991899000000003, 37.182477399999996], [-3.5991915, 37.1825096], [-3.5988693, 37.18257210000001], [-3.5982309000000003, 37.18250449999999], [-3.5980962, 37.1824895], [-3.5979092, 37.182473200000004], [-3.5975656, 37.182457799999995], [-3.5971696000000004, 37.1823831], [-3.596546499999999, 37.182259099999996], [-3.5963797000000004, 37.18225579999999], [-3.5962422999999997, 37.18227279999999], [-3.5961120999999996, 37.1822972], [-3.5955521, 37.18244259999999], [-3.5955591, 37.18246249999999], [-3.5955878999999995, 37.1825501], [-3.595741399999999, 37.1825138], [-3.5957526, 37.1825403], [-3.595684, 37.18255469999998], [-3.5955845999999987, 37.182600799999996], [-3.5951075, 37.18275749999999], [-3.5950956, 37.18278879999999], [-3.5954953, 37.1827805], [-3.5957996, 37.1827348], [-3.5962074999999993, 37.18272580000001], [-3.5961363999999993, 37.18286080000001], [-3.5960976, 37.1828895], [-3.5959717999999996, 37.18293599999999], [-3.5958559, 37.18298209999999], [-3.5957759, 37.183023000000006], [-3.5957776000000004, 37.1830864], [-3.5957862, 37.1831401], [-3.5958004, 37.18317420000001], [-3.5958291000000004, 37.1832113], [-3.5958661999999997, 37.18324539999999], [-3.5959213000000005, 37.183285000000005], [-3.5959657999999997, 37.18330850000001], [-3.5960223, 37.18325840000001], [-3.5960490000000003, 37.183237], [-3.5960806, 37.1832194], [-3.5961145, 37.18320279999999], [-3.5961533, 37.1831914], [-3.5962206, 37.18317729999999], [-3.596291500000001, 37.183173], [-3.5963949000000004, 37.1831868], [-3.5964884, 37.1832132], [-3.5966907, 37.18327759999999], [-3.5968186999999996, 37.183330299999994], [-3.5969449000000004, 37.1834003], [-3.5970608, 37.183479599999984], [-3.5971545999999996, 37.183559499999994], [-3.5972256, 37.183640399999994], [-3.5972910000000002, 37.183727], [-3.5973728000000005, 37.18384719999999], [-3.597562899999999, 37.18412759999999], [-3.5977316, 37.1843829], [-3.5978127999999994, 37.18449739999999], [-3.5978750999999995, 37.184573799999995], [-3.5979345999999994, 37.18463140000001], [-3.597993, 37.1846795], [-3.5980701999999996, 37.1847279], [-3.5981595999999993, 37.184770099999994], [-3.5982929000000006, 37.1848084], [-3.5983553, 37.184826], [-3.5984077, 37.1848445], [-3.5984600999999996, 37.184871599999994], [-3.5984974, 37.1848972], [-3.5985278999999992, 37.1849313], [-3.5985529000000005, 37.18497270000001], [-3.598563499999999, 37.18501379999999], [-3.5985618, 37.1850607], [-3.5985482000000006, 37.18510460000001], [-3.5985277000000004, 37.1851409], [-3.598494399999999, 37.185175599999994], [-3.5984518, 37.185205100000005], [-3.5983977999999994, 37.18522480000001], [-3.5983394, 37.18523290000001], [-3.5982862, 37.185232299999996], [-3.598221, 37.1852213], [-3.5981369, 37.18518879999999], [-3.5979723999999993, 37.18509759999999], [-3.5978803, 37.1850526], [-3.5977601, 37.185004799999994], [-3.5976125, 37.184961], [-3.5974459, 37.1849338], [-3.5972835, 37.184915100000005], [-3.5971228, 37.18490899999999], [-3.5968934000000004, 37.184908699999994], [-3.5967224, 37.18491919999999], [-3.5966096, 37.18494820000001], [-3.5965204000000006, 37.1849877], [-3.5964734, 37.1850256], [-3.5963842000000006, 37.185205599999996], [-3.596560499999999, 37.1853618], [-3.5967368, 37.18539179999999], [-3.5970006, 37.1853298], [-3.5970693000000002, 37.1853204], [-3.5971693000000005, 37.1853208], [-3.5972274, 37.1853282], [-3.5972841999999994, 37.1853446], [-3.5973299, 37.185362699999985], [-3.5974211, 37.18541329999999], [-3.5975342, 37.185497], [-3.5976702000000005, 37.185613], [-3.5977642, 37.1857068], [-3.5978014, 37.1857526], [-3.5979191000000004, 37.18591570000001], [-3.5979744000000005, 37.1859742], [-3.5980599, 37.1860438], [-3.5981233000000006, 37.1860891], [-3.5982029999999994, 37.186126400000006], [-3.5982805, 37.1861486], [-3.5983623, 37.1861592], [-3.5984386000000006, 37.1861632], [-3.5985333999999987, 37.1861567], [-3.5987553, 37.1861234], [-3.5988493999999998, 37.1861193], [-3.5989294, 37.18612189999999], [-3.5989999999999998, 37.186132400000005], [-3.5990724, 37.186153399999995], [-3.5991315999999998, 37.186182200000005], [-3.5991766, 37.1862147], [-3.5992184, 37.186256900000004], [-3.5992464, 37.1863032], [-3.5992629000000003, 37.186367100000005], [-3.5992661, 37.186443800000006], [-3.5992561, 37.1865046], [-3.599229499999999, 37.1865737], [-3.5990231999999995, 37.1869855], [-3.5989974, 37.1870671], [-3.5989847, 37.18714920000001], [-3.5989866, 37.187222600000005], [-3.5990048, 37.18729830000001], [-3.5990363999999997, 37.1873733], [-3.5990832999999993, 37.18745169999998], [-3.5991665999999998, 37.1875554], [-3.5993627, 37.187794499999995], [-3.5994151, 37.187849499999984], [-3.5994531, 37.1879021], [-3.5994924000000013, 37.187939100000015], [-3.5994588999999997, 37.18795660000001], [-3.599325999999999, 37.18795409999999], [-3.5987292000000006, 37.18794630000001], [-3.5982227, 37.1879396], [-3.5981495000000003, 37.18795300000001], [-3.5980788, 37.187978199999996], [-3.5977087, 37.18818530000001], [-3.5976456000000003, 37.1882428], [-3.5976011, 37.1882982], [-3.5975066999999994, 37.188478399999994], [-3.597468399999999, 37.18851769999999], [-3.5974260000000005, 37.188545199999986], [-3.5971272, 37.1887392], [-3.5970019, 37.18881419999999], [-3.5968645, 37.1888818], [-3.5966463000000006, 37.189005300000005], [-3.5966104, 37.1890268], [-3.5960407000000005, 37.18916649999999], [-3.5955007, 37.18924280000001], [-3.5952284, 37.18926160000001], [-3.5950608000000006, 37.18928970000001], [-3.5949736000000003, 37.1892912], [-3.5948955000000002, 37.18927500000001], [-3.5947939, 37.189288799999986], [-3.5942969, 37.189360699999995], [-3.5941577, 37.1893811], [-3.5933774, 37.18949529999999], [-3.5933088000000004, 37.18950569999999], [-3.5932362, 37.18949949999999], [-3.5932299, 37.1895361], [-3.5931493000000003, 37.1897081], [-3.593057, 37.1898105], [-3.5926752, 37.1901583], [-3.5926366, 37.1902384], [-3.5925923, 37.190359599999994], [-3.5925795000000003, 37.190459999999995], [-3.5925883000000005, 37.1906401], [-3.5926767, 37.1911232], [-3.5927507000000003, 37.19173539999999], [-3.5927571, 37.1917911], [-3.592800899999999, 37.1921722], [-3.5928207000000003, 37.1925426], [-3.5928239, 37.192832599999996], [-3.5928173, 37.19295009999999], [-3.5927971000000003, 37.19305940000001], [-3.5927568, 37.19316739999999], [-3.5926993000000005, 37.193270899999995], [-3.5925246999999993, 37.19350020000001], [-3.5922679999999994, 37.19377649999999], [-3.5922055000000004, 37.19388690000001], [-3.5921741000000003, 37.1939892], [-3.592183, 37.1940607], [-3.5921996, 37.194111199999995], [-3.5922376, 37.19416520000001], [-3.5923036, 37.1942359], [-3.5925373, 37.19441999999999], [-3.5926934, 37.1945671], [-3.5928215999999993, 37.194715799999976], [-3.5928652999999997, 37.1947946], [-3.592901, 37.19488419999999], [-3.5929142, 37.194974499999994], [-3.5929099000000004, 37.19507029999998], [-3.5928527000000003, 37.1955374], [-3.5928455, 37.1957422], [-3.5928434, 37.1958012], [-3.5928647000000002, 37.1959888], [-3.5928588000000006, 37.196117], [-3.5928167999999996, 37.19620139999999], [-3.5927451000000006, 37.19626250000001], [-3.5926333, 37.19630109999999], [-3.5925198, 37.1962948], [-3.5924186, 37.19625460000001], [-3.592354, 37.19620089999999], [-3.5923080999999994, 37.1961134], [-3.5922940999999997, 37.19600330000001], [-3.5923101, 37.195875900000004], [-3.5923438000000005, 37.19574969999999], [-3.592457599999999, 37.195364899999994], [-3.5924705, 37.1952535], [-3.5924513999999994, 37.1951671], [-3.5924115, 37.19506559999999], [-3.5923399, 37.19497560000001], [-3.5921785999999996, 37.19485420000001], [-3.5919806, 37.194762699999984], [-3.5917551, 37.194676900000005], [-3.5915216000000005, 37.19460329999999], [-3.5912596, 37.1945415], [-3.5911078, 37.194530900000004], [-3.5907682, 37.194566300000005], [-3.5903723, 37.194617599999994], [-3.5900888999999996, 37.19464909999999], [-3.5899971000000006, 37.1946622], [-3.5899031999999997, 37.1946843], [-3.5898399000000003, 37.1947117], [-3.5897916, 37.194744699999994], [-3.589757399999999, 37.19478369999999], [-3.5897351, 37.19482570000001], [-3.5897208000000003, 37.194871], [-3.5897207, 37.19491569999999], [-3.5897330999999997, 37.19496159999999], [-3.5897551, 37.1950052], [-3.5897817999999995, 37.195041599999996], [-3.5898224999999995, 37.1950755], [-3.5898916, 37.1951053], [-3.5899589, 37.1951212], [-3.5900328, 37.195127199999995], [-3.5901084000000005, 37.19511990000001], [-3.5901936000000005, 37.19509450000001], [-3.5909945999999997, 37.1948046], [-3.5911389, 37.194783499999986], [-3.59125, 37.1947869], [-3.5913474000000005, 37.1948032], [-3.5914328, 37.1948322], [-3.5915145, 37.194870800000004], [-3.5915851999999995, 37.1949198], [-3.5916420999999996, 37.19497489999999], [-3.5916823, 37.195040500000005], [-3.5917100000000004, 37.1951157], [-3.5917180999999996, 37.195183500000006], [-3.5917130000000004, 37.19523960000001], [-3.5916889, 37.195307299999996], [-3.5916419, 37.195372199999994], [-3.5915709, 37.195434299999995], [-3.591469, 37.195493299999995], [-3.5913397, 37.19553100000001], [-3.5911975, 37.19554860000001], [-3.590958, 37.19554269999999], [-3.5907031000000003, 37.1955322], [-3.5905100999999995, 37.1955498], [-3.5903607, 37.1955817], [-3.5895129000000003, 37.19581560000001], [-3.5890727000000004, 37.195936999999994], [-3.5889009, 37.195986699999985], [-3.5892844, 37.19684409999999], [-3.5899637999999996, 37.1983116], [-3.5902015999999994, 37.19929309999999], [-3.5903680000000002, 37.199839000000004], [-3.5911283000000003, 37.19963659999999], [-3.5918129999999997, 37.1993538], [-3.5924891999999997, 37.199475], [-3.5930048000000006, 37.1993875], [-3.5934781000000005, 37.199098], [-3.594483900000001, 37.19901049999999], [-3.5953714, 37.19878150000001], [-3.5965546999999995, 37.19789959999999], [-3.5971971000000003, 37.1973609], [-3.5977296, 37.1968291], [-3.5979747, 37.1968291], [-3.5982705, 37.196970399999984], [-3.5985663999999997, 37.19697039999999], [-3.5987861, 37.1967954], [-3.5995046, 37.195947099999984], [-3.5998765, 37.19594029999999], [-3.600248399999999, 37.19598069999999], [-3.6005188000000006, 37.19589320000001], [-3.600730199999999, 37.19559689999999], [-3.6013622, 37.1954584], [-3.6013586, 37.195403899999995], [-3.6013549999999985, 37.19537549999999], [-3.6013479000000004, 37.1953407], [-3.6013406999999997, 37.1953058], [-3.6011645, 37.1944515], [-3.6011062, 37.194157100000005], [-3.6010401999999995, 37.19382389999999], [-3.6008316, 37.192611600000006], [-3.6008579, 37.1921076], [-3.600845, 37.19170479999999], [-3.6007905000000004, 37.1912405], [-3.6006484, 37.1903932], [-3.6007370999999995, 37.19038710000001], [-3.6007778999999998, 37.1903855], [-3.6008426, 37.19038540000001], [-3.6012689000000004, 37.1903668], [-3.60166, 37.19034460000001], [-3.6017205, 37.1903416], [-3.6021659, 37.190313399999994], [-3.6022844000000003, 37.1902977], [-3.6025278, 37.1902394], [-3.6025963000000005, 37.190222600000006], [-3.6036211, 37.189976300000005], [-3.6036616999999995, 37.189966999999996], [-3.6036903, 37.1899598], [-3.6037557000000002, 37.18993770000001], [-3.603894, 37.18988829999999], [-3.6039214999999998, 37.18987849999999], [-3.6043753999999995, 37.189716600000004], [-3.6044697000000006, 37.1896829], [-3.6045392999999994, 37.189658099999995], [-3.6050536, 37.1894746], [-3.6054257000000005, 37.18934189999999], [-3.6054629, 37.18932799999999], [-3.6055559000000006, 37.1892954], [-3.6054479000000006, 37.1891934], [-3.6054185, 37.189165599999995], [-3.6053957000000003, 37.189144000000006], [-3.6050102999999996, 37.188772500000006], [-3.6047558999999993, 37.18845919999999], [-3.6045617, 37.1881434], [-3.604406, 37.1878811], [-3.6039799000000006, 37.1871631], [-3.6039607000000005, 37.1871336], [-3.6037866, 37.186865]]]}}, {"type": "Feature", "properties": {"id": "plaza-toros-doctores-san-lazaro", "name": "Plaza Toros - Doctores - San Lázaro", "n_secciones": 4, "poblaciones": {"2015": 5209, "2016": 5194, "2017": 5199, "2018": 5127, "2019": 5190, "2020": 5085, "2021": 5095, "2022": 5057, "2023": 5135, "2024": 5203, "2025": 5199}, "superficie_verde_m2": 11729, "superficie_verde_desglose": {"parques": 8115, "jardines": 1640, "arbolado": 1974}, "no2_serie": {"2015": 47.7, "2016": 44.4, "2017": 51.3, "2018": 46.3, "2019": 42.7, "2020": 33.2, "2021": 32.5, "2022": 35.2, "2023": 32.4, "2024": 31.4}, "estacion_principal": "Granada Norte", "centroide": [-3.607538, 37.188089], "equipamientos": {"sanidad": {"n_dentro_total": 19}, "educacion": {"n_dentro_total": 7}, "agua": {"n_dentro_total": 19}, "reciclaje": {"n_dentro_total": 38}, "aparcabicis": {"n_dentro_total": 1}, "patrimonio": {"n_dentro_total": 0}}, "renta_med_uc": {"2015": 21214, "2016": 21842, "2017": 22140, "2018": 22701, "2019": 22627, "2020": 22904, "2021": 23966, "2022": 25296, "2023": 25907}, "renta_hogar": {"2015": 36813, "2016": 37689, "2017": 37805, "2018": 38409, "2019": 39305, "2020": 39138, "2021": 40209, "2022": 42358, "2023": 44378}, "renta_persona": {"2015": 15815, "2016": 16283, "2017": 16433, "2018": 16889, "2019": 17244, "2020": 17438, "2021": 18035, "2022": 19249, "2023": 20277}, "renta": {"2015": 21214, "2016": 21842, "2017": 22140, "2018": 22701, "2019": 22627, "2020": 22904, "2021": 23966, "2022": 25296, "2023": 25907}, "vft": {"n_vfts": 39, "n_plazas": 222, "viviendas_total": 4316, "ratio_vft_pct": 0.9, "serie": {"2015": 0, "2016": 1, "2017": 2, "2018": 4, "2019": 7, "2020": 9, "2021": 10, "2022": 15, "2023": 19, "2024": 39, "2025": 39}}}, "geometry": {"type": "Polygon", "coordinates": [[[-3.6037866, 37.186865], [-3.6039607000000005, 37.1871336], [-3.6039799000000006, 37.1871631], [-3.604406, 37.1878811], [-3.6045617, 37.1881434], [-3.6047558999999993, 37.18845919999999], [-3.6050102999999996, 37.188772500000006], [-3.6053957000000003, 37.189144000000006], [-3.6054185, 37.189165599999995], [-3.6054479000000006, 37.1891934], [-3.6055559000000006, 37.1892954], [-3.6058139999999996, 37.1895599], [-3.60584, 37.189588500000006], [-3.6062133, 37.19004590000001], [-3.6075149999999994, 37.19134100000001], [-3.6076795, 37.19163240000001], [-3.6080452, 37.191534399999995], [-3.6080700999999995, 37.191526800000005], [-3.6081053999999995, 37.19152009999999], [-3.6081400999999995, 37.19151359999999], [-3.6089306999999997, 37.1913649], [-3.6090058000000003, 37.19135070000001], [-3.6090454, 37.19134309999999], [-3.6090793, 37.191335800000004], [-3.6092494000000004, 37.1912991], [-3.6094315, 37.1912423], [-3.6095109000000005, 37.191215899999996], [-3.6096738, 37.191148500000004], [-3.6098069000000006, 37.19108349999999], [-3.6099686, 37.19098549999999], [-3.6101186000000003, 37.19088380000001], [-3.6102492999999996, 37.1907667], [-3.6103275, 37.1906865], [-3.6103602999999995, 37.1906527], [-3.6103847, 37.1906274], [-3.6104071000000006, 37.190599899999995], [-3.6104592000000006, 37.190531199999995], [-3.6106632000000003, 37.19024110000001], [-3.6110717000000006, 37.18960930000001], [-3.6112589, 37.18935590000001], [-3.6116176, 37.189021399999994], [-3.6115927, 37.1889588], [-3.6112281000000004, 37.1884532], [-3.6106774999999995, 37.18770069999999], [-3.6110374999999997, 37.1872278], [-3.6105138, 37.18705039999999], [-3.6101664, 37.1869282], [-3.6099352, 37.1868424], [-3.6084509, 37.186132099999995], [-3.6045829, 37.1842567], [-3.6037322999999994, 37.1866003], [-3.6037221, 37.1866663], [-3.603734, 37.1867567], [-3.6037866, 37.186865]]]}}, {"type": "Feature", "properties": {"id": "caseria-de-montijo", "name": "Casería de Montijo", "n_secciones": 2, "poblaciones": {"2015": 2640, "2016": 2629, "2017": 2691, "2018": 2699, "2019": 2807, "2020": 2847, "2021": 2908, "2022": 2855, "2023": 2869, "2024": 2998, "2025": 3076}, "superficie_verde_m2": 3347, "superficie_verde_desglose": {"parques": 2371, "jardines": 976, "arbolado": 0}, "no2_serie": {"2015": 47.7, "2016": 44.4, "2017": 51.3, "2018": 46.3, "2019": 42.7, "2020": 33.2, "2021": 32.5, "2022": 35.2, "2023": 32.4, "2024": 31.4}, "estacion_principal": "Granada Norte", "centroide": [-3.582942, 37.203289], "equipamientos": {"sanidad": {"n_dentro_total": 1}, "educacion": {"n_dentro_total": 3}, "agua": {"n_dentro_total": 0}, "reciclaje": {"n_dentro_total": 0}, "aparcabicis": {"n_dentro_total": 1}, "patrimonio": {"n_dentro_total": 0}}, "renta_med_uc": {"2015": 6650, "2016": 7013, "2017": 6985, "2018": 7005, "2019": 7703, "2020": 7350, "2021": 8050, "2022": 8750, "2023": 9450}, "renta_hogar": {"2015": 14356, "2016": 14461, "2017": 15197, "2018": 15806, "2019": 16299, "2020": 16395, "2021": 16955, "2022": 17899, "2023": 19653}, "renta_persona": {"2015": 5130, "2016": 5143, "2017": 5380, "2018": 5615, "2019": 5740, "2020": 5739, "2021": 6178, "2022": 6644, "2023": 7143}, "renta": {"2015": 6650, "2016": 7013, "2017": 6985, "2018": 7005, "2019": 7703, "2020": 7350, "2021": 8050, "2022": 8750, "2023": 9450}, "vft": {"n_vfts": 2, "n_plazas": 13, "viviendas_total": 1398, "ratio_vft_pct": 0.14, "serie": {"2015": 0, "2016": 0, "2017": 0, "2018": 0, "2019": 0, "2020": 0, "2021": 0, "2022": 0, "2023": 0, "2024": 2, "2025": 2}}}, "geometry": {"type": "Polygon", "coordinates": [[[-3.6013622, 37.1954584], [-3.600730199999999, 37.19559689999999], [-3.6005188000000006, 37.19589320000001], [-3.600248399999999, 37.19598069999999], [-3.5998765, 37.19594029999999], [-3.5995046, 37.195947099999984], [-3.5987861, 37.1967954], [-3.5985663999999997, 37.19697039999999], [-3.5982705, 37.196970399999984], [-3.5979747, 37.1968291], [-3.5977296, 37.1968291], [-3.5971971000000003, 37.1973609], [-3.5965546999999995, 37.19789959999999], [-3.5953714, 37.19878150000001], [-3.594483900000001, 37.19901049999999], [-3.5934781000000005, 37.199098], [-3.5930048000000006, 37.1993875], [-3.5924891999999997, 37.199475], [-3.5918129999999997, 37.1993538], [-3.5911283000000003, 37.19963659999999], [-3.5903680000000002, 37.199839000000004], [-3.5897973999999997, 37.1999274], [-3.5892903000000005, 37.19982319999998], [-3.5887634, 37.200088300000004], [-3.5884860000000005, 37.200129399999994], [-3.5880699999999996, 37.2000505], [-3.5878045999999997, 37.20011040000001], [-3.5873965000000005, 37.20001889999999], [-3.5870399000000006, 37.20011039999999], [-3.5866674999999995, 37.200394499999994], [-3.5862515, 37.20047339999999], [-3.5857325, 37.20042289999999], [-3.5849835999999997, 37.2004323], [-3.5845676, 37.200362899999995], [-3.5842269000000004, 37.2004292], [-3.5838505000000005, 37.20035969999999], [-3.5836445, 37.200448099999996], [-3.5834344999999996, 37.200403899999976], [-3.5833274999999998, 37.2004513], [-3.5831889000000006, 37.2006722], [-3.5830185, 37.2007195], [-3.5827649000000004, 37.20061539999999], [-3.5825232, 37.20059010000001], [-3.5822736000000006, 37.20068159999999], [-3.5819052000000005, 37.200612199999995], [-3.5817348, 37.20065009999999], [-3.5817467000000005, 37.2007889], [-3.5816793000000002, 37.20082360000001], [-3.5814812000000003, 37.2006785], [-3.5812752, 37.200669000000005], [-3.5810811, 37.2007416], [-3.5810018, 37.200946699999996], [-3.580843399999999, 37.20112979999999], [-3.5805660000000006, 37.2012276], [-3.5803759, 37.2012497], [-3.5801817, 37.20143899999999], [-3.5800430999999997, 37.201682], [-3.5797261, 37.2016915], [-3.5792982, 37.2014832], [-3.578906, 37.20140119999999], [-3.5787237, 37.201492699999996], [-3.5788624, 37.201682], [-3.5788069000000005, 37.2017578], [-3.5785494, 37.20173570000001], [-3.5781334, 37.20207020000001], [-3.5777451, 37.20206389999999], [-3.5774716999999994, 37.202313200000006], [-3.5774320999999993, 37.202603499999995], [-3.5772418999999998, 37.20269189999999], [-3.5770399, 37.20264769999999], [-3.5769843999999997, 37.20292539999999], [-3.5767822999999996, 37.2029853], [-3.576509, 37.202758100000004], [-3.5762831, 37.2027139], [-3.5755144999999997, 37.203133699999995], [-3.5749876, 37.2034019], [-3.5747854, 37.2039555], [-3.5745306000000006, 37.2039882], [-3.5743498, 37.2036413], [-3.5741526, 37.2037067], [-3.5740127999999998, 37.20389], [-3.5736348, 37.2038966], [-3.5730595000000003, 37.20451849999999], [-3.5731498999999998, 37.2050422], [-3.5728951000000007, 37.205448], [-3.5720979, 37.2060044], [-3.5718594999999995, 37.206606699999995], [-3.570865, 37.20705829999999], [-3.5704376999999994, 37.207503399999986], [-3.5689007, 37.20809259999999], [-3.5685555, 37.208478799999995], [-3.5682761000000003, 37.2091268], [-3.5678159, 37.209486799999986], [-3.5677665000000003, 37.20970939999999], [-3.5674624, 37.20971589999999], [-3.5674131, 37.2099581], [-3.5671584, 37.2100694], [-3.5671500999999997, 37.210344299999996], [-3.5669762, 37.2107634], [-3.5678104000000004, 37.2107955], [-3.5683810999999994, 37.2102429], [-3.5689754, 37.20984349999999], [-3.5694581, 37.2095887], [-3.5696271, 37.20957889999999], [-3.5703188, 37.210143499999994], [-3.5708851999999998, 37.2101281], [-3.5715189999999994, 37.208980800000006], [-3.5717895, 37.2086711], [-3.5721106999999996, 37.2084422], [-3.5725248, 37.208273899999995], [-3.5731757, 37.208207], [-3.5743758999999997, 37.208213399999984], [-3.5751281, 37.2080989], [-3.5756015, 37.20786329999999], [-3.5775117, 37.20719009999999], [-3.5784837000000005, 37.20679969999999], [-3.5789739000000003, 37.206436100000005], [-3.5800896000000004, 37.206112999999995], [-3.581704, 37.2061803], [-3.5826507, 37.206079299999985], [-3.583479, 37.20574950000001], [-3.5840538, 37.2054263], [-3.5848905, 37.20523779999999], [-3.5853976999999997, 37.204887800000016], [-3.5856597, 37.20439629999999], [-3.5864796, 37.203803900000004], [-3.587122, 37.2031913], [-3.5875784000000004, 37.20294890000001], [-3.5886434000000005, 37.202645999999994], [-3.5889475999999996, 37.20243730000001], [-3.5893365, 37.2017506], [-3.5897844, 37.20123219999999], [-3.5900295, 37.201084099999996], [-3.5902831000000006, 37.20111099999999], [-3.5905198000000005, 37.2012928], [-3.5907987000000006, 37.201387], [-3.5917876, 37.2007609], [-3.5925313999999995, 37.2004176], [-3.5953883, 37.19943459999998], [-3.5981522000000004, 37.20107060000001], [-3.5989298, 37.20048489999999], [-3.5992848000000004, 37.2000069], [-3.5997328, 37.20020209999999], [-3.5996229000000004, 37.199710599999996], [-3.6013472, 37.1956373], [-3.6013622, 37.1954584]]]}}, {"type": "Feature", "properties": {"id": "parque-nueva-granada", "name": "Parque Nueva Granada", "n_secciones": 1, "poblaciones": {"2015": 2422, "2016": 2401, "2017": 2426, "2018": 2428, "2019": 2479, "2020": 2510, "2021": 2559, "2022": 2506, "2023": 2542, "2024": 2584, "2025": 2588}, "superficie_verde_m2": 33068, "superficie_verde_desglose": {"parques": 25529, "jardines": 4518, "arbolado": 3021}, "no2_serie": {"2015": 47.7, "2016": 44.4, "2017": 51.3, "2018": 46.3, "2019": 42.7, "2020": 33.2, "2021": 32.5, "2022": 35.2, "2023": 32.4, "2024": 31.4}, "estacion_principal": "Granada Norte", "centroide": [-3.58902, 37.205643], "equipamientos": {"sanidad": {"n_dentro_total": 3}, "educacion": {"n_dentro_total": 1}, "agua": {"n_dentro_total": 1}, "reciclaje": {"n_dentro_total": 4}, "aparcabicis": {"n_dentro_total": 1}, "patrimonio": {"n_dentro_total": 0}}, "renta_med_uc": {"2015": 9450, "2016": 9450, "2017": 10150, "2018": 10150, "2019": 11550, "2020": 10850, "2021": 11550, "2022": 12250, "2023": 12950}, "renta_hogar": {"2015": 18175, "2016": 18449, "2017": 18669, "2018": 19475, "2019": 21008, "2020": 20996, "2021": 21646, "2022": 22398, "2023": 24516}, "renta_persona": {"2015": 7372, "2016": 7459, "2017": 7727, "2018": 8062, "2019": 8643, "2020": 8646, "2021": 9150, "2022": 9666, "2023": 10579}, "renta": {"2015": 9450, "2016": 9450, "2017": 10150, "2018": 10150, "2019": 11550, "2020": 10850, "2021": 11550, "2022": 12250, "2023": 12950}, "vft": {"n_vfts": 5, "n_plazas": 22, "viviendas_total": 1297, "ratio_vft_pct": 0.39, "serie": {"2015": 0, "2016": 0, "2017": 0, "2018": 1, "2019": 1, "2020": 1, "2021": 1, "2022": 2, "2023": 2, "2024": 5, "2025": 5}}}, "geometry": {"type": "Polygon", "coordinates": [[[-3.5708851999999998, 37.2101281], [-3.5711300000000006, 37.2101215], [-3.5720656999999996, 37.20865679999999], [-3.5723682, 37.20842089999999], [-3.5726495, 37.208365500000006], [-3.5739821000000003, 37.20873759999999], [-3.5756892999999996, 37.209450499999996], [-3.5768572999999995, 37.210400299999996], [-3.5775768000000006, 37.2101714], [-3.5782059, 37.20989789999999], [-3.5789936999999994, 37.20975889999999], [-3.5799721999999994, 37.2094927], [-3.5805915000000006, 37.20942659999999], [-3.5809174999999995, 37.209316799999996], [-3.582366199999999, 37.2086517], [-3.5827601, 37.20858659999999], [-3.5838092000000006, 37.2087167], [-3.5845977000000007, 37.2086587], [-3.5857249, 37.208689199999995], [-3.5863555000000003, 37.20862300000001], [-3.5867738000000005, 37.20879219999999], [-3.5872362999999994, 37.208853], [-3.5884866000000004, 37.208765699999994], [-3.5889474, 37.20861010000001], [-3.5903316, 37.208359900000005], [-3.5907149000000005, 37.208367], [-3.5909507, 37.208257599999996], [-3.5913453000000004, 37.20828269999999], [-3.5917298000000004, 37.20845209999999], [-3.5925005999999997, 37.20902509999999], [-3.5927051, 37.20923140000001], [-3.5930017000000003, 37.20968959999998], [-3.593308, 37.2099495], [-3.5937714000000005, 37.2101185], [-3.5945267, 37.21014170000001], [-3.5965125000000002, 37.2078094], [-3.5967998, 37.20725740000001], [-3.5975773999999996, 37.2032855], [-3.5977042, 37.2027335], [-3.5979409, 37.20224879999999], [-3.5982874000000002, 37.2015621], [-3.5992933, 37.200357], [-3.5997328, 37.20020209999999], [-3.5992848000000004, 37.2000069], [-3.5989298, 37.20048489999999], [-3.5981522000000004, 37.20107060000001], [-3.5953883, 37.19943459999998], [-3.5925313999999995, 37.2004176], [-3.5917876, 37.2007609], [-3.5907987000000006, 37.201387], [-3.5905198000000005, 37.2012928], [-3.5902831000000006, 37.20111099999999], [-3.5900295, 37.201084099999996], [-3.5897844, 37.20123219999999], [-3.5893365, 37.2017506], [-3.5889475999999996, 37.20243730000001], [-3.5886434000000005, 37.202645999999994], [-3.5875784000000004, 37.20294890000001], [-3.587122, 37.2031913], [-3.5864796, 37.203803900000004], [-3.5856597, 37.20439629999999], [-3.5853976999999997, 37.204887800000016], [-3.5848905, 37.20523779999999], [-3.5840538, 37.2054263], [-3.583479, 37.20574950000001], [-3.5826507, 37.206079299999985], [-3.581704, 37.2061803], [-3.5800896000000004, 37.206112999999995], [-3.5789739000000003, 37.206436100000005], [-3.5784837000000005, 37.20679969999999], [-3.5775117, 37.20719009999999], [-3.5756015, 37.20786329999999], [-3.5751281, 37.2080989], [-3.5743758999999997, 37.208213399999984], [-3.5731757, 37.208207], [-3.5725248, 37.208273899999995], [-3.5721106999999996, 37.2084422], [-3.5717895, 37.2086711], [-3.5715189999999994, 37.208980800000006], [-3.5708851999999998, 37.2101281]]]}}, {"type": "Feature", "properties": {"id": "almanjayar", "name": "Almanjáyar", "n_secciones": 3, "poblaciones": {"2015": 4751, "2016": 4692, "2017": 4651, "2018": 4629, "2019": 4646, "2020": 4620, "2021": 4686, "2022": 4586, "2023": 4594, "2024": 4710, "2025": 4677}, "superficie_verde_m2": 129081, "superficie_verde_desglose": {"parques": 101128, "jardines": 8443, "arbolado": 19510}, "no2_serie": {"2015": 47.7, "2016": 44.4, "2017": 51.3, "2018": 46.3, "2019": 42.7, "2020": 33.2, "2021": 32.5, "2022": 35.2, "2023": 32.4, "2024": 31.4}, "estacion_principal": "Granada Norte", "centroide": [-3.615235, 37.208656], "equipamientos": {"sanidad": {"n_dentro_total": 2}, "educacion": {"n_dentro_total": 3}, "agua": {"n_dentro_total": 7}, "reciclaje": {"n_dentro_total": 11}, "aparcabicis": {"n_dentro_total": 0}, "patrimonio": {"n_dentro_total": 0}}, "renta_med_uc": {"2015": 5950, "2016": 6170, "2017": 6868, "2018": 7148, "2019": 6931, "2020": 6930, "2021": 7430, "2022": 8338, "2023": 9528}, "renta_hogar": {"2015": 13348, "2016": 13428, "2017": 13766, "2018": 14341, "2019": 14981, "2020": 15089, "2021": 15901, "2022": 16915, "2023": 19165}, "renta_persona": {"2015": 5084, "2016": 5079, "2017": 5222, "2018": 5396, "2019": 5583, "2020": 5626, "2021": 5990, "2022": 6488, "2023": 7448}, "renta": {"2015": 5950, "2016": 6170, "2017": 6868, "2018": 7148, "2019": 6931, "2020": 6930, "2021": 7430, "2022": 8338, "2023": 9528}, "vft": {"n_vfts": 1, "n_plazas": 7, "viviendas_total": 2179, "ratio_vft_pct": 0.05, "serie": {"2015": 0, "2016": 1, "2017": 1, "2018": 1, "2019": 1, "2020": 1, "2021": 1, "2022": 1, "2023": 1, "2024": 1, "2025": 1}}}, "geometry": {"type": "Polygon", "coordinates": [[[-3.6100822, 37.2131301], [-3.6104723000000005, 37.2130802], [-3.6111276000000005, 37.2129688], [-3.6125823, 37.21307850000001], [-3.6129083, 37.2129776], [-3.6136929000000007, 37.2124327], [-3.6139961, 37.2122959], [-3.6150674000000005, 37.2123805], [-3.6156643, 37.2123233], [-3.6162603, 37.212158], [-3.6181791, 37.2111294], [-3.6187295, 37.210910199999994], [-3.6192138, 37.2108716], [-3.6201609, 37.21092079999999], [-3.620244, 37.2109103], [-3.6216127, 37.2106004], [-3.6220733999999997, 37.2104961], [-3.6230757000000002, 37.2104187], [-3.6223756, 37.20956129999999], [-3.6164428, 37.20325929999999], [-3.6121523, 37.2057116], [-3.609356, 37.20731359999999], [-3.6093015, 37.20735439999999], [-3.6093196, 37.207393], [-3.6093982, 37.2075491], [-3.6094132, 37.2075787], [-3.6094241000000005, 37.20760419999999], [-3.6094656, 37.20770069999998], [-3.6095382, 37.20791460000001], [-3.6095710000000003, 37.208051], [-3.6095902000000004, 37.2081664], [-3.6095975, 37.2082099], [-3.6096214999999994, 37.208362900000004], [-3.609625, 37.208385899999996], [-3.609656, 37.208586499999996], [-3.6097745000000003, 37.2093532], [-3.6098253000000002, 37.2096896], [-3.6098381999999996, 37.209775], [-3.6098515999999994, 37.20986409999999], [-3.6098567999999998, 37.209897999999995], [-3.6098618, 37.209931699999984], [-3.6099463, 37.210491299999994], [-3.6099515, 37.210525], [-3.609955999999999, 37.21055539999998], [-3.6099579000000004, 37.2105678], [-3.6099584, 37.21067169999999], [-3.6099349000000003, 37.210964800000006], [-3.6100498000000005, 37.21119879999999], [-3.6100843, 37.21131], [-3.6101055, 37.211450000000006], [-3.6101093000000004, 37.2114751], [-3.6101102000000003, 37.2114805], [-3.6101136, 37.2115031], [-3.6101741, 37.21190169999999], [-3.6101991000000004, 37.21206599999999], [-3.6100822, 37.2131301]]]}}, {"type": "Feature", "properties": {"id": "rey-badis", "name": "Rey Badis", "n_secciones": 1, "poblaciones": {"2015": 2102, "2016": 2325, "2017": 2309, "2018": 2390, "2019": 2358, "2020": 2342, "2021": 2370, "2022": 2306, "2023": 2274, "2024": 2249, "2025": 2296}, "superficie_verde_m2": 31603, "superficie_verde_desglose": {"parques": 15466, "jardines": 3243, "arbolado": 12894}, "no2_serie": {"2015": 47.7, "2016": 44.4, "2017": 51.3, "2018": 46.3, "2019": 42.7, "2020": 33.2, "2021": 32.5, "2022": 35.2, "2023": 32.4, "2024": 31.4}, "estacion_principal": "Granada Norte", "centroide": [-3.606366, 37.211029], "equipamientos": {"sanidad": {"n_dentro_total": 3}, "educacion": {"n_dentro_total": 0}, "agua": {"n_dentro_total": 1}, "reciclaje": {"n_dentro_total": 6}, "aparcabicis": {"n_dentro_total": 0}, "patrimonio": {"n_dentro_total": 0}}, "renta_med_uc": {"2015": 3850, "2016": 3850, "2017": 4550, "2018": 5250, "2019": 5250, "2020": 5950, "2021": 6650, "2022": 6650, "2023": 7350}, "renta_hogar": {"2015": 11388, "2016": 11550, "2017": 12087, "2018": 12537, "2019": 13605, "2020": 13646, "2021": 14756, "2022": 16229, "2023": 17834}, "renta_persona": {"2015": 3281, "2016": 3268, "2017": 3498, "2018": 3829, "2019": 4139, "2020": 4377, "2021": 5067, "2022": 5625, "2023": 6352}, "renta": {"2015": 3850, "2016": 3850, "2017": 4550, "2018": 5250, "2019": 5250, "2020": 5950, "2021": 6650, "2022": 6650, "2023": 7350}, "vft": {"n_vfts": 1, "n_plazas": 2, "viviendas_total": 1093, "ratio_vft_pct": 0.09, "serie": {"2015": 0, "2016": 0, "2017": 0, "2018": 0, "2019": 0, "2020": 0, "2021": 0, "2022": 0, "2023": 1, "2024": 1, "2025": 1}}}, "geometry": {"type": "Polygon", "coordinates": [[[-3.6093015, 37.20735439999999], [-3.6091179999999996, 37.20742649999999], [-3.6090853999999997, 37.20743780000001], [-3.6090490000000006, 37.20745140000001], [-3.6089122, 37.2074999], [-3.608745399999999, 37.207551], [-3.6085749000000003, 37.2075962], [-3.6083282, 37.20764909999999], [-3.6081735, 37.20767719999999], [-3.6078320000000006, 37.2077132], [-3.6076804, 37.2077177], [-3.6068004, 37.2077359], [-3.6066309000000003, 37.2077377], [-3.6064528, 37.2077404], [-3.6055792000000007, 37.20775379999999], [-3.6054076999999998, 37.207756399999994], [-3.605311499999999, 37.20775789999999], [-3.6052795, 37.20775839999999], [-3.6052432999999993, 37.20775889999999], [-3.605076, 37.20776149999998], [-3.604255, 37.20777400000001], [-3.6040141, 37.20777789999999], [-3.6039973, 37.2079203], [-3.6038321999999994, 37.2087578], [-3.6037591999999994, 37.2090665], [-3.6035783000000006, 37.209673800000004], [-3.6035397, 37.20980329999999], [-3.6033386000000003, 37.21018759999999], [-3.6032112000000005, 37.2103047], [-3.6030754, 37.210652599999996], [-3.6030709, 37.2106626], [-3.6028880000000005, 37.2109056], [-3.6026971, 37.2111179], [-3.6025853, 37.21144949999999], [-3.6024854, 37.2115527], [-3.6023928000000005, 37.2116784], [-3.6023733000000004, 37.2117055], [-3.6025337000000004, 37.212237599999995], [-3.602649, 37.21256149999999], [-3.602767299999999, 37.21326399999999], [-3.6027500000000003, 37.213922099999984], [-3.6029007, 37.21445320000001], [-3.6028929, 37.2148859], [-3.6034664, 37.21472969999999], [-3.6039717000000002, 37.214492799999995], [-3.6041959000000006, 37.214338399999995], [-3.6048035, 37.214209100000005], [-3.605603299999999, 37.21415989999999], [-3.6079655000000006, 37.213703200000005], [-3.6080568, 37.21372370000001], [-3.6081857, 37.2136537], [-3.6083719, 37.21362899999999], [-3.608619, 37.21355859999999], [-3.6093872, 37.213242699999995], [-3.6098887, 37.213083299999994], [-3.6100822, 37.2131301], [-3.6101991000000004, 37.21206599999999], [-3.6101741, 37.21190169999999], [-3.6101136, 37.2115031], [-3.6101102000000003, 37.2114805], [-3.6101093000000004, 37.2114751], [-3.6101055, 37.211450000000006], [-3.6100843, 37.21131], [-3.6100498000000005, 37.21119879999999], [-3.6099349000000003, 37.210964800000006], [-3.6099584, 37.21067169999999], [-3.6099579000000004, 37.2105678], [-3.609955999999999, 37.21055539999998], [-3.6099515, 37.210525], [-3.6099463, 37.210491299999994], [-3.6098618, 37.209931699999984], [-3.6098567999999998, 37.209897999999995], [-3.6098515999999994, 37.20986409999999], [-3.6098381999999996, 37.209775], [-3.6098253000000002, 37.2096896], [-3.6097745000000003, 37.2093532], [-3.609656, 37.208586499999996], [-3.609625, 37.208385899999996], [-3.6096214999999994, 37.208362900000004], [-3.6095975, 37.2082099], [-3.6095902000000004, 37.2081664], [-3.6095710000000003, 37.208051], [-3.6095382, 37.20791460000001], [-3.6094656, 37.20770069999998], [-3.6094241000000005, 37.20760419999999], [-3.6094132, 37.2075787], [-3.6093982, 37.2075491], [-3.6093196, 37.207393], [-3.6093015, 37.20735439999999]]]}}, {"type": "Feature", "properties": {"id": "cartuja", "name": "Cartuja", "n_secciones": 5, "poblaciones": {"2015": 6845, "2016": 6543, "2017": 6573, "2018": 6535, "2019": 6492, "2020": 6583, "2021": 6655, "2022": 6343, "2023": 6372, "2024": 6410, "2025": 6467}, "superficie_verde_m2": 34577, "superficie_verde_desglose": {"parques": 23121, "jardines": 2108, "arbolado": 9348}, "no2_serie": {"2015": 47.7, "2016": 44.4, "2017": 51.3, "2018": 46.3, "2019": 42.7, "2020": 33.2, "2021": 32.5, "2022": 35.2, "2023": 32.4, "2024": 31.4}, "estacion_principal": "Granada Norte", "centroide": [-3.600558, 37.205797], "equipamientos": {"sanidad": {"n_dentro_total": 2}, "educacion": {"n_dentro_total": 4}, "agua": {"n_dentro_total": 1}, "reciclaje": {"n_dentro_total": 0}, "aparcabicis": {"n_dentro_total": 4}, "patrimonio": {"n_dentro_total": 0}}, "renta_med_uc": {"2015": 6440, "2016": 6224, "2017": 6776, "2018": 7040, "2019": 7716, "2020": 7564, "2021": 8115, "2022": 8655, "2023": 9569}, "renta_hogar": {"2015": 14288, "2016": 14440, "2017": 15065, "2018": 15449, "2019": 16397, "2020": 16425, "2021": 17298, "2022": 18415, "2023": 20321}, "renta_persona": {"2015": 4985, "2016": 5057, "2017": 5254, "2018": 5411, "2019": 5743, "2020": 5732, "2021": 6231, "2022": 6691, "2023": 7355}, "renta": {"2015": 6440, "2016": 6224, "2017": 6776, "2018": 7040, "2019": 7716, "2020": 7564, "2021": 8115, "2022": 8655, "2023": 9569}, "vft": {"n_vfts": 1, "n_plazas": 8, "viviendas_total": 3291, "ratio_vft_pct": 0.03, "serie": {"2015": 0, "2016": 0, "2017": 0, "2018": 0, "2019": 0, "2020": 0, "2021": 0, "2022": 0, "2023": 0, "2024": 1, "2025": 1}}}, "geometry": {"type": "Polygon", "coordinates": [[[-3.6045715, 37.19960290000001], [-3.6042062, 37.19879649999999], [-3.6038152, 37.1989768], [-3.6001723000000014, 37.2002492], [-3.5997328, 37.20020209999999], [-3.5992933, 37.200357], [-3.5982874000000002, 37.2015621], [-3.5979409, 37.20224879999999], [-3.5977042, 37.2027335], [-3.5975773999999996, 37.2032855], [-3.5967998, 37.20725740000001], [-3.5965125000000002, 37.2078094], [-3.5945267, 37.21014170000001], [-3.5966476, 37.21041949999999], [-3.5976972, 37.210603500000005], [-3.598070299999999, 37.2107549], [-3.5983664, 37.211149999999996], [-3.5986047000000005, 37.211356099999996], [-3.5991805, 37.21148839999999], [-3.600386, 37.21142819999999], [-3.6011648, 37.211415], [-3.6014147, 37.2116327], [-3.6017055000000004, 37.21154769999998], [-3.6023733000000004, 37.2117055], [-3.6023928000000005, 37.2116784], [-3.6024854, 37.2115527], [-3.6025853, 37.21144949999999], [-3.6026971, 37.2111179], [-3.6028880000000005, 37.2109056], [-3.6030709, 37.2106626], [-3.6030754, 37.210652599999996], [-3.6032112000000005, 37.2103047], [-3.6033386000000003, 37.21018759999999], [-3.6035397, 37.20980329999999], [-3.6035783000000006, 37.209673800000004], [-3.6037591999999994, 37.2090665], [-3.6038321999999994, 37.2087578], [-3.6039973, 37.2079203], [-3.6040141, 37.20777789999999], [-3.6040347, 37.207611099999994], [-3.6040956000000004, 37.2073375], [-3.6041185, 37.20706630000001], [-3.6041145000000006, 37.2068807], [-3.6040786, 37.2065943], [-3.6039848, 37.205888699999996], [-3.6039530000000006, 37.205671099999996], [-3.6039490000000005, 37.2056439], [-3.6039444, 37.20561210000001], [-3.6039336, 37.2055387], [-3.6039182000000003, 37.205413899999996], [-3.6038747, 37.2050601], [-3.6038597, 37.20483839999999], [-3.6038598000000004, 37.2046544], [-3.6038809999999994, 37.2042964], [-3.6039261, 37.204008099999996], [-3.6039942, 37.203739899999995], [-3.6041447000000004, 37.2032663], [-3.6041994, 37.203087000000004], [-3.6042472, 37.2029177], [-3.6042541999999997, 37.2028837], [-3.6042593000000003, 37.20285810000001], [-3.6042824000000007, 37.20274080000001], [-3.6042970000000003, 37.20256810000001], [-3.6043061999999995, 37.202382400000005], [-3.6043331999999997, 37.2017246], [-3.6043476000000005, 37.20137480000001], [-3.6043573999999996, 37.2011355], [-3.6043586000000003, 37.20110869999999], [-3.6043996000000003, 37.2001613], [-3.604401, 37.20013049999999], [-3.604402300000001, 37.2000988], [-3.604404199999999, 37.200055400000004], [-3.604412999999999, 37.1998882], [-3.6044643000000005, 37.1997622], [-3.6045715, 37.19960290000001]]]}}, {"type": "Feature", "properties": {"id": "la-paz", "name": "La Paz", "n_secciones": 2, "poblaciones": {"2015": 2294, "2016": 2069, "2017": 2057, "2018": 1975, "2019": 1974, "2020": 1938, "2021": 1931, "2022": 2725, "2023": 2698, "2024": 2595, "2025": 2543}, "superficie_verde_m2": 2585, "superficie_verde_desglose": {"parques": 2297, "jardines": 0, "arbolado": 288}, "no2_serie": {"2015": 47.7, "2016": 44.4, "2017": 51.3, "2018": 46.3, "2019": 42.7, "2020": 33.2, "2021": 32.6, "2022": 35.2, "2023": 32.4, "2024": 31.4}, "estacion_principal": "Granada Norte", "centroide": [-3.605878, 37.20502], "equipamientos": {"sanidad": {"n_dentro_total": 3}, "educacion": {"n_dentro_total": 1}, "agua": {"n_dentro_total": 1}, "reciclaje": {"n_dentro_total": 0}, "aparcabicis": {"n_dentro_total": 0}, "patrimonio": {"n_dentro_total": 0}}, "renta_med_uc": {"2015": 4539, "2016": 3850, "2017": 4799, "2018": 5250, "2019": 5250, "2020": 5950, "2021": 6906, "2022": 7040, "2023": 7746}, "renta_hogar": {"2015": 11446, "2016": 11550, "2017": 12087, "2018": 12537, "2019": 13605, "2020": 13646, "2021": 15450, "2022": 16949, "2023": 18552}, "renta_persona": {"2015": 4002, "2016": 3619, "2017": 3749, "2018": 3946, "2019": 4155, "2020": 4316, "2021": 5332, "2022": 6085, "2023": 6602}, "renta": {"2015": 4539, "2016": 3850, "2017": 4799, "2018": 5250, "2019": 5250, "2020": 5950, "2021": 6906, "2022": 7040, "2023": 7746}, "vft": {"n_vfts": 0, "n_plazas": 0, "viviendas_total": 1088, "ratio_vft_pct": 0.0, "serie": {"2015": 0, "2016": 0, "2017": 0, "2018": 0, "2019": 0, "2020": 0, "2021": 0, "2022": 0, "2023": 0, "2024": 0, "2025": 0}}}, "geometry": {"type": "Polygon", "coordinates": [[[-3.6085749000000003, 37.2075962], [-3.608745399999999, 37.207551], [-3.6089122, 37.2074999], [-3.6090490000000006, 37.20745140000001], [-3.6090853999999997, 37.20743780000001], [-3.6091179999999996, 37.20742649999999], [-3.6093015, 37.20735439999999], [-3.6092764000000006, 37.207302500000004], [-3.6091945, 37.2071636], [-3.6091814, 37.20714160000001], [-3.609167300000001, 37.2071174], [-3.6091254999999998, 37.2070466], [-3.6089789999999997, 37.2067707], [-3.6088689, 37.20659390000001], [-3.6081328, 37.2055785], [-3.6078437000000005, 37.205171099999994], [-3.6077792, 37.205080099999996], [-3.6075601, 37.20477439999999], [-3.6075105, 37.20468489999999], [-3.6072877000000005, 37.204380300000004], [-3.6069846000000014, 37.203947400000004], [-3.6068957000000004, 37.203851500000006], [-3.606844700000001, 37.203781299999996], [-3.6067756999999996, 37.203688], [-3.6066723, 37.20354329999999], [-3.6064584999999996, 37.2032405], [-3.6062903, 37.2029569], [-3.6060608999999997, 37.20249400000001], [-3.6060469, 37.20246569999999], [-3.606036900000001, 37.202445100000006], [-3.6057970000000004, 37.201967999999994], [-3.6057890000000006, 37.201952600000006], [-3.6057728000000004, 37.20192109999999], [-3.6055832, 37.201555299999995], [-3.6053483, 37.20110640000001], [-3.6052618999999995, 37.2009399], [-3.6048738999999994, 37.20018629999999], [-3.6048601000000002, 37.20015930000001], [-3.6045715, 37.19960290000001], [-3.6044643000000005, 37.1997622], [-3.604412999999999, 37.1998882], [-3.604404199999999, 37.200055400000004], [-3.604402300000001, 37.2000988], [-3.604401, 37.20013049999999], [-3.6043996000000003, 37.2001613], [-3.6043586000000003, 37.20110869999999], [-3.6043573999999996, 37.2011355], [-3.6043476000000005, 37.20137480000001], [-3.6043331999999997, 37.2017246], [-3.6043061999999995, 37.202382400000005], [-3.6042970000000003, 37.20256810000001], [-3.6042824000000007, 37.20274080000001], [-3.6042593000000003, 37.20285810000001], [-3.6042541999999997, 37.2028837], [-3.6042472, 37.2029177], [-3.6041994, 37.203087000000004], [-3.6041447000000004, 37.2032663], [-3.6039942, 37.203739899999995], [-3.6039261, 37.204008099999996], [-3.6038809999999994, 37.2042964], [-3.6038598000000004, 37.2046544], [-3.6038597, 37.20483839999999], [-3.6038747, 37.2050601], [-3.6039182000000003, 37.205413899999996], [-3.6039336, 37.2055387], [-3.6039444, 37.20561210000001], [-3.6039490000000005, 37.2056439], [-3.6039530000000006, 37.205671099999996], [-3.6039848, 37.205888699999996], [-3.6040786, 37.2065943], [-3.6041145000000006, 37.2068807], [-3.6041185, 37.20706630000001], [-3.6040956000000004, 37.2073375], [-3.6040347, 37.207611099999994], [-3.6040141, 37.20777789999999], [-3.604255, 37.20777400000001], [-3.605076, 37.20776149999998], [-3.6052432999999993, 37.20775889999999], [-3.6052795, 37.20775839999999], [-3.605311499999999, 37.20775789999999], [-3.6054076999999998, 37.207756399999994], [-3.6055792000000007, 37.20775379999999], [-3.6064528, 37.2077404], [-3.6066309000000003, 37.2077377], [-3.6068004, 37.2077359], [-3.6076804, 37.2077177], [-3.6078320000000006, 37.2077132], [-3.6081735, 37.20767719999999], [-3.6083282, 37.20764909999999], [-3.6085749000000003, 37.2075962]]]}}, {"type": "Feature", "properties": {"id": "campo-verde", "name": "Campo Verde", "n_secciones": 2, "poblaciones": {"2015": 1998, "2016": 1942, "2017": 1940, "2018": 1956, "2019": 1991, "2020": 2002, "2021": 2020, "2022": 1991, "2023": 2009, "2024": 1988, "2025": 2130}, "superficie_verde_m2": 5407, "superficie_verde_desglose": {"parques": 0, "jardines": 4745, "arbolado": 662}, "no2_serie": {"2015": 47.7, "2016": 44.4, "2017": 51.3, "2018": 46.3, "2019": 42.7, "2020": 33.2, "2021": 32.5, "2022": 35.2, "2023": 32.4, "2024": 31.4}, "estacion_principal": "Granada Norte", "centroide": [-3.602266, 37.197529], "equipamientos": {"sanidad": {"n_dentro_total": 2}, "educacion": {"n_dentro_total": 2}, "agua": {"n_dentro_total": 1}, "reciclaje": {"n_dentro_total": 0}, "aparcabicis": {"n_dentro_total": 1}, "patrimonio": {"n_dentro_total": 0}}, "renta_med_uc": {"2015": 12372, "2016": 12614, "2017": 12945, "2018": 12609, "2019": 13312, "2020": 12790, "2021": 12970, "2022": 13650, "2023": 14564}, "renta_hogar": {"2015": 21197, "2016": 21718, "2017": 21682, "2018": 21958, "2019": 23005, "2020": 22865, "2021": 24289, "2022": 24439, "2023": 25988}, "renta_persona": {"2015": 9202, "2016": 9465, "2017": 9523, "2018": 9715, "2019": 10137, "2020": 10156, "2021": 11034, "2022": 11127, "2023": 12050}, "renta": {"2015": 12372, "2016": 12614, "2017": 12945, "2018": 12609, "2019": 13312, "2020": 12790, "2021": 12970, "2022": 13650, "2023": 14564}, "vft": {"n_vfts": 8, "n_plazas": 40, "viviendas_total": 1420, "ratio_vft_pct": 0.56, "serie": {"2015": 0, "2016": 1, "2017": 1, "2018": 1, "2019": 1, "2020": 1, "2021": 2, "2022": 2, "2023": 2, "2024": 7, "2025": 8}}}, "geometry": {"type": "Polygon", "coordinates": [[[-3.6013622, 37.1954584], [-3.6013472, 37.1956373], [-3.5996229000000004, 37.199710599999996], [-3.5997328, 37.20020209999999], [-3.6001723000000014, 37.2002492], [-3.6038152, 37.1989768], [-3.6042062, 37.19879649999999], [-3.6042277, 37.1984944], [-3.6042099000000003, 37.198306599999995], [-3.6041291, 37.197681300000006], [-3.6041233, 37.1976144], [-3.6041296, 37.1973524], [-3.6041307, 37.1973041], [-3.6041426000000003, 37.197106999999995], [-3.6041693000000006, 37.1969015], [-3.6041919, 37.19673599999999], [-3.6042039000000003, 37.196652699999994], [-3.6042091, 37.19661630000001], [-3.604216, 37.196569100000005], [-3.604292, 37.19604259999999], [-3.6043215999999996, 37.1958375], [-3.6043688000000005, 37.195483], [-3.6043737, 37.1954463], [-3.6043778000000004, 37.1954154], [-3.6043850000000006, 37.195361399999996], [-3.6043974, 37.195265799999994], [-3.6044045, 37.19520909999999], [-3.6044087, 37.195175799999994], [-3.6044124, 37.1951464], [-3.6044220999999994, 37.1950788], [-3.6044516, 37.194869999999995], [-3.6044513, 37.19476819999999], [-3.6044371000000006, 37.19470220000001], [-3.6043396, 37.1945463], [-3.6041755, 37.1946738], [-3.6040437, 37.194738], [-3.6038561, 37.1947975], [-3.6034937, 37.19489909999999], [-3.6032664999999997, 37.194955], [-3.6015164, 37.195423999999996], [-3.6014883000000006, 37.19543149999999], [-3.6014572, 37.19543999999999], [-3.6013622, 37.1954584]]]}}], "poblacion_breaks": [2951, 4080, 6581, 12324], "poblacion_colors": ["#f2f0f7", "#cbc9e2", "#9e9ac8", "#756bb1", "#54278f"], "poblacion_anios": [2015, 2016, 2017, 2018, 2019, 2020, 2021, 2022, 2023, 2024, 2025], "verde_hab_breaks": [2.8, 7.4, 13.7, 38.3], "verde_hab_colors": ["#d7191c", "#fdae61", "#ffffbf", "#a6d96a", "#1a9641"], "no2_breaks": [20, 40], "no2_colors": ["#22c55e", "#f59e0b", "#ef4444"], "renta_med_uc_breaks": [11317, 15742, 18985, 21397], "renta_med_uc_colors": ["#fef0d9", "#fdcc8a", "#fc8d59", "#e34a33", "#b30000"], "renta_hogar_breaks": [21197, 28351, 34569, 37937], "renta_hogar_colors": ["#fef0d9", "#fdcc8a", "#fc8d59", "#e34a33", "#b30000"], "renta_persona_breaks": [8646, 12050, 14406, 16274], "renta_persona_colors": ["#fef0d9", "#fdcc8a", "#fc8d59", "#e34a33", "#b30000"], "renta_anios": [2015, 2016, 2017, 2018, 2019, 2020, 2021, 2022, 2023], "renta_breaks": [11317, 15742, 18985, 21397], "renta_colors": ["#fef0d9", "#fdcc8a", "#fc8d59", "#e34a33", "#b30000"], "vft_breaks": [1, 3, 7, 12, 20, 30], "vft_colors": ["#f1eef6", "#d4b9da", "#c994c7", "#df65b0", "#e7298a", "#ce1256", "#91003f"], "vft_fecha_descarga": "2026-06-13", "vft_year_referencia": 2025, "vft_serie_anios": [2015, 2016, 2017, 2018, 2019, 2020, 2021, 2022, 2023, 2024, 2025]}