{
  "type": "FeatureCollection",
  "generator": "overpass-turbo",
  "copyright": "The data included in this document is from www.openstreetmap.org. The data is made available under ODbL.",
  "timestamp": "2026-05-27T16:01:00Z",
  "features": [
    {
      "type": "Feature",
      "properties": {
        "@id": "relation/9453527",
        "admin_level": "9",
        "boundary": "administrative",
        "name": "Zaidín",
        "source": "https://www.granada.org",
        "type": "boundary",
        "wikidata": "Q6170793",
        "wikipedia": "es:Zaidín (Granada)"
      },
      "geometry": {
        "type": "Polygon",
        "coordinates": [
          [
            [
              -3.6106746,
              37.13876
            ],
            [
              -3.610964,
              37.137752
            ],
            [
              -3.6086757,
              37.1376207
            ],
            [
              -3.6075098,
              37.1369451
            ],
            [
              -3.6072838,
              37.1368381
            ],
            [
              -3.6068777,
              37.1367411
            ],
            [
              -3.60547,
              37.1367032
            ],
            [
              -3.6028369,
              37.1368969
            ],
            [
              -3.6015747,
              37.13675
            ],
            [
              -3.601141,
              37.1388525
            ],
            [
              -3.6005339,
              37.1389638
            ],
            [
              -3.6001175,
              37.1389929
            ],
            [
              -3.5959604,
              37.1386893
            ],
            [
              -3.5925454,
              37.1382467
            ],
            [
              -3.5916441,
              37.1381791
            ],
            [
              -3.5912391,
              37.1382262
            ],
            [
              -3.5895456,
              37.1391023
            ],
            [
              -3.5896758,
              37.1394548
            ],
            [
              -3.590066,
              37.140092
            ],
            [
              -3.590196,
              37.1404276
            ],
            [
              -3.5904845,
              37.1413551
            ],
            [
              -3.5906974,
              37.1422561
            ],
            [
              -3.5907778,
              37.142603
            ],
            [
              -3.5909102,
              37.1428367
            ],
            [
              -3.5912034,
              37.1432401
            ],
            [
              -3.5912744,
              37.1434249
            ],
            [
              -3.5912649,
              37.1436398
            ],
            [
              -3.5911372,
              37.1442882
            ],
            [
              -3.591142,
              37.144767
            ],
            [
              -3.5912838,
              37.1453325
            ],
            [
              -3.5917946,
              37.1470855
            ],
            [
              -3.5917852,
              37.1475002
            ],
            [
              -3.5915771,
              37.1485671
            ],
            [
              -3.5916149,
              37.1488385
            ],
            [
              -3.5917615,
              37.1491476
            ],
            [
              -3.5920217,
              37.149404
            ],
            [
              -3.5926885,
              37.1498903
            ],
            [
              -3.59275,
              37.1500712
            ],
            [
              -3.5926933,
              37.15032
            ],
            [
              -3.5926129,
              37.1506178
            ],
            [
              -3.5923102,
              37.153234
            ],
            [
              -3.5933885,
              37.1544289
            ],
            [
              -3.5941169,
              37.1554505
            ],
            [
              -3.5953986,
              37.1573691
            ],
            [
              -3.5954459,
              37.1578328
            ],
            [
              -3.5928446,
              37.1588316
            ],
            [
              -3.5931946,
              37.1593292
            ],
            [
              -3.5930291,
              37.1601848
            ],
            [
              -3.5929534,
              37.1602414
            ],
            [
              -3.5926034,
              37.1620619
            ],
            [
              -3.5925325,
              37.1625632
            ],
            [
              -3.593223,
              37.1641575
            ],
            [
              -3.5940696,
              37.1651638
            ],
            [
              -3.5966756,
              37.1638937
            ],
            [
              -3.5967418,
              37.1644326
            ],
            [
              -3.5980897,
              37.1660872
            ],
            [
              -3.5983262,
              37.1662342
            ],
            [
              -3.5985023,
              37.166282
            ],
            [
              -3.5984978,
              37.1662335
            ],
            [
              -3.5989344,
              37.1657362
            ],
            [
              -3.5997109,
              37.1648128
            ],
            [
              -3.6003587,
              37.1640465
            ],
            [
              -3.6006872,
              37.1636575
            ],
            [
              -3.6009208,
              37.163439
            ],
            [
              -3.6011674,
              37.1632311
            ],
            [
              -3.601481,
              37.1630219
            ],
            [
              -3.6023924,
              37.1625551
            ],
            [
              -3.6036436,
              37.1616623
            ],
            [
              -3.6043096,
              37.1611652
            ],
            [
              -3.6046598,
              37.1609317
            ],
            [
              -3.6048862,
              37.1607312
            ],
            [
              -3.6051475,
              37.1604724
            ],
            [
              -3.605603,
              37.159912
            ],
            [
              -3.6056405,
              37.1599325
            ],
            [
              -3.6057336,
              37.1599838
            ],
            [
              -3.6062329,
              37.1602591
            ],
            [
              -3.6063177,
              37.1603059
            ],
            [
              -3.6067606,
              37.16055
            ],
            [
              -3.6068481,
              37.1605983
            ],
            [
              -3.6073797,
              37.1608914
            ],
            [
              -3.6074634,
              37.1609366
            ],
            [
              -3.6074998,
              37.1609573
            ],
            [
              -3.6106752,
              37.1624124
            ],
            [
              -3.611413,
              37.1605354
            ],
            [
              -3.6128721,
              37.1569507
            ],
            [
              -3.61262,
              37.1567359
            ],
            [
              -3.6121966,
              37.1565044
            ],
            [
              -3.61135,
              37.1559514
            ],
            [
              -3.6108133,
              37.1554308
            ],
            [
              -3.610097,
              37.15459
            ],
            [
              -3.6092812,
              37.1536393
            ],
            [
              -3.6087649,
              37.1531858
            ],
            [
              -3.6075,
              37.1525055
            ],
            [
              -3.6065727,
              37.1521685
            ],
            [
              -3.6055066,
              37.1520264
            ],
            [
              -3.6055334,
              37.1518605
            ],
            [
              -3.6056545,
              37.1516708
            ],
            [
              -3.6062293,
              37.1508914
            ],
            [
              -3.6064977,
              37.150602
            ],
            [
              -3.6067771,
              37.1503417
            ],
            [
              -3.6068764,
              37.1502165
            ],
            [
              -3.6070643,
              37.1496655
            ],
            [
              -3.607179,
              37.14902
            ],
            [
              -3.6072391,
              37.1483139
            ],
            [
              -3.6073283,
              37.1466362
            ],
            [
              -3.6074455,
              37.1458063
            ],
            [
              -3.6077333,
              37.1451896
            ],
            [
              -3.607964,
              37.144699
            ],
            [
              -3.6082303,
              37.1443952
            ],
            [
              -3.6095221,
              37.1420705
            ],
            [
              -3.6101559,
              37.1410595
            ],
            [
              -3.6103375,
              37.1405182
            ],
            [
              -3.6104021,
              37.140341
            ],
            [
              -3.6105718,
              37.1389819
            ],
            [
              -3.6106746,
              37.13876
            ]
          ]
        ]
      },
      "id": "relation/9453527"
    },
    {
      "type": "Feature",
      "properties": {
        "@id": "relation/9459780",
        "admin_level": "9",
        "boundary": "administrative",
        "name": "Genil",
        "source": "https://www.granada.org",
        "type": "boundary"
      },
      "geometry": {
        "type": "Polygon",
        "coordinates": [
          [
            [
              -3.5931946,
              37.1593292
            ],
            [
              -3.5928446,
              37.1588316
            ],
            [
              -3.5954459,
              37.1578328
            ],
            [
              -3.5953986,
              37.1573691
            ],
            [
              -3.5941169,
              37.1554505
            ],
            [
              -3.5933885,
              37.1544289
            ],
            [
              -3.5923102,
              37.153234
            ],
            [
              -3.5926129,
              37.1506178
            ],
            [
              -3.5926933,
              37.15032
            ],
            [
              -3.59275,
              37.1500712
            ],
            [
              -3.5926885,
              37.1498903
            ],
            [
              -3.5920217,
              37.149404
            ],
            [
              -3.5917615,
              37.1491476
            ],
            [
              -3.5916149,
              37.1488385
            ],
            [
              -3.5915771,
              37.1485671
            ],
            [
              -3.5917852,
              37.1475002
            ],
            [
              -3.5917946,
              37.1470855
            ],
            [
              -3.5912838,
              37.1453325
            ],
            [
              -3.591142,
              37.144767
            ],
            [
              -3.5911372,
              37.1442882
            ],
            [
              -3.5912649,
              37.1436398
            ],
            [
              -3.5912744,
              37.1434249
            ],
            [
              -3.5912034,
              37.1432401
            ],
            [
              -3.5909102,
              37.1428367
            ],
            [
              -3.5907778,
              37.142603
            ],
            [
              -3.5906974,
              37.1422561
            ],
            [
              -3.5904845,
              37.1413551
            ],
            [
              -3.590196,
              37.1404276
            ],
            [
              -3.590066,
              37.140092
            ],
            [
              -3.5896758,
              37.1394548
            ],
            [
              -3.5895456,
              37.1391023
            ],
            [
              -3.5889961,
              37.1393641
            ],
            [
              -3.5860964,
              37.1400455
            ],
            [
              -3.5855337,
              37.1400844
            ],
            [
              -3.5847335,
              37.1399801
            ],
            [
              -3.5841031,
              37.1399922
            ],
            [
              -3.5834629,
              37.1402117
            ],
            [
              -3.5823071,
              37.1407132
            ],
            [
              -3.5813291,
              37.1409253
            ],
            [
              -3.5789412,
              37.1408108
            ],
            [
              -3.5792845,
              37.1404568
            ],
            [
              -3.5785825,
              37.1410289
            ],
            [
              -3.5796898,
              37.1415373
            ],
            [
              -3.5809217,
              37.1421262
            ],
            [
              -3.5821685,
              37.1432017
            ],
            [
              -3.5854851,
              37.145466
            ],
            [
              -3.586697,
              37.1463704
            ],
            [
              -3.5859899,
              37.1466804
            ],
            [
              -3.5845976,
              37.1472011
            ],
            [
              -3.5836082,
              37.1473952
            ],
            [
              -3.5831772,
              37.1474045
            ],
            [
              -3.5830678,
              37.1474069
            ],
            [
              -3.5828755,
              37.1472997
            ],
            [
              -3.5824317,
              37.1466889
            ],
            [
              -3.5791207,
              37.1481203
            ],
            [
              -3.5791138,
              37.1486972
            ],
            [
              -3.5792092,
              37.1493909
            ],
            [
              -3.5797369,
              37.1502565
            ],
            [
              -3.5793602,
              37.1504365
            ],
            [
              -3.5793783,
              37.1506482
            ],
            [
              -3.5810719,
              37.1520813
            ],
            [
              -3.5793032,
              37.1527164
            ],
            [
              -3.578133,
              37.1533879
            ],
            [
              -3.5779454,
              37.1534653
            ],
            [
              -3.5778102,
              37.1534033
            ],
            [
              -3.5773581,
              37.1529934
            ],
            [
              -3.5771971,
              37.1529916
            ],
            [
              -3.5762879,
              37.1536911
            ],
            [
              -3.5734429,
              37.1542038
            ],
            [
              -3.570814,
              37.1546678
            ],
            [
              -3.5691949,
              37.1551552
            ],
            [
              -3.5681141,
              37.1556442
            ],
            [
              -3.5674915,
              37.1558449
            ],
            [
              -3.566658,
              37.1559454
            ],
            [
              -3.5660948,
              37.1560106
            ],
            [
              -3.5654395,
              37.1562238
            ],
            [
              -3.5652573,
              37.156264
            ],
            [
              -3.56416,
              37.1563073
            ],
            [
              -3.5635136,
              37.1565022
            ],
            [
              -3.5632963,
              37.1566849
            ],
            [
              -3.5635585,
              37.1572454
            ],
            [
              -3.5634817,
              37.1575252
            ],
            [
              -3.5638272,
              37.158361
            ],
            [
              -3.562748,
              37.1581756
            ],
            [
              -3.5616024,
              37.1578167
            ],
            [
              -3.5599788,
              37.1574786
            ],
            [
              -3.5599626,
              37.158335
            ],
            [
              -3.5600459,
              37.1589386
            ],
            [
              -3.5600307,
              37.1599392
            ],
            [
              -3.5598979,
              37.1602463
            ],
            [
              -3.5596592,
              37.160516
            ],
            [
              -3.5595293,
              37.1606627
            ],
            [
              -3.5582095,
              37.1603895
            ],
            [
              -3.5574316,
              37.160276
            ],
            [
              -3.5542473,
              37.1591461
            ],
            [
              -3.5533673,
              37.1589429
            ],
            [
              -3.5514065,
              37.1587807
            ],
            [
              -3.5510901,
              37.158638
            ],
            [
              -3.5508386,
              37.1585625
            ],
            [
              -3.550656,
              37.158474
            ],
            [
              -3.55016,
              37.1587837
            ],
            [
              -3.5499995,
              37.1589864
            ],
            [
              -3.5496934,
              37.1601907
            ],
            [
              -3.5494893,
              37.1611447
            ],
            [
              -3.5489627,
              37.1620462
            ],
            [
              -3.5484278,
              37.1627715
            ],
            [
              -3.5478573,
              37.1630093
            ],
            [
              -3.5473644,
              37.1633796
            ],
            [
              -3.547009,
              37.1638831
            ],
            [
              -3.5470102,
              37.164478
            ],
            [
              -3.5468318,
              37.1651802
            ],
            [
              -3.5469087,
              37.1665373
            ],
            [
              -3.5465465,
              37.1674652
            ],
            [
              -3.5462472,
              37.1686249
            ],
            [
              -3.5459857,
              37.1685571
            ],
            [
              -3.5458227,
              37.1685265
            ],
            [
              -3.5455352,
              37.1685327
            ],
            [
              -3.5450605,
              37.1685466
            ],
            [
              -3.5443829,
              37.1685696
            ],
            [
              -3.5442062,
              37.1685763
            ],
            [
              -3.5440622,
              37.1685559
            ],
            [
              -3.5440473,
              37.1685537
            ],
            [
              -3.5434959,
              37.1683845
            ],
            [
              -3.5434353,
              37.1683696
            ],
            [
              -3.5433521,
              37.1683491
            ],
            [
              -3.5429472,
              37.1682865
            ],
            [
              -3.542822,
              37.1682693
            ],
            [
              -3.5423456,
              37.1682037
            ],
            [
              -3.541798,
              37.1681346
            ],
            [
              -3.5414914,
              37.1681249
            ],
            [
              -3.5411738,
              37.1681395
            ],
            [
              -3.5409475,
              37.1681815
            ],
            [
              -3.5406909,
              37.1683038
            ],
            [
              -3.5402135,
              37.1685313
            ],
            [
              -3.539766,
              37.168957
            ],
            [
              -3.5388306,
              37.1699349
            ],
            [
              -3.5385521,
              37.1709186
            ],
            [
              -3.538692,
              37.1710916
            ],
            [
              -3.538953,
              37.171442
            ],
            [
              -3.5391608,
              37.1715691
            ],
            [
              -3.5393445,
              37.1716115
            ],
            [
              -3.5396442,
              37.1719427
            ],
            [
              -3.540403,
              37.1721353
            ],
            [
              -3.5411376,
              37.1722238
            ],
            [
              -3.5418046,
              37.1722662
            ],
            [
              -3.5421961,
              37.1721892
            ],
            [
              -3.5426601,
              37.1721738
            ],
            [
              -3.5438297,
              37.1724126
            ],
            [
              -3.5446949,
              37.1726051
            ],
            [
              -3.5456954,
              37.1731135
            ],
            [
              -3.5459225,
              37.1733407
            ],
            [
              -3.546053,
              37.1733869
            ],
            [
              -3.5462367,
              37.1732598
            ],
            [
              -3.5465798,
              37.1729402
            ],
            [
              -3.5467297,
              37.1728747
            ],
            [
              -3.5470535,
              37.17284
            ],
            [
              -3.547706,
              37.172944
            ],
            [
              -3.54846,
              37.1728554
            ],
            [
              -3.5490931,
              37.1728824
            ],
            [
              -3.5494363,
              37.1727515
            ],
            [
              -3.552109,
              37.1730018
            ],
            [
              -3.553356,
              37.1732675
            ],
            [
              -3.5539988,
              37.1732791
            ],
            [
              -3.5548108,
              37.1734293
            ],
            [
              -3.5562801,
              37.1740416
            ],
            [
              -3.5565459,
              37.1742226
            ],
            [
              -3.5566716,
              37.174731
            ],
            [
              -3.5575609,
              37.1750891
            ],
            [
              -3.5577736,
              37.1747502
            ],
            [
              -3.5579766,
              37.1745499
            ],
            [
              -3.5581506,
              37.1744806
            ],
            [
              -3.5583729,
              37.1744421
            ],
            [
              -3.5587789,
              37.1745384
            ],
            [
              -3.5640036,
              37.1766719
            ],
            [
              -3.5645691,
              37.1768721
            ],
            [
              -3.5652312,
              37.1768721
            ],
            [
              -3.5657629,
              37.1768798
            ],
            [
              -3.5661254,
              37.1769491
            ],
            [
              -3.566686,
              37.1773535
            ],
            [
              -3.5669905,
              37.1775268
            ],
            [
              -3.5673047,
              37.1775846
            ],
            [
              -3.5678992,
              37.1774883
            ],
            [
              -3.5683583,
              37.1774459
            ],
            [
              -3.5686967,
              37.1774729
            ],
            [
              -3.569499,
              37.1776962
            ],
            [
              -3.5705864,
              37.1780967
            ],
            [
              -3.5707363,
              37.1781044
            ],
            [
              -3.5708813,
              37.1780505
            ],
            [
              -3.5709586,
              37.1779619
            ],
            [
              -3.5709296,
              37.1777925
            ],
            [
              -3.5702288,
              37.1767604
            ],
            [
              -3.5702288,
              37.1765872
            ],
            [
              -3.5706831,
              37.1759902
            ],
            [
              -3.5708088,
              37.1759286
            ],
            [
              -3.5709731,
              37.1759094
            ],
            [
              -3.5714758,
              37.1759825
            ],
            [
              -3.5727227,
              37.1759787
            ],
            [
              -3.5732447,
              37.1759864
            ],
            [
              -3.5748204,
              37.1762637
            ],
            [
              -3.5752698,
              37.1763099
            ],
            [
              -3.5757773,
              37.1762945
            ],
            [
              -3.5761495,
              37.1761944
            ],
            [
              -3.5759513,
              37.1758208
            ],
            [
              -3.5758063,
              37.1756668
            ],
            [
              -3.575642,
              37.1756244
            ],
            [
              -3.5754342,
              37.175636
            ],
            [
              -3.5752118,
              37.1756899
            ],
            [
              -3.5750572,
              37.1756629
            ],
            [
              -3.5749073,
              37.1755743
            ],
            [
              -3.5748252,
              37.1754704
            ],
            [
              -3.5747865,
              37.1753548
            ],
            [
              -3.5748445,
              37.1751777
            ],
            [
              -3.5748397,
              37.1750775
            ],
            [
              -3.5747334,
              37.1749736
            ],
            [
              -3.5742645,
              37.1746732
            ],
            [
              -3.5740422,
              37.1746193
            ],
            [
              -3.5738537,
              37.1746154
            ],
            [
              -3.5737135,
              37.1746693
            ],
            [
              -3.5735492,
              37.1748734
            ],
            [
              -3.5734139,
              37.174912
            ],
            [
              -3.5732737,
              37.174912
            ],
            [
              -3.5731819,
              37.1748619
            ],
            [
              -3.5728774,
              37.1746154
            ],
            [
              -3.5725826,
              37.1745345
            ],
            [
              -3.5724086,
              37.1744421
            ],
            [
              -3.5723119,
              37.1742919
            ],
            [
              -3.5722877,
              37.1741456
            ],
            [
              -3.5723312,
              37.1739877
            ],
            [
              -3.572672,
              37.1735583
            ],
            [
              -3.5729354,
              37.1732329
            ],
            [
              -3.5731867,
              37.1720775
            ],
            [
              -3.5732254,
              37.1716924
            ],
            [
              -3.5731287,
              37.1715037
            ],
            [
              -3.5728436,
              37.171261
            ],
            [
              -3.5724472,
              37.1710916
            ],
            [
              -3.5720702,
              37.1708759
            ],
            [
              -3.5713163,
              37.1701673
            ],
            [
              -3.5709054,
              37.1695433
            ],
            [
              -3.5708619,
              37.1694008
            ],
            [
              -3.5710263,
              37.1692776
            ],
            [
              -3.5712438,
              37.1692583
            ],
            [
              -3.5718189,
              37.1693277
            ],
            [
              -3.5739214,
              37.1699246
            ],
            [
              -3.574946,
              37.1702366
            ],
            [
              -3.5751007,
              37.1701865
            ],
            [
              -3.5751346,
              37.1701393
            ],
            [
              -3.5751587,
              37.1701056
            ],
            [
              -3.5750233,
              37.1696781
            ],
            [
              -3.5750765,
              37.1695665
            ],
            [
              -3.5752505,
              37.1695472
            ],
            [
              -3.5755212,
              37.1696589
            ],
            [
              -3.5768261,
              37.1706718
            ],
            [
              -3.5770388,
              37.17051
            ],
            [
              -3.5744917,
              37.1681491
            ],
            [
              -3.5752795,
              37.1676562
            ],
            [
              -3.576425,
              37.1683494
            ],
            [
              -3.5773143,
              37.1677293
            ],
            [
              -3.5788368,
              37.1684226
            ],
            [
              -3.5793152,
              37.1683302
            ],
            [
              -3.5807217,
              37.1685767
            ],
            [
              -3.58193,
              37.1691428
            ],
            [
              -3.5819784,
              37.169216
            ],
            [
              -3.5817609,
              37.1694663
            ],
            [
              -3.5817319,
              37.1695973
            ],
            [
              -3.5818479,
              37.1697051
            ],
            [
              -3.582075,
              37.1695087
            ],
            [
              -3.5823263,
              37.169397
            ],
            [
              -3.5826453,
              37.1693816
            ],
            [
              -3.5828773,
              37.1694124
            ],
            [
              -3.5839793,
              37.1700286
            ],
            [
              -3.584221,
              37.1701172
            ],
            [
              -3.5844675,
              37.1701172
            ],
            [
              -3.5846463,
              37.1700325
            ],
            [
              -3.5847575,
              37.1698476
            ],
            [
              -3.5847671,
              37.1696396
            ],
            [
              -3.5846028,
              37.1693739
            ],
            [
              -3.584337,
              37.1691043
            ],
            [
              -3.5840566,
              37.1689464
            ],
            [
              -3.5836361,
              37.1688385
            ],
            [
              -3.583032,
              37.1686575
            ],
            [
              -3.5824472,
              37.1683802
            ],
            [
              -3.5810165,
              37.1674212
            ],
            [
              -3.5801466,
              37.1669013
            ],
            [
              -3.5793297,
              37.1665277
            ],
            [
              -3.5783389,
              37.166208
            ],
            [
              -3.5786241,
              37.1659153
            ],
            [
              -3.5787788,
              37.165896
            ],
            [
              -3.5790204,
              37.166
            ],
            [
              -3.5791703,
              37.1659962
            ],
            [
              -3.5793442,
              37.1658691
            ],
            [
              -3.5795182,
              37.1658151
            ],
            [
              -3.5804946,
              37.1659268
            ],
            [
              -3.5815337,
              37.1661502
            ],
            [
              -3.5818527,
              37.1658999
            ],
            [
              -3.5830199,
              37.1665854
            ],
            [
              -3.5833631,
              37.1667337
            ],
            [
              -3.5842814,
              37.1669571
            ],
            [
              -3.5845955,
              37.1670784
            ],
            [
              -3.584842,
              37.167244
            ],
            [
              -3.5861301,
              37.1682839
            ],
            [
              -3.5863428,
              37.1684303
            ],
            [
              -3.5872127,
              37.1688077
            ],
            [
              -3.5874641,
              37.1688828
            ],
            [
              -3.5875317,
              37.1688039
            ],
            [
              -3.5876356,
              37.1687827
            ],
            [
              -3.5880561,
              37.1688539
            ],
            [
              -3.5888681,
              37.1678738
            ],
            [
              -3.5894469,
              37.1672368
            ],
            [
              -3.5895496,
              37.1671343
            ],
            [
              -3.5917245,
              37.1685141
            ],
            [
              -3.5922659,
              37.1687326
            ],
            [
              -3.5929425,
              37.1689175
            ],
            [
              -3.5934186,
              37.1689502
            ],
            [
              -3.5938391,
              37.1689156
            ],
            [
              -3.5941919,
              37.1688482
            ],
            [
              -3.5959222,
              37.1679989
            ],
            [
              -3.5963388,
              37.1677384
            ],
            [
              -3.5963602,
              37.1676321
            ],
            [
              -3.5963937,
              37.1675428
            ],
            [
              -3.5964514,
              37.1674578
            ],
            [
              -3.5965385,
              37.1673756
            ],
            [
              -3.5966376,
              37.1673104
            ],
            [
              -3.5967859,
              37.1672375
            ],
            [
              -3.5978682,
              37.1667517
            ],
            [
              -3.5985023,
              37.166282
            ],
            [
              -3.5983262,
              37.1662342
            ],
            [
              -3.5980897,
              37.1660872
            ],
            [
              -3.5967418,
              37.1644326
            ],
            [
              -3.5966756,
              37.1638937
            ],
            [
              -3.5940696,
              37.1651638
            ],
            [
              -3.593223,
              37.1641575
            ],
            [
              -3.5925325,
              37.1625632
            ],
            [
              -3.5926034,
              37.1620619
            ],
            [
              -3.5929534,
              37.1602414
            ],
            [
              -3.5930291,
              37.1601848
            ],
            [
              -3.5931946,
              37.1593292
            ]
          ]
        ]
      },
      "id": "relation/9459780"
    },
    {
      "type": "Feature",
      "properties": {
        "@id": "relation/9462466",
        "admin_level": "9",
        "boundary": "administrative",
        "name": "Centro",
        "source": "https://www.granada.org",
        "type": "boundary"
      },
      "geometry": {
        "type": "Polygon",
        "coordinates": [
          [
            [
              -3.6053415,
              37.1828157
            ],
            [
              -3.6054284,
              37.1826525
            ],
            [
              -3.6054417,
              37.1826275
            ],
            [
              -3.6054548,
              37.1826028
            ],
            [
              -3.6058749,
              37.1818104
            ],
            [
              -3.6058915,
              37.1817795
            ],
            [
              -3.6059166,
              37.1817346
            ],
            [
              -3.6060368,
              37.1815085
            ],
            [
              -3.6060596,
              37.1814658
            ],
            [
              -3.6061619,
              37.1812739
            ],
            [
              -3.6061801,
              37.1812399
            ],
            [
              -3.6062016,
              37.1812
            ],
            [
              -3.6063737,
              37.1808683
            ],
            [
              -3.6064723,
              37.1807415
            ],
            [
              -3.6066622,
              37.1805627
            ],
            [
              -3.6067921,
              37.1804499
            ],
            [
              -3.6071108,
              37.1801879
            ],
            [
              -3.6072428,
              37.1800794
            ],
            [
              -3.6073723,
              37.1799671
            ],
            [
              -3.6074947,
              37.1798653
            ],
            [
              -3.6075256,
              37.1798406
            ],
            [
              -3.6075646,
              37.1798091
            ],
            [
              -3.6080033,
              37.1794563
            ],
            [
              -3.6084688,
              37.179082
            ],
            [
              -3.6084981,
              37.1790585
            ],
            [
              -3.6085265,
              37.1790356
            ],
            [
              -3.6086347,
              37.1789486
            ],
            [
              -3.6086461,
              37.1789394
            ],
            [
              -3.608518,
              37.1788522
            ],
            [
              -3.6084432,
              37.1788013
            ],
            [
              -3.6077746,
              37.1783567
            ],
            [
              -3.6077538,
              37.1783427
            ],
            [
              -3.6076816,
              37.1782946
            ],
            [
              -3.6074437,
              37.1781365
            ],
            [
              -3.607022,
              37.177856
            ],
            [
              -3.6069866,
              37.1778323
            ],
            [
              -3.6069176,
              37.1777865
            ],
            [
              -3.6063051,
              37.1773712
            ],
            [
              -3.6060459,
              37.1771935
            ],
            [
              -3.6060151,
              37.1771735
            ],
            [
              -3.6058591,
              37.1770922
            ],
            [
              -3.6057779,
              37.177053
            ],
            [
              -3.6057452,
              37.1770386
            ],
            [
              -3.6053363,
              37.1767416
            ],
            [
              -3.605182,
              37.1766324
            ],
            [
              -3.6051361,
              37.1765996
            ],
            [
              -3.6049718,
              37.1764847
            ],
            [
              -3.6047053,
              37.176306
            ],
            [
              -3.6046005,
              37.1762345
            ],
            [
              -3.6046175,
              37.1762239
            ],
            [
              -3.6046648,
              37.1761942
            ],
            [
              -3.6053105,
              37.1757894
            ],
            [
              -3.6053775,
              37.1757474
            ],
            [
              -3.6054363,
              37.1757106
            ],
            [
              -3.6054512,
              37.1757012
            ],
            [
              -3.6054949,
              37.1756738
            ],
            [
              -3.605557,
              37.1756349
            ],
            [
              -3.605868,
              37.17544
            ],
            [
              -3.6062163,
              37.1752216
            ],
            [
              -3.6062926,
              37.1751738
            ],
            [
              -3.6063187,
              37.1751577
            ],
            [
              -3.6064686,
              37.1750644
            ],
            [
              -3.6064961,
              37.1750471
            ],
            [
              -3.6065365,
              37.1750288
            ],
            [
              -3.606577,
              37.1750105
            ],
            [
              -3.6065602,
              37.1749808
            ],
            [
              -3.6065217,
              37.1749181
            ],
            [
              -3.6061865,
              37.1743722
            ],
            [
              -3.6061498,
              37.1743127
            ],
            [
              -3.6060723,
              37.1741864
            ],
            [
              -3.6059747,
              37.1740174
            ],
            [
              -3.6058007,
              37.1737334
            ],
            [
              -3.6057334,
              37.1736236
            ],
            [
              -3.6057002,
              37.1736039
            ],
            [
              -3.6052403,
              37.1735135
            ],
            [
              -3.6050618,
              37.1734586
            ],
            [
              -3.6047779,
              37.1733203
            ],
            [
              -3.604527,
              37.1731891
            ],
            [
              -3.604446,
              37.1731312
            ],
            [
              -3.6044206,
              37.1731074
            ],
            [
              -3.6043723,
              37.1730529
            ],
            [
              -3.6041587,
              37.1728163
            ],
            [
              -3.6040817,
              37.1728366
            ],
            [
              -3.6040214,
              37.1728172
            ],
            [
              -3.6035969,
              37.1726458
            ],
            [
              -3.6032486,
              37.1724942
            ],
            [
              -3.6031232,
              37.172412
            ],
            [
              -3.6029898,
              37.1723097
            ],
            [
              -3.602792,
              37.1721358
            ],
            [
              -3.6026307,
              37.1719844
            ],
            [
              -3.6026201,
              37.1719744
            ],
            [
              -3.60261,
              37.1719632
            ],
            [
              -3.6025794,
              37.1719292
            ],
            [
              -3.6025111,
              37.1719669
            ],
            [
              -3.6024801,
              37.171984
            ],
            [
              -3.6024488,
              37.1720012
            ],
            [
              -3.6017853,
              37.1723592
            ],
            [
              -3.6016985,
              37.1724056
            ],
            [
              -3.6006505,
              37.1729729
            ],
            [
              -3.6005679,
              37.1730206
            ],
            [
              -3.6005244,
              37.1730457
            ],
            [
              -3.6004747,
              37.1730744
            ],
            [
              -3.6003658,
              37.1731373
            ],
            [
              -3.6002652,
              37.1731953
            ],
            [
              -3.6001243,
              37.1732887
            ],
            [
              -3.5999596,
              37.1733973
            ],
            [
              -3.5999199,
              37.1734185
            ],
            [
              -3.5998743,
              37.1734314
            ],
            [
              -3.5998468,
              37.173437
            ],
            [
              -3.5998073,
              37.1734394
            ],
            [
              -3.599762,
              37.1734413
            ],
            [
              -3.5996724,
              37.1734445
            ],
            [
              -3.5996774,
              37.1733702
            ],
            [
              -3.5996519,
              37.1732895
            ],
            [
              -3.5993717,
              37.1726658
            ],
            [
              -3.5987237,
              37.1714848
            ],
            [
              -3.5986159,
              37.1712848
            ],
            [
              -3.5985257,
              37.1711353
            ],
            [
              -3.5979278,
              37.1702379
            ],
            [
              -3.5973813,
              37.1695983
            ],
            [
              -3.5970213,
              37.169195
            ],
            [
              -3.5968389,
              37.1689807
            ],
            [
              -3.5967135,
              37.1688058
            ],
            [
              -3.5965814,
              37.1686163
            ],
            [
              -3.596513,
              37.1685111
            ],
            [
              -3.5964556,
              37.1683864
            ],
            [
              -3.5963595,
              37.1679329
            ],
            [
              -3.5963388,
              37.1677384
            ],
            [
              -3.5959222,
              37.1679989
            ],
            [
              -3.5941919,
              37.1688482
            ],
            [
              -3.5938391,
              37.1689156
            ],
            [
              -3.5934186,
              37.1689502
            ],
            [
              -3.5929425,
              37.1689175
            ],
            [
              -3.5922659,
              37.1687326
            ],
            [
              -3.5917245,
              37.1685141
            ],
            [
              -3.5895496,
              37.1671343
            ],
            [
              -3.5894469,
              37.1672368
            ],
            [
              -3.5888681,
              37.1678738
            ],
            [
              -3.5880561,
              37.1688539
            ],
            [
              -3.5876356,
              37.1687827
            ],
            [
              -3.5875317,
              37.1688039
            ],
            [
              -3.5874641,
              37.1688828
            ],
            [
              -3.5872127,
              37.1688077
            ],
            [
              -3.5863428,
              37.1684303
            ],
            [
              -3.5861301,
              37.1682839
            ],
            [
              -3.584842,
              37.167244
            ],
            [
              -3.5845955,
              37.1670784
            ],
            [
              -3.5842814,
              37.1669571
            ],
            [
              -3.5833631,
              37.1667337
            ],
            [
              -3.5830199,
              37.1665854
            ],
            [
              -3.5818527,
              37.1658999
            ],
            [
              -3.5815337,
              37.1661502
            ],
            [
              -3.5804946,
              37.1659268
            ],
            [
              -3.5795182,
              37.1658151
            ],
            [
              -3.5793442,
              37.1658691
            ],
            [
              -3.5791703,
              37.1659962
            ],
            [
              -3.5790204,
              37.166
            ],
            [
              -3.5787788,
              37.165896
            ],
            [
              -3.5786241,
              37.1659153
            ],
            [
              -3.5783389,
              37.166208
            ],
            [
              -3.5793297,
              37.1665277
            ],
            [
              -3.5801466,
              37.1669013
            ],
            [
              -3.5810165,
              37.1674212
            ],
            [
              -3.5824472,
              37.1683802
            ],
            [
              -3.583032,
              37.1686575
            ],
            [
              -3.5836361,
              37.1688385
            ],
            [
              -3.5840566,
              37.1689464
            ],
            [
              -3.584337,
              37.1691043
            ],
            [
              -3.5846028,
              37.1693739
            ],
            [
              -3.5847671,
              37.1696396
            ],
            [
              -3.5847575,
              37.1698476
            ],
            [
              -3.5846463,
              37.1700325
            ],
            [
              -3.5844675,
              37.1701172
            ],
            [
              -3.584221,
              37.1701172
            ],
            [
              -3.5839793,
              37.1700286
            ],
            [
              -3.5828773,
              37.1694124
            ],
            [
              -3.5826453,
              37.1693816
            ],
            [
              -3.5823263,
              37.169397
            ],
            [
              -3.582075,
              37.1695087
            ],
            [
              -3.5818479,
              37.1697051
            ],
            [
              -3.5817319,
              37.1695973
            ],
            [
              -3.5817609,
              37.1694663
            ],
            [
              -3.5819784,
              37.169216
            ],
            [
              -3.58193,
              37.1691428
            ],
            [
              -3.5807217,
              37.1685767
            ],
            [
              -3.5793152,
              37.1683302
            ],
            [
              -3.5788368,
              37.1684226
            ],
            [
              -3.5773143,
              37.1677293
            ],
            [
              -3.576425,
              37.1683494
            ],
            [
              -3.5752795,
              37.1676562
            ],
            [
              -3.5744917,
              37.1681491
            ],
            [
              -3.5770388,
              37.17051
            ],
            [
              -3.5768261,
              37.1706718
            ],
            [
              -3.5755212,
              37.1696589
            ],
            [
              -3.5752505,
              37.1695472
            ],
            [
              -3.5750765,
              37.1695665
            ],
            [
              -3.5750233,
              37.1696781
            ],
            [
              -3.5751587,
              37.1701056
            ],
            [
              -3.5751346,
              37.1701393
            ],
            [
              -3.5751007,
              37.1701865
            ],
            [
              -3.574946,
              37.1702366
            ],
            [
              -3.5739214,
              37.1699246
            ],
            [
              -3.5718189,
              37.1693277
            ],
            [
              -3.5712438,
              37.1692583
            ],
            [
              -3.5710263,
              37.1692776
            ],
            [
              -3.5708619,
              37.1694008
            ],
            [
              -3.5709054,
              37.1695433
            ],
            [
              -3.5713163,
              37.1701673
            ],
            [
              -3.5720702,
              37.1708759
            ],
            [
              -3.5724472,
              37.1710916
            ],
            [
              -3.5728436,
              37.171261
            ],
            [
              -3.5731287,
              37.1715037
            ],
            [
              -3.5732254,
              37.1716924
            ],
            [
              -3.5731867,
              37.1720775
            ],
            [
              -3.5729354,
              37.1732329
            ],
            [
              -3.572672,
              37.1735583
            ],
            [
              -3.5723312,
              37.1739877
            ],
            [
              -3.5722877,
              37.1741456
            ],
            [
              -3.5723119,
              37.1742919
            ],
            [
              -3.5724086,
              37.1744421
            ],
            [
              -3.5725826,
              37.1745345
            ],
            [
              -3.5728774,
              37.1746154
            ],
            [
              -3.5731819,
              37.1748619
            ],
            [
              -3.5732737,
              37.174912
            ],
            [
              -3.5734139,
              37.174912
            ],
            [
              -3.5735492,
              37.1748734
            ],
            [
              -3.5737135,
              37.1746693
            ],
            [
              -3.5738537,
              37.1746154
            ],
            [
              -3.5740422,
              37.1746193
            ],
            [
              -3.5742645,
              37.1746732
            ],
            [
              -3.5747334,
              37.1749736
            ],
            [
              -3.5748397,
              37.1750775
            ],
            [
              -3.5748445,
              37.1751777
            ],
            [
              -3.5747865,
              37.1753548
            ],
            [
              -3.5748252,
              37.1754704
            ],
            [
              -3.5749073,
              37.1755743
            ],
            [
              -3.5750572,
              37.1756629
            ],
            [
              -3.5752118,
              37.1756899
            ],
            [
              -3.5754342,
              37.175636
            ],
            [
              -3.575642,
              37.1756244
            ],
            [
              -3.5758063,
              37.1756668
            ],
            [
              -3.5759513,
              37.1758208
            ],
            [
              -3.5761495,
              37.1761944
            ],
            [
              -3.5757773,
              37.1762945
            ],
            [
              -3.5752698,
              37.1763099
            ],
            [
              -3.5748204,
              37.1762637
            ],
            [
              -3.5732447,
              37.1759864
            ],
            [
              -3.5727227,
              37.1759787
            ],
            [
              -3.5714758,
              37.1759825
            ],
            [
              -3.5709731,
              37.1759094
            ],
            [
              -3.5708088,
              37.1759286
            ],
            [
              -3.5706831,
              37.1759902
            ],
            [
              -3.5702288,
              37.1765872
            ],
            [
              -3.5702288,
              37.1767604
            ],
            [
              -3.5709296,
              37.1777925
            ],
            [
              -3.5709586,
              37.1779619
            ],
            [
              -3.5708813,
              37.1780505
            ],
            [
              -3.5707363,
              37.1781044
            ],
            [
              -3.5705864,
              37.1780967
            ],
            [
              -3.569499,
              37.1776962
            ],
            [
              -3.5686967,
              37.1774729
            ],
            [
              -3.5683583,
              37.1774459
            ],
            [
              -3.5678992,
              37.1774883
            ],
            [
              -3.5673047,
              37.1775846
            ],
            [
              -3.5669905,
              37.1775268
            ],
            [
              -3.566686,
              37.1773535
            ],
            [
              -3.5661254,
              37.1769491
            ],
            [
              -3.5657629,
              37.1768798
            ],
            [
              -3.5652312,
              37.1768721
            ],
            [
              -3.5645691,
              37.1768721
            ],
            [
              -3.5640036,
              37.1766719
            ],
            [
              -3.5587789,
              37.1745384
            ],
            [
              -3.5583729,
              37.1744421
            ],
            [
              -3.5581506,
              37.1744806
            ],
            [
              -3.5579766,
              37.1745499
            ],
            [
              -3.5577736,
              37.1747502
            ],
            [
              -3.5575609,
              37.1750891
            ],
            [
              -3.5566716,
              37.174731
            ],
            [
              -3.5565459,
              37.1742226
            ],
            [
              -3.5562801,
              37.1740416
            ],
            [
              -3.5548108,
              37.1734293
            ],
            [
              -3.5539988,
              37.1732791
            ],
            [
              -3.553356,
              37.1732675
            ],
            [
              -3.552109,
              37.1730018
            ],
            [
              -3.5494363,
              37.1727515
            ],
            [
              -3.5490931,
              37.1728824
            ],
            [
              -3.54846,
              37.1728554
            ],
            [
              -3.547706,
              37.172944
            ],
            [
              -3.5470535,
              37.17284
            ],
            [
              -3.5467297,
              37.1728747
            ],
            [
              -3.5465798,
              37.1729402
            ],
            [
              -3.5462367,
              37.1732598
            ],
            [
              -3.546053,
              37.1733869
            ],
            [
              -3.5459225,
              37.1733407
            ],
            [
              -3.5456954,
              37.1731135
            ],
            [
              -3.5446949,
              37.1726051
            ],
            [
              -3.5438297,
              37.1724126
            ],
            [
              -3.5426601,
              37.1721738
            ],
            [
              -3.5421961,
              37.1721892
            ],
            [
              -3.5418046,
              37.1722662
            ],
            [
              -3.5411376,
              37.1722238
            ],
            [
              -3.540403,
              37.1721353
            ],
            [
              -3.5396442,
              37.1719427
            ],
            [
              -3.5393445,
              37.1716115
            ],
            [
              -3.5391608,
              37.1715691
            ],
            [
              -3.538953,
              37.171442
            ],
            [
              -3.538692,
              37.1710916
            ],
            [
              -3.5385521,
              37.1709186
            ],
            [
              -3.5376429,
              37.1713734
            ],
            [
              -3.5372603,
              37.1714202
            ],
            [
              -3.5370828,
              37.1716576
            ],
            [
              -3.5366526,
              37.1718078
            ],
            [
              -3.5364641,
              37.1719404
            ],
            [
              -3.536346,
              37.1719696
            ],
            [
              -3.5358675,
              37.1721481
            ],
            [
              -3.5354561,
              37.1721406
            ],
            [
              -3.5355314,
              37.1724634
            ],
            [
              -3.5357638,
              37.1726536
            ],
            [
              -3.536461,
              37.1729989
            ],
            [
              -3.5366808,
              37.1731841
            ],
            [
              -3.5370577,
              37.1732792
            ],
            [
              -3.5373026,
              37.1733843
            ],
            [
              -3.5373843,
              37.1735945
            ],
            [
              -3.5372901,
              37.1736545
            ],
            [
              -3.5368127,
              37.1736445
            ],
            [
              -3.5366431,
              37.1736896
            ],
            [
              -3.5365929,
              37.1738647
            ],
            [
              -3.536662,
              37.1739698
            ],
            [
              -3.5367939,
              37.1739898
            ],
            [
              -3.5370074,
              37.1738998
            ],
            [
              -3.537177,
              37.1739048
            ],
            [
              -3.5372273,
              37.1739948
            ],
            [
              -3.537177,
              37.1740899
            ],
            [
              -3.5367625,
              37.174215
            ],
            [
              -3.5365678,
              37.17415
            ],
            [
              -3.5361784,
              37.1738497
            ],
            [
              -3.5360276,
              37.1737897
            ],
            [
              -3.5357889,
              37.1738797
            ],
            [
              -3.535522,
              37.1741825
            ],
            [
              -3.5355534,
              37.1742601
            ],
            [
              -3.5356319,
              37.1742951
            ],
            [
              -3.5357858,
              37.1742551
            ],
            [
              -3.5359397,
              37.1742125
            ],
            [
              -3.536081,
              37.1742526
            ],
            [
              -3.5364641,
              37.1745754
            ],
            [
              -3.5366369,
              37.1746279
            ],
            [
              -3.5369164,
              37.1746129
            ],
            [
              -3.5372587,
              37.174658
            ],
            [
              -3.5379527,
              37.1746905
            ],
            [
              -3.5382636,
              37.1746104
            ],
            [
              -3.5383861,
              37.1748181
            ],
            [
              -3.5384929,
              37.1749132
            ],
            [
              -3.5389671,
              37.1750333
            ],
            [
              -3.5391398,
              37.1751534
            ],
            [
              -3.5394805,
              37.1753173
            ],
            [
              -3.5396517,
              37.17549
            ],
            [
              -3.5397333,
              37.1757389
            ],
            [
              -3.53995,
              37.1759404
            ],
            [
              -3.5402468,
              37.176138
            ],
            [
              -3.5404588,
              37.1761993
            ],
            [
              -3.5407603,
              37.1763845
            ],
            [
              -3.5407948,
              37.1766522
            ],
            [
              -3.5406221,
              37.1771527
            ],
            [
              -3.5411827,
              37.1774392
            ],
            [
              -3.5414295,
              37.1775418
            ],
            [
              -3.541687,
              37.1774135
            ],
            [
              -3.5419659,
              37.1773879
            ],
            [
              -3.5421483,
              37.1774135
            ],
            [
              -3.542277,
              37.1774905
            ],
            [
              -3.5423414,
              37.1776614
            ],
            [
              -3.5423629,
              37.1778752
            ],
            [
              -3.5424916,
              37.178106
            ],
            [
              -3.5427169,
              37.1780547
            ],
            [
              -3.5428886,
              37.1779863
            ],
            [
              -3.5431783,
              37.1779606
            ],
            [
              -3.5437147,
              37.1779863
            ],
            [
              -3.5440366,
              37.1780205
            ],
            [
              -3.5445086,
              37.177935
            ],
            [
              -3.544852,
              37.1778239
            ],
            [
              -3.5449914,
              37.1777555
            ],
            [
              -3.5451293,
              37.1777234
            ],
            [
              -3.5454512,
              37.1778089
            ],
            [
              -3.5456336,
              37.1779542
            ],
            [
              -3.5459232,
              37.1781679
            ],
            [
              -3.5461593,
              37.1784244
            ],
            [
              -3.5463631,
              37.1786466
            ],
            [
              -3.5464884,
              37.1786534
            ],
            [
              -3.5469985,
              37.1787658
            ],
            [
              -3.5473186,
              37.1785712
            ],
            [
              -3.5478611,
              37.1778104
            ],
            [
              -3.5484634,
              37.1775337
            ],
            [
              -3.5491605,
              37.1776698
            ],
            [
              -3.5497154,
              37.1777066
            ],
            [
              -3.5498225,
              37.1777624
            ],
            [
              -3.5503742,
              37.1780686
            ],
            [
              -3.5508406,
              37.1781522
            ],
            [
              -3.5514818,
              37.1782358
            ],
            [
              -3.5522584,
              37.1783658
            ],
            [
              -3.5528367,
              37.1783287
            ],
            [
              -3.5532257,
              37.1783796
            ],
            [
              -3.5535332,
              37.1784642
            ],
            [
              -3.5538454,
              37.1787094
            ],
            [
              -3.5540254,
              37.1789269
            ],
            [
              -3.5543105,
              37.1793296
            ],
            [
              -3.5545619,
              37.1794947
            ],
            [
              -3.5547972,
              37.1795748
            ],
            [
              -3.5551329,
              37.179641
            ],
            [
              -3.5557013,
              37.1797201
            ],
            [
              -3.5563811,
              37.1798373
            ],
            [
              -3.5571337,
              37.1800496
            ],
            [
              -3.5576122,
              37.1801006
            ],
            [
              -3.5580918,
              37.180001
            ],
            [
              -3.5586551,
              37.1799289
            ],
            [
              -3.5587333,
              37.1799239
            ],
            [
              -3.5591028,
              37.1799003
            ],
            [
              -3.5592401,
              37.180005
            ],
            [
              -3.5593118,
              37.1803094
            ],
            [
              -3.5594789,
              37.1804615
            ],
            [
              -3.5601177,
              37.1805519
            ],
            [
              -3.5605713,
              37.1806756
            ],
            [
              -3.5608639,
              37.1808325
            ],
            [
              -3.5611922,
              37.1807564
            ],
            [
              -3.5615623,
              37.1804425
            ],
            [
              -3.5618727,
              37.1802475
            ],
            [
              -3.56241,
              37.1803617
            ],
            [
              -3.5629174,
              37.1805519
            ],
            [
              -3.5631562,
              37.1806375
            ],
            [
              -3.5635263,
              37.1807517
            ],
            [
              -3.5636994,
              37.1809181
            ],
            [
              -3.5639322,
              37.1809467
            ],
            [
              -3.5642068,
              37.1808706
            ],
            [
              -3.5645113,
              37.180785
            ],
            [
              -3.5646486,
              37.1807422
            ],
            [
              -3.5648456,
              37.1807707
            ],
            [
              -3.5653172,
              37.1808373
            ],
            [
              -3.5657231,
              37.1807897
            ],
            [
              -3.5660902,
              37.1806361
            ],
            [
              -3.566405,
              37.1807871
            ],
            [
              -3.566891,
              37.1809454
            ],
            [
              -3.5673097,
              37.1810282
            ],
            [
              -3.5677162,
              37.180999
            ],
            [
              -3.5679302,
              37.1808821
            ],
            [
              -3.5680891,
              37.1806556
            ],
            [
              -3.5681716,
              37.1805095
            ],
            [
              -3.5681747,
              37.1803463
            ],
            [
              -3.5685323,
              37.18021
            ],
            [
              -3.5687737,
              37.1802002
            ],
            [
              -3.569025,
              37.1803135
            ],
            [
              -3.569316,
              37.1806226
            ],
            [
              -3.5696887,
              37.1808604
            ],
            [
              -3.5705744,
              37.1810675
            ],
            [
              -3.5712194,
              37.1812285
            ],
            [
              -3.5717874,
              37.1812976
            ],
            [
              -3.572365,
              37.1815047
            ],
            [
              -3.5728271,
              37.1814203
            ],
            [
              -3.573193,
              37.1812439
            ],
            [
              -3.5738572,
              37.1809984
            ],
            [
              -3.574252,
              37.1808987
            ],
            [
              -3.5747526,
              37.1808987
            ],
            [
              -3.5748894,
              37.1808386
            ],
            [
              -3.5752243,
              37.1806916
            ],
            [
              -3.5757056,
              37.1806379
            ],
            [
              -3.5760811,
              37.1808067
            ],
            [
              -3.5765913,
              37.1808374
            ],
            [
              -3.5769764,
              37.1807376
            ],
            [
              -3.5774481,
              37.1806303
            ],
            [
              -3.577891,
              37.1806609
            ],
            [
              -3.5784782,
              37.1806763
            ],
            [
              -3.578873,
              37.180776
            ],
            [
              -3.579413,
              37.1808114
            ],
            [
              -3.5796913,
              37.1808297
            ],
            [
              -3.5801052,
              37.1809447
            ],
            [
              -3.5804821,
              37.1809331
            ],
            [
              -3.5806869,
              37.1808471
            ],
            [
              -3.5809859,
              37.1806749
            ],
            [
              -3.5811696,
              37.1806519
            ],
            [
              -3.5814635,
              37.1807304
            ],
            [
              -3.5817753,
              37.1807846
            ],
            [
              -3.582007,
              37.1807689
            ],
            [
              -3.5821959,
              37.180737
            ],
            [
              -3.5823919,
              37.1807078
            ],
            [
              -3.5827679,
              37.1807497
            ],
            [
              -3.5829588,
              37.1807556
            ],
            [
              -3.5830729,
              37.1807323
            ],
            [
              -3.5832799,
              37.1805943
            ],
            [
              -3.5835023,
              37.1805161
            ],
            [
              -3.5837415,
              37.1805382
            ],
            [
              -3.5839128,
              37.1805869
            ],
            [
              -3.5841399,
              37.180713
            ],
            [
              -3.5843435,
              37.1808709
            ],
            [
              -3.5846939,
              37.1810274
            ],
            [
              -3.585076,
              37.1810105
            ],
            [
              -3.5853783,
              37.1808197
            ],
            [
              -3.5856158,
              37.1804869
            ],
            [
              -3.5860791,
              37.180165
            ],
            [
              -3.5862678,
              37.1796122
            ],
            [
              -3.5866622,
              37.1793762
            ],
            [
              -3.5869549,
              37.1792909
            ],
            [
              -3.5874132,
              37.1793215
            ],
            [
              -3.5877551,
              37.1793111
            ],
            [
              -3.58796,
              37.1792795
            ],
            [
              -3.5881643,
              37.1792282
            ],
            [
              -3.5882695,
              37.1791823
            ],
            [
              -3.588335,
              37.1791535
            ],
            [
              -3.5885617,
              37.1790298
            ],
            [
              -3.5887456,
              37.1789511
            ],
            [
              -3.5889975,
              37.1787969
            ],
            [
              -3.5892422,
              37.1786907
            ],
            [
              -3.5894953,
              37.1786088
            ],
            [
              -3.5897243,
              37.1785625
            ],
            [
              -3.589948,
              37.1785461
            ],
            [
              -3.5901954,
              37.1785413
            ],
            [
              -3.5904228,
              37.1785559
            ],
            [
              -3.5905322,
              37.1785498
            ],
            [
              -3.5906729,
              37.1785283
            ],
            [
              -3.590854,
              37.1784537
            ],
            [
              -3.5911033,
              37.178351
            ],
            [
              -3.5913125,
              37.1783153
            ],
            [
              -3.591675,
              37.1783388
            ],
            [
              -3.5918414,
              37.1784189
            ],
            [
              -3.5921046,
              37.1784856
            ],
            [
              -3.5925382,
              37.1784116
            ],
            [
              -3.5929318,
              37.1781973
            ],
            [
              -3.5931014,
              37.1781206
            ],
            [
              -3.593208,
              37.178071
            ],
            [
              -3.5935049,
              37.1779769
            ],
            [
              -3.5937332,
              37.1779524
            ],
            [
              -3.5941345,
              37.1778378
            ],
            [
              -3.5944912,
              37.1776513
            ],
            [
              -3.5949065,
              37.1773663
            ],
            [
              -3.5950622,
              37.177231
            ],
            [
              -3.5951025,
              37.1771924
            ],
            [
              -3.5952454,
              37.1771117
            ],
            [
              -3.5955373,
              37.176958
            ],
            [
              -3.5957421,
              37.1768311
            ],
            [
              -3.5963981,
              37.1764805
            ],
            [
              -3.5964117,
              37.1764968
            ],
            [
              -3.5964367,
              37.1765294
            ],
            [
              -3.5964515,
              37.1765485
            ],
            [
              -3.5965861,
              37.1767225
            ],
            [
              -3.5967493,
              37.1769324
            ],
            [
              -3.5967634,
              37.1769489
            ],
            [
              -3.5968343,
              37.177037
            ],
            [
              -3.596881,
              37.1770835
            ],
            [
              -3.5970126,
              37.177205
            ],
            [
              -3.5971938,
              37.1773406
            ],
            [
              -3.5972524,
              37.1773824
            ],
            [
              -3.5974702,
              37.177535
            ],
            [
              -3.5975947,
              37.1776582
            ],
            [
              -3.5975998,
              37.1776626
            ],
            [
              -3.5976133,
              37.1776744
            ],
            [
              -3.5976454,
              37.1777054
            ],
            [
              -3.5976638,
              37.1777342
            ],
            [
              -3.597801,
              37.1780336
            ],
            [
              -3.5978105,
              37.1780544
            ],
            [
              -3.5978615,
              37.1781659
            ],
            [
              -3.5979062,
              37.1782417
            ],
            [
              -3.5979548,
              37.1783085
            ],
            [
              -3.5979981,
              37.1783606
            ],
            [
              -3.5981206,
              37.1784702
            ],
            [
              -3.598128,
              37.1784766
            ],
            [
              -3.598243,
              37.1785937
            ],
            [
              -3.5982961,
              37.1786549
            ],
            [
              -3.5984071,
              37.1787747
            ],
            [
              -3.5985138,
              37.1788977
            ],
            [
              -3.5985535,
              37.1789831
            ],
            [
              -3.598658,
              37.1792138
            ],
            [
              -3.5986768,
              37.1792553
            ],
            [
              -3.5987828,
              37.17949
            ],
            [
              -3.5989053,
              37.1797706
            ],
            [
              -3.5989158,
              37.1797946
            ],
            [
              -3.5989433,
              37.1798753
            ],
            [
              -3.5989922,
              37.1800447
            ],
            [
              -3.599005,
              37.1800867
            ],
            [
              -3.5990515,
              37.1802689
            ],
            [
              -3.5990671,
              37.1803921
            ],
            [
              -3.5990584,
              37.1805324
            ],
            [
              -3.5990263,
              37.1807944
            ],
            [
              -3.5990197,
              37.180923
            ],
            [
              -3.5990288,
              37.1810114
            ],
            [
              -3.5990507,
              37.1811812
            ],
            [
              -3.5990716,
              37.1812834
            ],
            [
              -3.5991194,
              37.1814948
            ],
            [
              -3.5992228,
              37.1817898
            ],
            [
              -3.5992357,
              37.1818093
            ],
            [
              -3.5993352,
              37.1819207
            ],
            [
              -3.5993467,
              37.1819488
            ],
            [
              -3.5993508,
              37.1819719
            ],
            [
              -3.5993738,
              37.1821106
            ],
            [
              -3.599385,
              37.1821287
            ],
            [
              -3.59941,
              37.1821407
            ],
            [
              -3.5995733,
              37.1821451
            ],
            [
              -3.5995863,
              37.182146
            ],
            [
              -3.5995996,
              37.182147
            ],
            [
              -3.5996119,
              37.1821482
            ],
            [
              -3.6001254,
              37.1822467
            ],
            [
              -3.6001521,
              37.1822519
            ],
            [
              -3.6002718,
              37.1822777
            ],
            [
              -3.6003019,
              37.1822842
            ],
            [
              -3.6006272,
              37.1823541
            ],
            [
              -3.6009188,
              37.1824168
            ],
            [
              -3.6010908,
              37.1824538
            ],
            [
              -3.6012051,
              37.1824784
            ],
            [
              -3.6012408,
              37.1825079
            ],
            [
              -3.6018898,
              37.1828485
            ],
            [
              -3.6045829,
              37.1842567
            ],
            [
              -3.6047543,
              37.1838924
            ],
            [
              -3.6052182,
              37.1830257
            ],
            [
              -3.6053415,
              37.1828157
            ]
          ]
        ]
      },
      "id": "relation/9462466"
    },
    {
      "type": "Feature",
      "properties": {
        "@id": "relation/9462525",
        "admin_level": "9",
        "boundary": "administrative",
        "name": "Ronda",
        "source": "https://www.granada.org",
        "type": "boundary"
      },
      "geometry": {
        "type": "Polygon",
        "coordinates": [
          [
            [
              -3.6106752,
              37.1624124
            ],
            [
              -3.6074998,
              37.1609573
            ],
            [
              -3.6074634,
              37.1609366
            ],
            [
              -3.6073797,
              37.1608914
            ],
            [
              -3.6068481,
              37.1605983
            ],
            [
              -3.6067606,
              37.16055
            ],
            [
              -3.6063177,
              37.1603059
            ],
            [
              -3.6062329,
              37.1602591
            ],
            [
              -3.6057336,
              37.1599838
            ],
            [
              -3.6056405,
              37.1599325
            ],
            [
              -3.605603,
              37.159912
            ],
            [
              -3.6051475,
              37.1604724
            ],
            [
              -3.6048862,
              37.1607312
            ],
            [
              -3.6046598,
              37.1609317
            ],
            [
              -3.6043096,
              37.1611652
            ],
            [
              -3.6036436,
              37.1616623
            ],
            [
              -3.6023924,
              37.1625551
            ],
            [
              -3.601481,
              37.1630219
            ],
            [
              -3.6011674,
              37.1632311
            ],
            [
              -3.6009208,
              37.163439
            ],
            [
              -3.6006872,
              37.1636575
            ],
            [
              -3.6003587,
              37.1640465
            ],
            [
              -3.5997109,
              37.1648128
            ],
            [
              -3.5989344,
              37.1657362
            ],
            [
              -3.5984978,
              37.1662335
            ],
            [
              -3.5985023,
              37.166282
            ],
            [
              -3.5978682,
              37.1667517
            ],
            [
              -3.5967859,
              37.1672375
            ],
            [
              -3.5966376,
              37.1673104
            ],
            [
              -3.5965385,
              37.1673756
            ],
            [
              -3.5964514,
              37.1674578
            ],
            [
              -3.5963937,
              37.1675428
            ],
            [
              -3.5963602,
              37.1676321
            ],
            [
              -3.5963388,
              37.1677384
            ],
            [
              -3.5963595,
              37.1679329
            ],
            [
              -3.5964556,
              37.1683864
            ],
            [
              -3.596513,
              37.1685111
            ],
            [
              -3.5965814,
              37.1686163
            ],
            [
              -3.5967135,
              37.1688058
            ],
            [
              -3.5968389,
              37.1689807
            ],
            [
              -3.5970213,
              37.169195
            ],
            [
              -3.5973813,
              37.1695983
            ],
            [
              -3.5979278,
              37.1702379
            ],
            [
              -3.5985257,
              37.1711353
            ],
            [
              -3.5986159,
              37.1712848
            ],
            [
              -3.5987237,
              37.1714848
            ],
            [
              -3.5993717,
              37.1726658
            ],
            [
              -3.5996519,
              37.1732895
            ],
            [
              -3.5996774,
              37.1733702
            ],
            [
              -3.5996724,
              37.1734445
            ],
            [
              -3.599762,
              37.1734413
            ],
            [
              -3.5998073,
              37.1734394
            ],
            [
              -3.5998468,
              37.173437
            ],
            [
              -3.5998743,
              37.1734314
            ],
            [
              -3.5999199,
              37.1734185
            ],
            [
              -3.5999596,
              37.1733973
            ],
            [
              -3.6001243,
              37.1732887
            ],
            [
              -3.6002652,
              37.1731953
            ],
            [
              -3.6003658,
              37.1731373
            ],
            [
              -3.6004747,
              37.1730744
            ],
            [
              -3.6005244,
              37.1730457
            ],
            [
              -3.6005679,
              37.1730206
            ],
            [
              -3.6006505,
              37.1729729
            ],
            [
              -3.6016985,
              37.1724056
            ],
            [
              -3.6017853,
              37.1723592
            ],
            [
              -3.6024488,
              37.1720012
            ],
            [
              -3.6024801,
              37.171984
            ],
            [
              -3.6025111,
              37.1719669
            ],
            [
              -3.6025794,
              37.1719292
            ],
            [
              -3.60261,
              37.1719632
            ],
            [
              -3.6026201,
              37.1719744
            ],
            [
              -3.6026307,
              37.1719844
            ],
            [
              -3.602792,
              37.1721358
            ],
            [
              -3.6029898,
              37.1723097
            ],
            [
              -3.6031232,
              37.172412
            ],
            [
              -3.6032486,
              37.1724942
            ],
            [
              -3.6035969,
              37.1726458
            ],
            [
              -3.6040214,
              37.1728172
            ],
            [
              -3.6040817,
              37.1728366
            ],
            [
              -3.6041587,
              37.1728163
            ],
            [
              -3.6043723,
              37.1730529
            ],
            [
              -3.6044206,
              37.1731074
            ],
            [
              -3.604446,
              37.1731312
            ],
            [
              -3.604527,
              37.1731891
            ],
            [
              -3.6047779,
              37.1733203
            ],
            [
              -3.6050618,
              37.1734586
            ],
            [
              -3.6052403,
              37.1735135
            ],
            [
              -3.6057002,
              37.1736039
            ],
            [
              -3.6057334,
              37.1736236
            ],
            [
              -3.6058007,
              37.1737334
            ],
            [
              -3.6059747,
              37.1740174
            ],
            [
              -3.6060723,
              37.1741864
            ],
            [
              -3.6061498,
              37.1743127
            ],
            [
              -3.6061865,
              37.1743722
            ],
            [
              -3.6065217,
              37.1749181
            ],
            [
              -3.6065602,
              37.1749808
            ],
            [
              -3.606577,
              37.1750105
            ],
            [
              -3.6065365,
              37.1750288
            ],
            [
              -3.6064961,
              37.1750471
            ],
            [
              -3.6064686,
              37.1750644
            ],
            [
              -3.6063187,
              37.1751577
            ],
            [
              -3.6062926,
              37.1751738
            ],
            [
              -3.6062163,
              37.1752216
            ],
            [
              -3.605868,
              37.17544
            ],
            [
              -3.605557,
              37.1756349
            ],
            [
              -3.6054949,
              37.1756738
            ],
            [
              -3.6054512,
              37.1757012
            ],
            [
              -3.6054363,
              37.1757106
            ],
            [
              -3.6053775,
              37.1757474
            ],
            [
              -3.6053105,
              37.1757894
            ],
            [
              -3.6046648,
              37.1761942
            ],
            [
              -3.6046175,
              37.1762239
            ],
            [
              -3.6046005,
              37.1762345
            ],
            [
              -3.6047053,
              37.176306
            ],
            [
              -3.6049718,
              37.1764847
            ],
            [
              -3.6051361,
              37.1765996
            ],
            [
              -3.605182,
              37.1766324
            ],
            [
              -3.6053363,
              37.1767416
            ],
            [
              -3.6057452,
              37.1770386
            ],
            [
              -3.6057779,
              37.177053
            ],
            [
              -3.6058591,
              37.1770922
            ],
            [
              -3.6060151,
              37.1771735
            ],
            [
              -3.6060459,
              37.1771935
            ],
            [
              -3.6063051,
              37.1773712
            ],
            [
              -3.6069176,
              37.1777865
            ],
            [
              -3.6069866,
              37.1778323
            ],
            [
              -3.607022,
              37.177856
            ],
            [
              -3.6074437,
              37.1781365
            ],
            [
              -3.6076816,
              37.1782946
            ],
            [
              -3.6077538,
              37.1783427
            ],
            [
              -3.6077746,
              37.1783567
            ],
            [
              -3.6084432,
              37.1788013
            ],
            [
              -3.608518,
              37.1788522
            ],
            [
              -3.6086461,
              37.1789394
            ],
            [
              -3.6086846,
              37.1789085
            ],
            [
              -3.6087867,
              37.1788272
            ],
            [
              -3.6088134,
              37.178806
            ],
            [
              -3.6088381,
              37.1787864
            ],
            [
              -3.6089488,
              37.1786983
            ],
            [
              -3.6092353,
              37.1784656
            ],
            [
              -3.6092871,
              37.1784247
            ],
            [
              -3.6093163,
              37.1784015
            ],
            [
              -3.6093419,
              37.1783799
            ],
            [
              -3.6094302,
              37.1783154
            ],
            [
              -3.6095692,
              37.1782499
            ],
            [
              -3.60978,
              37.1781612
            ],
            [
              -3.6097991,
              37.1782141
            ],
            [
              -3.6097991,
              37.1782486
            ],
            [
              -3.6098282,
              37.178301
            ],
            [
              -3.6098623,
              37.1783539
            ],
            [
              -3.6098817,
              37.1783839
            ],
            [
              -3.610183,
              37.1788505
            ],
            [
              -3.610517,
              37.1794037
            ],
            [
              -3.6108385,
              37.1799337
            ],
            [
              -3.6110421,
              37.1802721
            ],
            [
              -3.6110812,
              37.1803368
            ],
            [
              -3.6112344,
              37.1805901
            ],
            [
              -3.611451,
              37.1809483
            ],
            [
              -3.611831,
              37.1815775
            ],
            [
              -3.6118535,
              37.1816139
            ],
            [
              -3.6120404,
              37.1819228
            ],
            [
              -3.6120523,
              37.1819411
            ],
            [
              -3.6122472,
              37.1822634
            ],
            [
              -3.6122693,
              37.1823015
            ],
            [
              -3.6125662,
              37.1827936
            ],
            [
              -3.6128357,
              37.1832319
            ],
            [
              -3.6134572,
              37.1829899
            ],
            [
              -3.613483,
              37.1829799
            ],
            [
              -3.6135951,
              37.1829299
            ],
            [
              -3.6147083,
              37.1847829
            ],
            [
              -3.614754,
              37.1849651
            ],
            [
              -3.6147838,
              37.1849741
            ],
            [
              -3.6164784,
              37.1853141
            ],
            [
              -3.6175674,
              37.1855301
            ],
            [
              -3.6220936,
              37.18646
            ],
            [
              -3.6222126,
              37.1864834
            ],
            [
              -3.6223317,
              37.1865068
            ],
            [
              -3.6224562,
              37.1865313
            ],
            [
              -3.6241003,
              37.1868744
            ],
            [
              -3.625094,
              37.1871192
            ],
            [
              -3.6257511,
              37.1873008
            ],
            [
              -3.6263172,
              37.1874777
            ],
            [
              -3.6268695,
              37.1876591
            ],
            [
              -3.6270512,
              37.1877275
            ],
            [
              -3.6275536,
              37.1879141
            ],
            [
              -3.6284763,
              37.1882731
            ],
            [
              -3.6299469,
              37.1888959
            ],
            [
              -3.6311907,
              37.1894291
            ],
            [
              -3.632896,
              37.1901287
            ],
            [
              -3.6332685,
              37.1901505
            ],
            [
              -3.633296,
              37.1901598
            ],
            [
              -3.6336398,
              37.1902154
            ],
            [
              -3.6338743,
              37.1902492
            ],
            [
              -3.6342266,
              37.1902978
            ],
            [
              -3.6354973,
              37.1904732
            ],
            [
              -3.6357622,
              37.1905098
            ],
            [
              -3.6359255,
              37.1905323
            ],
            [
              -3.6360619,
              37.1905512
            ],
            [
              -3.6362487,
              37.1905769
            ],
            [
              -3.6365121,
              37.1906133
            ],
            [
              -3.6367593,
              37.1906474
            ],
            [
              -3.6372632,
              37.190717
            ],
            [
              -3.6378286,
              37.1907968
            ],
            [
              -3.6382709,
              37.1908609
            ],
            [
              -3.6388285,
              37.1909395
            ],
            [
              -3.6391825,
              37.1909899
            ],
            [
              -3.6392193,
              37.1909953
            ],
            [
              -3.6392557,
              37.1910006
            ],
            [
              -3.6393883,
              37.1910201
            ],
            [
              -3.639447,
              37.1910281
            ],
            [
              -3.6396062,
              37.1902632
            ],
            [
              -3.6394327,
              37.1890232
            ],
            [
              -3.6389945,
              37.1885048
            ],
            [
              -3.6397647,
              37.188124
            ],
            [
              -3.6399772,
              37.1883885
            ],
            [
              -3.6400624,
              37.1883601
            ],
            [
              -3.6408669,
              37.1880923
            ],
            [
              -3.6410129,
              37.1877431
            ],
            [
              -3.6418363,
              37.1873306
            ],
            [
              -3.6415176,
              37.186992
            ],
            [
              -3.6411989,
              37.186389
            ],
            [
              -3.6426065,
              37.1856485
            ],
            [
              -3.6427127,
              37.1861034
            ],
            [
              -3.6433501,
              37.1857119
            ],
            [
              -3.643868,
              37.1860928
            ],
            [
              -3.6439626,
              37.1861315
            ],
            [
              -3.6453951,
              37.186717
            ],
            [
              -3.6433634,
              37.1878066
            ],
            [
              -3.643775,
              37.1883779
            ],
            [
              -3.6438547,
              37.1888857
            ],
            [
              -3.643629,
              37.1905254
            ],
            [
              -3.6440672,
              37.190573
            ],
            [
              -3.6443992,
              37.1907687
            ],
            [
              -3.6445416,
              37.1908966
            ],
            [
              -3.6449702,
              37.1912818
            ],
            [
              -3.6456541,
              37.1915938
            ],
            [
              -3.6495515,
              37.1913558
            ],
            [
              -3.6502022,
              37.1913664
            ],
            [
              -3.6540399,
              37.1915727
            ],
            [
              -3.6555272,
              37.1915092
            ],
            [
              -3.6562841,
              37.1915462
            ],
            [
              -3.6569348,
              37.1919006
            ],
            [
              -3.6579308,
              37.1917578
            ],
            [
              -3.65894,
              37.1916785
            ],
            [
              -3.6611842,
              37.1916256
            ],
            [
              -3.6630566,
              37.1915251
            ],
            [
              -3.6639994,
              37.1915409
            ],
            [
              -3.6655531,
              37.1917737
            ],
            [
              -3.6676313,
              37.1921704
            ],
            [
              -3.6692779,
              37.1923449
            ],
            [
              -3.6813355,
              37.1924348
            ],
            [
              -3.6902592,
              37.1925142
            ],
            [
              -3.6922113,
              37.1926094
            ],
            [
              -3.6989256,
              37.1931171
            ],
            [
              -3.6988849,
              37.193048
            ],
            [
              -3.6984403,
              37.1922952
            ],
            [
              -3.6984142,
              37.1918988
            ],
            [
              -3.6987441,
              37.1880829
            ],
            [
              -3.6974759,
              37.1878841
            ],
            [
              -3.6963826,
              37.1878364
            ],
            [
              -3.6958428,
              37.1877204
            ],
            [
              -3.6953332,
              37.1876623
            ],
            [
              -3.6949314,
              37.1868444
            ],
            [
              -3.6931725,
              37.1867015
            ],
            [
              -3.6914243,
              37.186656
            ],
            [
              -3.6892666,
              37.186042
            ],
            [
              -3.6891641,
              37.1860128
            ],
            [
              -3.6886949,
              37.1861687
            ],
            [
              -3.688592,
              37.186007
            ],
            [
              -3.6882749,
              37.1858286
            ],
            [
              -3.6876424,
              37.185652
            ],
            [
              -3.6870207,
              37.1854212
            ],
            [
              -3.6860695,
              37.1848859
            ],
            [
              -3.6854816,
              37.1846549
            ],
            [
              -3.6850509,
              37.184378
            ],
            [
              -3.6836774,
              37.1832321
            ],
            [
              -3.6820029,
              37.1824395
            ],
            [
              -3.6815837,
              37.1821715
            ],
            [
              -3.6812998,
              37.1819208
            ],
            [
              -3.6811418,
              37.1818856
            ],
            [
              -3.6806358,
              37.1819967
            ],
            [
              -3.6799263,
              37.1820278
            ],
            [
              -3.6786184,
              37.1819001
            ],
            [
              -3.6782129,
              37.1819114
            ],
            [
              -3.6758977,
              37.1825376
            ],
            [
              -3.6752456,
              37.1826765
            ],
            [
              -3.6748414,
              37.1828321
            ],
            [
              -3.6745287,
              37.1831403
            ],
            [
              -3.6742374,
              37.1833222
            ],
            [
              -3.6735519,
              37.1835154
            ],
            [
              -3.6727193,
              37.1836464
            ],
            [
              -3.671333,
              37.1835731
            ],
            [
              -3.6708573,
              37.1832873
            ],
            [
              -3.6700508,
              37.1825437
            ],
            [
              -3.669405,
              37.1821237
            ],
            [
              -3.6688174,
              37.1819287
            ],
            [
              -3.6675322,
              37.1818278
            ],
            [
              -3.6665728,
              37.1816169
            ],
            [
              -3.664032,
              37.180928
            ],
            [
              -3.6623396,
              37.18064
            ],
            [
              -3.6617977,
              37.1804988
            ],
            [
              -3.6612089,
              37.1801596
            ],
            [
              -3.6601092,
              37.1793635
            ],
            [
              -3.6590481,
              37.179117
            ],
            [
              -3.6585387,
              37.1788224
            ],
            [
              -3.6579241,
              37.1781047
            ],
            [
              -3.6576642,
              37.1780069
            ],
            [
              -3.6559387,
              37.1777911
            ],
            [
              -3.6556668,
              37.1776124
            ],
            [
              -3.6550407,
              37.1768587
            ],
            [
              -3.6543449,
              37.1758529
            ],
            [
              -3.6537874,
              37.175207
            ],
            [
              -3.6530719,
              37.1745349
            ],
            [
              -3.6522557,
              37.1739354
            ],
            [
              -3.6516895,
              37.173587
            ],
            [
              -3.6510112,
              37.1733113
            ],
            [
              -3.6500854,
              37.173064
            ],
            [
              -3.6494412,
              37.1728151
            ],
            [
              -3.6483682,
              37.1724785
            ],
            [
              -3.649528,
              37.172418
            ],
            [
              -3.6512446,
              37.1722247
            ],
            [
              -3.6519926,
              37.1721521
            ],
            [
              -3.6527928,
              37.1722018
            ],
            [
              -3.6543464,
              37.1721031
            ],
            [
              -3.6553151,
              37.1720978
            ],
            [
              -3.6561949,
              37.1722371
            ],
            [
              -3.6564212,
              37.172353
            ],
            [
              -3.6568022,
              37.1721256
            ],
            [
              -3.6571515,
              37.1721417
            ],
            [
              -3.6578623,
              37.1722729
            ],
            [
              -3.6577889,
              37.1715973
            ],
            [
              -3.6572248,
              37.1715013
            ],
            [
              -3.6566198,
              37.1679711
            ],
            [
              -3.6554284,
              37.1669591
            ],
            [
              -3.6540413,
              37.1667595
            ],
            [
              -3.6543366,
              37.1657393
            ],
            [
              -3.6545137,
              37.1653777
            ],
            [
              -3.6549699,
              37.1647262
            ],
            [
              -3.655293,
              37.1643188
            ],
            [
              -3.6558466,
              37.163207
            ],
            [
              -3.6561867,
              37.1621595
            ],
            [
              -3.6563155,
              37.1614287
            ],
            [
              -3.6563137,
              37.1612213
            ],
            [
              -3.6559292,
              37.1610342
            ],
            [
              -3.655331,
              37.1608933
            ],
            [
              -3.6542944,
              37.1608359
            ],
            [
              -3.6513661,
              37.160843
            ],
            [
              -3.6502182,
              37.1609394
            ],
            [
              -3.6490336,
              37.1607025
            ],
            [
              -3.6485268,
              37.1607053
            ],
            [
              -3.6469633,
              37.1609392
            ],
            [
              -3.6462764,
              37.160952
            ],
            [
              -3.6458489,
              37.1610174
            ],
            [
              -3.6436851,
              37.1608489
            ],
            [
              -3.6432101,
              37.1606171
            ],
            [
              -3.6428454,
              37.1601143
            ],
            [
              -3.6425482,
              37.1595931
            ],
            [
              -3.6423978,
              37.1591162
            ],
            [
              -3.6422144,
              37.1587476
            ],
            [
              -3.6419991,
              37.1585865
            ],
            [
              -3.6416268,
              37.1585164
            ],
            [
              -3.6398821,
              37.158625
            ],
            [
              -3.6387058,
              37.1593614
            ],
            [
              -3.6379347,
              37.1600867
            ],
            [
              -3.6367931,
              37.1609402
            ],
            [
              -3.6364787,
              37.16105
            ],
            [
              -3.635994,
              37.1609985
            ],
            [
              -3.6355764,
              37.1609016
            ],
            [
              -3.6353494,
              37.1606865
            ],
            [
              -3.6352572,
              37.1604436
            ],
            [
              -3.6344427,
              37.1600063
            ],
            [
              -3.6341834,
              37.1599806
            ],
            [
              -3.6339713,
              37.1602071
            ],
            [
              -3.6338605,
              37.160415
            ],
            [
              -3.633624,
              37.1604253
            ],
            [
              -3.6320895,
              37.160082
            ],
            [
              -3.6317067,
              37.160102
            ],
            [
              -3.6310796,
              37.160538
            ],
            [
              -3.6308882,
              37.1605481
            ],
            [
              -3.6305717,
              37.1604055
            ],
            [
              -3.6303677,
              37.1602534
            ],
            [
              -3.6295008,
              37.160294
            ],
            [
              -3.6285204,
              37.1602271
            ],
            [
              -3.6275279,
              37.1600521
            ],
            [
              -3.6260385,
              37.1597174
            ],
            [
              -3.625227,
              37.1596406
            ],
            [
              -3.6245853,
              37.15968
            ],
            [
              -3.6199957,
              37.1603531
            ],
            [
              -3.6177456,
              37.1606443
            ],
            [
              -3.6170938,
              37.1608189
            ],
            [
              -3.6166565,
              37.1610646
            ],
            [
              -3.6163138,
              37.1610571
            ],
            [
              -3.6158343,
              37.1603273
            ],
            [
              -3.6155062,
              37.1595987
            ],
            [
              -3.6149345,
              37.1589764
            ],
            [
              -3.6139564,
              37.1579648
            ],
            [
              -3.6133028,
              37.1572868
            ],
            [
              -3.6128721,
              37.1569507
            ],
            [
              -3.611413,
              37.1605354
            ],
            [
              -3.6106752,
              37.1624124
            ]
          ]
        ]
      },
      "id": "relation/9462525"
    },
    {
      "type": "Feature",
      "properties": {
        "@id": "relation/9462541",
        "admin_level": "9",
        "boundary": "administrative",
        "name": "Chana",
        "source": "https://www.granada.org",
        "type": "boundary",
        "wikidata": "Q5808741",
        "wikipedia": "es:Distrito Chana"
      },
      "geometry": {
        "type": "Polygon",
        "coordinates": [
          [
            [
              -3.6146509,
              37.1896039
            ],
            [
              -3.6146476,
              37.1902863
            ],
            [
              -3.6146568,
              37.1903809
            ],
            [
              -3.6146709,
              37.1904519
            ],
            [
              -3.6146998,
              37.1905384
            ],
            [
              -3.6147444,
              37.1906268
            ],
            [
              -3.6148436,
              37.1907681
            ],
            [
              -3.614928,
              37.1908964
            ],
            [
              -3.6149601,
              37.1909624
            ],
            [
              -3.6149819,
              37.1910327
            ],
            [
              -3.6150013,
              37.191176
            ],
            [
              -3.6152007,
              37.1913439
            ],
            [
              -3.617357,
              37.1937196
            ],
            [
              -3.6183316,
              37.1946222
            ],
            [
              -3.6194964,
              37.1953418
            ],
            [
              -3.6215487,
              37.1962508
            ],
            [
              -3.6229746,
              37.1986816
            ],
            [
              -3.6229899,
              37.1987081
            ],
            [
              -3.6274678,
              37.2063497
            ],
            [
              -3.6277962,
              37.2061302
            ],
            [
              -3.6282887,
              37.205722
            ],
            [
              -3.6295452,
              37.2050483
            ],
            [
              -3.6297909,
              37.2047765
            ],
            [
              -3.6299786,
              37.2043158
            ],
            [
              -3.6303018,
              37.2038815
            ],
            [
              -3.6312224,
              37.2034619
            ],
            [
              -3.63187,
              37.2027373
            ],
            [
              -3.6326413,
              37.2019941
            ],
            [
              -3.6339629,
              37.2010225
            ],
            [
              -3.6349048,
              37.2004586
            ],
            [
              -3.6369869,
              37.2013943
            ],
            [
              -3.638898,
              37.2021782
            ],
            [
              -3.6396465,
              37.2025681
            ],
            [
              -3.6404007,
              37.2032117
            ],
            [
              -3.6407726,
              37.2029692
            ],
            [
              -3.6422962,
              37.2016965
            ],
            [
              -3.6433441,
              37.2010126
            ],
            [
              -3.6437738,
              37.2007116
            ],
            [
              -3.644297,
              37.2003207
            ],
            [
              -3.6452659,
              37.1995788
            ],
            [
              -3.6457923,
              37.1991556
            ],
            [
              -3.6459227,
              37.1990246
            ],
            [
              -3.646632,
              37.1990745
            ],
            [
              -3.6467469,
              37.1990815
            ],
            [
              -3.6467922,
              37.1990842
            ],
            [
              -3.6468398,
              37.1989897
            ],
            [
              -3.6468514,
              37.1989667
            ],
            [
              -3.6468946,
              37.1988809
            ],
            [
              -3.646935,
              37.1988043
            ],
            [
              -3.648325,
              37.1989266
            ],
            [
              -3.6483963,
              37.1995022
            ],
            [
              -3.6486049,
              37.2001771
            ],
            [
              -3.6487666,
              37.2006088
            ],
            [
              -3.64892,
              37.2009379
            ],
            [
              -3.6492903,
              37.201261
            ],
            [
              -3.6493806,
              37.2015671
            ],
            [
              -3.6495238,
              37.2020343
            ],
            [
              -3.6497131,
              37.2023892
            ],
            [
              -3.6506552,
              37.2031269
            ],
            [
              -3.6509589,
              37.203549
            ],
            [
              -3.6511387,
              37.2039849
            ],
            [
              -3.6513194,
              37.2047362
            ],
            [
              -3.6514434,
              37.2051634
            ],
            [
              -3.6516521,
              37.205637
            ],
            [
              -3.6518733,
              37.2058873
            ],
            [
              -3.6523465,
              37.2065235
            ],
            [
              -3.652418,
              37.2066457
            ],
            [
              -3.6529929,
              37.2063775
            ],
            [
              -3.6535424,
              37.206122
            ],
            [
              -3.6538082,
              37.2059757
            ],
            [
              -3.6542075,
              37.2056683
            ],
            [
              -3.6544262,
              37.2054539
            ],
            [
              -3.6546629,
              37.2052494
            ],
            [
              -3.6549523,
              37.2050745
            ],
            [
              -3.6552206,
              37.2049287
            ],
            [
              -3.655729,
              37.2046658
            ],
            [
              -3.6560505,
              37.2045229
            ],
            [
              -3.6565779,
              37.2042888
            ],
            [
              -3.6569847,
              37.2043979
            ],
            [
              -3.6576047,
              37.2045244
            ],
            [
              -3.65834,
              37.2046867
            ],
            [
              -3.6588936,
              37.2048177
            ],
            [
              -3.6597442,
              37.2049897
            ],
            [
              -3.6601979,
              37.2050586
            ],
            [
              -3.6604998,
              37.2050954
            ],
            [
              -3.661234,
              37.2051806
            ],
            [
              -3.6618721,
              37.2052436
            ],
            [
              -3.6626574,
              37.2053136
            ],
            [
              -3.6630821,
              37.2053485
            ],
            [
              -3.663995,
              37.2054182
            ],
            [
              -3.6642926,
              37.2054318
            ],
            [
              -3.6649371,
              37.2054521
            ],
            [
              -3.665445,
              37.2054555
            ],
            [
              -3.666041,
              37.2054516
            ],
            [
              -3.6665349,
              37.2054419
            ],
            [
              -3.6673262,
              37.2054386
            ],
            [
              -3.668087,
              37.2054436
            ],
            [
              -3.6686595,
              37.205426
            ],
            [
              -3.6687589,
              37.2054313
            ],
            [
              -3.6690353,
              37.2054639
            ],
            [
              -3.6691992,
              37.2054994
            ],
            [
              -3.6695388,
              37.2054584
            ],
            [
              -3.6697127,
              37.2054593
            ],
            [
              -3.6700097,
              37.2054671
            ],
            [
              -3.6701652,
              37.2054674
            ],
            [
              -3.6703592,
              37.2054816
            ],
            [
              -3.6705452,
              37.2055083
            ],
            [
              -3.6707006,
              37.2055541
            ],
            [
              -3.6711348,
              37.2056994
            ],
            [
              -3.6718193,
              37.2059777
            ],
            [
              -3.6720674,
              37.2060538
            ],
            [
              -3.6723199,
              37.2059887
            ],
            [
              -3.6724838,
              37.2059144
            ],
            [
              -3.6726243,
              37.2057645
            ],
            [
              -3.6729741,
              37.2055623
            ],
            [
              -3.6733838,
              37.2052775
            ],
            [
              -3.6735182,
              37.2053143
            ],
            [
              -3.6736595,
              37.2053413
            ],
            [
              -3.6738057,
              37.2053542
            ],
            [
              -3.6739204,
              37.2053709
            ],
            [
              -3.6740613,
              37.2054096
            ],
            [
              -3.6743972,
              37.205491
            ],
            [
              -3.6744876,
              37.2055236
            ],
            [
              -3.6746325,
              37.2056451
            ],
            [
              -3.6746974,
              37.2057124
            ],
            [
              -3.6747556,
              37.2057488
            ],
            [
              -3.6748214,
              37.2057611
            ],
            [
              -3.6749414,
              37.2057522
            ],
            [
              -3.6751566,
              37.2057281
            ],
            [
              -3.6754933,
              37.2057896
            ],
            [
              -3.6756816,
              37.2058372
            ],
            [
              -3.6758251,
              37.2058827
            ],
            [
              -3.6759741,
              37.2059096
            ],
            [
              -3.6764722,
              37.2059071
            ],
            [
              -3.6768142,
              37.2059463
            ],
            [
              -3.676962,
              37.205945
            ],
            [
              -3.677125,
              37.2059546
            ],
            [
              -3.6775051,
              37.2060236
            ],
            [
              -3.6777694,
              37.2060861
            ],
            [
              -3.6784014,
              37.2062591
            ],
            [
              -3.6788946,
              37.2063647
            ],
            [
              -3.6792135,
              37.2064541
            ],
            [
              -3.67956,
              37.2065336
            ],
            [
              -3.6799045,
              37.2065928
            ],
            [
              -3.6803616,
              37.2066606
            ],
            [
              -3.6811959,
              37.206765
            ],
            [
              -3.6816188,
              37.2067955
            ],
            [
              -3.681968,
              37.2068457
            ],
            [
              -3.6823368,
              37.2069089
            ],
            [
              -3.682723,
              37.2069522
            ],
            [
              -3.6830246,
              37.2069939
            ],
            [
              -3.6833787,
              37.2070627
            ],
            [
              -3.6838177,
              37.2071542
            ],
            [
              -3.6839627,
              37.2071988
            ],
            [
              -3.6841377,
              37.207274
            ],
            [
              -3.6843043,
              37.2073323
            ],
            [
              -3.6844638,
              37.2073635
            ],
            [
              -3.6852784,
              37.2074988
            ],
            [
              -3.6857021,
              37.2075892
            ],
            [
              -3.6864324,
              37.2076987
            ],
            [
              -3.6866925,
              37.2077397
            ],
            [
              -3.6870891,
              37.2078161
            ],
            [
              -3.6873099,
              37.2078207
            ],
            [
              -3.6875196,
              37.2078277
            ],
            [
              -3.6877654,
              37.2078261
            ],
            [
              -3.6879647,
              37.207848
            ],
            [
              -3.6881005,
              37.2078749
            ],
            [
              -3.6882414,
              37.2079107
            ],
            [
              -3.6884762,
              37.2080107
            ],
            [
              -3.6892605,
              37.2083574
            ],
            [
              -3.6893447,
              37.2080876
            ],
            [
              -3.6893864,
              37.2079917
            ],
            [
              -3.6899553,
              37.2074542
            ],
            [
              -3.6900425,
              37.2073518
            ],
            [
              -3.6900569,
              37.2072947
            ],
            [
              -3.6900323,
              37.2072255
            ],
            [
              -3.6899083,
              37.2069998
            ],
            [
              -3.6898781,
              37.206974
            ],
            [
              -3.6898861,
              37.2069309
            ],
            [
              -3.6900293,
              37.2067758
            ],
            [
              -3.6901117,
              37.2067294
            ],
            [
              -3.6901997,
              37.2066655
            ],
            [
              -3.6902286,
              37.2066027
            ],
            [
              -3.6902268,
              37.2064795
            ],
            [
              -3.6902939,
              37.2064023
            ],
            [
              -3.6907897,
              37.2061767
            ],
            [
              -3.6909026,
              37.2062574
            ],
            [
              -3.6909927,
              37.2063087
            ],
            [
              -3.6911104,
              37.2063601
            ],
            [
              -3.6912211,
              37.2063873
            ],
            [
              -3.691285,
              37.2064123
            ],
            [
              -3.6913305,
              37.2064566
            ],
            [
              -3.691413,
              37.2065006
            ],
            [
              -3.6914899,
              37.2065094
            ],
            [
              -3.6915678,
              37.2065073
            ],
            [
              -3.6925948,
              37.2061904
            ],
            [
              -3.6926622,
              37.2061477
            ],
            [
              -3.6927781,
              37.2060306
            ],
            [
              -3.6928972,
              37.2058761
            ],
            [
              -3.6930519,
              37.2057341
            ],
            [
              -3.6931845,
              37.2056536
            ],
            [
              -3.6933674,
              37.2056222
            ],
            [
              -3.6935095,
              37.2056289
            ],
            [
              -3.6936512,
              37.205665
            ],
            [
              -3.6937129,
              37.2056639
            ],
            [
              -3.6939765,
              37.2056284
            ],
            [
              -3.6940591,
              37.2056364
            ],
            [
              -3.694161,
              37.2056971
            ],
            [
              -3.6943014,
              37.2057482
            ],
            [
              -3.6943552,
              37.2057393
            ],
            [
              -3.6943787,
              37.205704
            ],
            [
              -3.6943979,
              37.2055275
            ],
            [
              -3.6944364,
              37.2054569
            ],
            [
              -3.6945218,
              37.2054125
            ],
            [
              -3.6946368,
              37.205304
            ],
            [
              -3.6946981,
              37.2052296
            ],
            [
              -3.6947345,
              37.2050265
            ],
            [
              -3.6947723,
              37.2049608
            ],
            [
              -3.6949058,
              37.2049479
            ],
            [
              -3.6953879,
              37.204955
            ],
            [
              -3.6960862,
              37.2049842
            ],
            [
              -3.6966374,
              37.2050344
            ],
            [
              -3.6968448,
              37.2050325
            ],
            [
              -3.6969576,
              37.2050099
            ],
            [
              -3.6970386,
              37.2049655
            ],
            [
              -3.6971051,
              37.2048606
            ],
            [
              -3.6972111,
              37.2045186
            ],
            [
              -3.6972671,
              37.2044263
            ],
            [
              -3.6974387,
              37.2043675
            ],
            [
              -3.697598,
              37.2043793
            ],
            [
              -3.6980145,
              37.2044441
            ],
            [
              -3.698213,
              37.204509
            ],
            [
              -3.6984602,
              37.2046314
            ],
            [
              -3.6983076,
              37.2044333
            ],
            [
              -3.6981482,
              37.2040581
            ],
            [
              -3.6980981,
              37.2038416
            ],
            [
              -3.6980661,
              37.2034695
            ],
            [
              -3.6980276,
              37.2033278
            ],
            [
              -3.6978688,
              37.2030431
            ],
            [
              -3.6976737,
              37.2027741
            ],
            [
              -3.6973608,
              37.2023771
            ],
            [
              -3.697234,
              37.2021154
            ],
            [
              -3.6978454,
              37.2018621
            ],
            [
              -3.6981458,
              37.2010446
            ],
            [
              -3.6997171,
              37.1999439
            ],
            [
              -3.7002187,
              37.1994148
            ],
            [
              -3.7003616,
              37.1990263
            ],
            [
              -3.7002676,
              37.1986122
            ],
            [
              -3.6997717,
              37.1973803
            ],
            [
              -3.6991537,
              37.1963473
            ],
            [
              -3.6986858,
              37.1957011
            ],
            [
              -3.6981667,
              37.1943881
            ],
            [
              -3.6980956,
              37.1940189
            ],
            [
              -3.6989245,
              37.1934822
            ],
            [
              -3.6990242,
              37.1932923
            ],
            [
              -3.6989462,
              37.1931537
            ],
            [
              -3.6989256,
              37.1931171
            ],
            [
              -3.6922113,
              37.1926094
            ],
            [
              -3.6902592,
              37.1925142
            ],
            [
              -3.6813355,
              37.1924348
            ],
            [
              -3.6692779,
              37.1923449
            ],
            [
              -3.6676313,
              37.1921704
            ],
            [
              -3.6655531,
              37.1917737
            ],
            [
              -3.6639994,
              37.1915409
            ],
            [
              -3.6630566,
              37.1915251
            ],
            [
              -3.6611842,
              37.1916256
            ],
            [
              -3.65894,
              37.1916785
            ],
            [
              -3.6579308,
              37.1917578
            ],
            [
              -3.6569348,
              37.1919006
            ],
            [
              -3.6562841,
              37.1915462
            ],
            [
              -3.6555272,
              37.1915092
            ],
            [
              -3.6540399,
              37.1915727
            ],
            [
              -3.6502022,
              37.1913664
            ],
            [
              -3.6495515,
              37.1913558
            ],
            [
              -3.6456541,
              37.1915938
            ],
            [
              -3.6449702,
              37.1912818
            ],
            [
              -3.6445416,
              37.1908966
            ],
            [
              -3.6443992,
              37.1907687
            ],
            [
              -3.6440672,
              37.190573
            ],
            [
              -3.643629,
              37.1905254
            ],
            [
              -3.6438547,
              37.1888857
            ],
            [
              -3.643775,
              37.1883779
            ],
            [
              -3.6433634,
              37.1878066
            ],
            [
              -3.6453951,
              37.186717
            ],
            [
              -3.6439626,
              37.1861315
            ],
            [
              -3.643868,
              37.1860928
            ],
            [
              -3.6433501,
              37.1857119
            ],
            [
              -3.6427127,
              37.1861034
            ],
            [
              -3.6426065,
              37.1856485
            ],
            [
              -3.6411989,
              37.186389
            ],
            [
              -3.6415176,
              37.186992
            ],
            [
              -3.6418363,
              37.1873306
            ],
            [
              -3.6410129,
              37.1877431
            ],
            [
              -3.6408669,
              37.1880923
            ],
            [
              -3.6400624,
              37.1883601
            ],
            [
              -3.6399772,
              37.1883885
            ],
            [
              -3.6397647,
              37.188124
            ],
            [
              -3.6389945,
              37.1885048
            ],
            [
              -3.6394327,
              37.1890232
            ],
            [
              -3.6396062,
              37.1902632
            ],
            [
              -3.639447,
              37.1910281
            ],
            [
              -3.6393883,
              37.1910201
            ],
            [
              -3.6392557,
              37.1910006
            ],
            [
              -3.6392193,
              37.1909953
            ],
            [
              -3.6391825,
              37.1909899
            ],
            [
              -3.6388285,
              37.1909395
            ],
            [
              -3.6382709,
              37.1908609
            ],
            [
              -3.6378286,
              37.1907968
            ],
            [
              -3.6372632,
              37.190717
            ],
            [
              -3.6367593,
              37.1906474
            ],
            [
              -3.6365121,
              37.1906133
            ],
            [
              -3.6362487,
              37.1905769
            ],
            [
              -3.6360619,
              37.1905512
            ],
            [
              -3.6359255,
              37.1905323
            ],
            [
              -3.6357622,
              37.1905098
            ],
            [
              -3.6354973,
              37.1904732
            ],
            [
              -3.6342266,
              37.1902978
            ],
            [
              -3.6338743,
              37.1902492
            ],
            [
              -3.6336398,
              37.1902154
            ],
            [
              -3.633296,
              37.1901598
            ],
            [
              -3.6332685,
              37.1901505
            ],
            [
              -3.632896,
              37.1901287
            ],
            [
              -3.6311907,
              37.1894291
            ],
            [
              -3.6299469,
              37.1888959
            ],
            [
              -3.6284763,
              37.1882731
            ],
            [
              -3.6275536,
              37.1879141
            ],
            [
              -3.6270512,
              37.1877275
            ],
            [
              -3.6268695,
              37.1876591
            ],
            [
              -3.6263172,
              37.1874777
            ],
            [
              -3.6257511,
              37.1873008
            ],
            [
              -3.625094,
              37.1871192
            ],
            [
              -3.6241003,
              37.1868744
            ],
            [
              -3.6224562,
              37.1865313
            ],
            [
              -3.6223317,
              37.1865068
            ],
            [
              -3.6222126,
              37.1864834
            ],
            [
              -3.6220936,
              37.18646
            ],
            [
              -3.6175674,
              37.1855301
            ],
            [
              -3.6164784,
              37.1853141
            ],
            [
              -3.6147838,
              37.1849741
            ],
            [
              -3.614754,
              37.1849651
            ],
            [
              -3.6148054,
              37.1851866
            ],
            [
              -3.6146509,
              37.1896039
            ]
          ]
        ]
      },
      "id": "relation/9462541"
    },
    {
      "type": "Feature",
      "properties": {
        "@id": "relation/9462647",
        "admin_level": "9",
        "alt_name": "Albayzín",
        "boundary": "administrative",
        "name": "Albaicín",
        "source": "https://www.granada.org",
        "type": "boundary"
      },
      "geometry": {
        "type": "Polygon",
        "coordinates": [
          [
            [
              -3.5411827,
              37.1774392
            ],
            [
              -3.5406221,
              37.1771527
            ],
            [
              -3.5407948,
              37.1766522
            ],
            [
              -3.5407603,
              37.1763845
            ],
            [
              -3.5404588,
              37.1761993
            ],
            [
              -3.5402468,
              37.176138
            ],
            [
              -3.53995,
              37.1759404
            ],
            [
              -3.5397333,
              37.1757389
            ],
            [
              -3.5396517,
              37.17549
            ],
            [
              -3.5394805,
              37.1753173
            ],
            [
              -3.5391398,
              37.1751534
            ],
            [
              -3.5389671,
              37.1750333
            ],
            [
              -3.5384929,
              37.1749132
            ],
            [
              -3.5383861,
              37.1748181
            ],
            [
              -3.5382636,
              37.1746104
            ],
            [
              -3.5379527,
              37.1746905
            ],
            [
              -3.5372587,
              37.174658
            ],
            [
              -3.5369164,
              37.1746129
            ],
            [
              -3.5366369,
              37.1746279
            ],
            [
              -3.5364641,
              37.1745754
            ],
            [
              -3.536081,
              37.1742526
            ],
            [
              -3.5359397,
              37.1742125
            ],
            [
              -3.5357858,
              37.1742551
            ],
            [
              -3.5356319,
              37.1742951
            ],
            [
              -3.5355534,
              37.1742601
            ],
            [
              -3.535522,
              37.1741825
            ],
            [
              -3.5357889,
              37.1738797
            ],
            [
              -3.5360276,
              37.1737897
            ],
            [
              -3.5361784,
              37.1738497
            ],
            [
              -3.5365678,
              37.17415
            ],
            [
              -3.5367625,
              37.174215
            ],
            [
              -3.537177,
              37.1740899
            ],
            [
              -3.5372273,
              37.1739948
            ],
            [
              -3.537177,
              37.1739048
            ],
            [
              -3.5370074,
              37.1738998
            ],
            [
              -3.5367939,
              37.1739898
            ],
            [
              -3.536662,
              37.1739698
            ],
            [
              -3.5365929,
              37.1738647
            ],
            [
              -3.5366431,
              37.1736896
            ],
            [
              -3.5368127,
              37.1736445
            ],
            [
              -3.5372901,
              37.1736545
            ],
            [
              -3.5373843,
              37.1735945
            ],
            [
              -3.5373026,
              37.1733843
            ],
            [
              -3.5370577,
              37.1732792
            ],
            [
              -3.5366808,
              37.1731841
            ],
            [
              -3.536461,
              37.1729989
            ],
            [
              -3.5357638,
              37.1726536
            ],
            [
              -3.5355314,
              37.1724634
            ],
            [
              -3.5354561,
              37.1721406
            ],
            [
              -3.5358675,
              37.1721481
            ],
            [
              -3.536346,
              37.1719696
            ],
            [
              -3.5364641,
              37.1719404
            ],
            [
              -3.5366526,
              37.1718078
            ],
            [
              -3.5370828,
              37.1716576
            ],
            [
              -3.5372603,
              37.1714202
            ],
            [
              -3.5364808,
              37.1710993
            ],
            [
              -3.5359732,
              37.1710024
            ],
            [
              -3.5345887,
              37.1711348
            ],
            [
              -3.5330565,
              37.1710967
            ],
            [
              -3.5318384,
              37.1708768
            ],
            [
              -3.5295819,
              37.170355
            ],
            [
              -3.5248958,
              37.1686902
            ],
            [
              -3.5232996,
              37.169157
            ],
            [
              -3.5230416,
              37.1693204
            ],
            [
              -3.5229412,
              37.169456
            ],
            [
              -3.5226667,
              37.1704849
            ],
            [
              -3.5222514,
              37.170703
            ],
            [
              -3.5220425,
              37.1714521
            ],
            [
              -3.5218206,
              37.1719398
            ],
            [
              -3.5211704,
              37.1723934
            ],
            [
              -3.5211409,
              37.1730245
            ],
            [
              -3.5212452,
              37.1734477
            ],
            [
              -3.5212029,
              37.1738535
            ],
            [
              -3.5205778,
              37.1746856
            ],
            [
              -3.5192123,
              37.1759716
            ],
            [
              -3.5189565,
              37.1764594
            ],
            [
              -3.5190405,
              37.1772073
            ],
            [
              -3.518918,
              37.1774151
            ],
            [
              -3.5184804,
              37.1776694
            ],
            [
              -3.5177521,
              37.1782405
            ],
            [
              -3.5167873,
              37.1788306
            ],
            [
              -3.5165424,
              37.1792734
            ],
            [
              -3.5163878,
              37.1797337
            ],
            [
              -3.5161756,
              37.1799961
            ],
            [
              -3.5159172,
              37.1801054
            ],
            [
              -3.5154447,
              37.1801976
            ],
            [
              -3.5151726,
              37.1816049
            ],
            [
              -3.5148251,
              37.1818588
            ],
            [
              -3.5144768,
              37.1819956
            ],
            [
              -3.5127545,
              37.1822013
            ],
            [
              -3.5123039,
              37.1822033
            ],
            [
              -3.5121004,
              37.182105
            ],
            [
              -3.5117509,
              37.1820614
            ],
            [
              -3.5112994,
              37.1819282
            ],
            [
              -3.5106839,
              37.1825438
            ],
            [
              -3.5099778,
              37.1830877
            ],
            [
              -3.5094392,
              37.1834145
            ],
            [
              -3.5094222,
              37.1842348
            ],
            [
              -3.5089412,
              37.1847507
            ],
            [
              -3.508336,
              37.185231
            ],
            [
              -3.5067177,
              37.1858329
            ],
            [
              -3.5057067,
              37.1862789
            ],
            [
              -3.5049416,
              37.1864354
            ],
            [
              -3.5044821,
              37.1867979
            ],
            [
              -3.5039099,
              37.1871519
            ],
            [
              -3.5017426,
              37.1882337
            ],
            [
              -3.5013264,
              37.1883437
            ],
            [
              -3.5008418,
              37.1883187
            ],
            [
              -3.4998188,
              37.1886655
            ],
            [
              -3.4991559,
              37.1889477
            ],
            [
              -3.4978391,
              37.1891696
            ],
            [
              -3.4974449,
              37.1891803
            ],
            [
              -3.4972314,
              37.1892803
            ],
            [
              -3.4970866,
              37.1895243
            ],
            [
              -3.4971428,
              37.1912277
            ],
            [
              -3.4970875,
              37.1913902
            ],
            [
              -3.4963241,
              37.1918081
            ],
            [
              -3.4963267,
              37.1922137
            ],
            [
              -3.4979075,
              37.1927299
            ],
            [
              -3.4980325,
              37.1928826
            ],
            [
              -3.4982517,
              37.1936659
            ],
            [
              -3.4985466,
              37.1939531
            ],
            [
              -3.4988177,
              37.1940692
            ],
            [
              -3.500239,
              37.1943066
            ],
            [
              -3.5007824,
              37.1946829
            ],
            [
              -3.5009649,
              37.1950246
            ],
            [
              -3.5010175,
              37.1961602
            ],
            [
              -3.5011321,
              37.1964571
            ],
            [
              -3.5014034,
              37.1965822
            ],
            [
              -3.5020236,
              37.1966607
            ],
            [
              -3.5025891,
              37.1969738
            ],
            [
              -3.5033481,
              37.1975926
            ],
            [
              -3.5034291,
              37.1978987
            ],
            [
              -3.5032965,
              37.1982959
            ],
            [
              -3.502673,
              37.1994433
            ],
            [
              -3.5019404,
              37.201123
            ],
            [
              -3.5018531,
              37.2015561
            ],
            [
              -3.5020147,
              37.2021323
            ],
            [
              -3.5019741,
              37.2028085
            ],
            [
              -3.5016657,
              37.2038915
            ],
            [
              -3.5014649,
              37.2041898
            ],
            [
              -3.5007005,
              37.2044815
            ],
            [
              -3.5001935,
              37.2045017
            ],
            [
              -3.4995743,
              37.2045944
            ],
            [
              -3.4979769,
              37.2050248
            ],
            [
              -3.4978874,
              37.2051243
            ],
            [
              -3.4979566,
              37.2053584
            ],
            [
              -3.497893,
              37.2059716
            ],
            [
              -3.4980765,
              37.2064666
            ],
            [
              -3.4983607,
              37.206835
            ],
            [
              -3.4992322,
              37.2073992
            ],
            [
              -3.4997417,
              37.2077576
            ],
            [
              -3.5003749,
              37.2080795
            ],
            [
              -3.5004773,
              37.2082323
            ],
            [
              -3.5004563,
              37.2084577
            ],
            [
              -3.5002784,
              37.2088281
            ],
            [
              -3.5002347,
              37.2090446
            ],
            [
              -3.5002924,
              37.2092517
            ],
            [
              -3.5006891,
              37.2095835
            ],
            [
              -3.501177,
              37.2100862
            ],
            [
              -3.501805,
              37.2113095
            ],
            [
              -3.5020311,
              37.2114167
            ],
            [
              -3.5031482,
              37.2116193
            ],
            [
              -3.5037825,
              37.2121034
            ],
            [
              -3.5040669,
              37.2125078
            ],
            [
              -3.5043277,
              37.212741
            ],
            [
              -3.5048133,
              37.2128922
            ],
            [
              -3.5056033,
              37.2130511
            ],
            [
              -3.5060892,
              37.2132293
            ],
            [
              -3.5064629,
              37.2135072
            ],
            [
              -3.5069515,
              37.214091
            ],
            [
              -3.5077479,
              37.2152053
            ],
            [
              -3.5080773,
              37.2155915
            ],
            [
              -3.5085192,
              37.2159412
            ],
            [
              -3.50947,
              37.216541
            ],
            [
              -3.5099469,
              37.2170708
            ],
            [
              -3.5102236,
              37.2163034
            ],
            [
              -3.5105354,
              37.2157432
            ],
            [
              -3.5107821,
              37.2155619
            ],
            [
              -3.5112097,
              37.2154519
            ],
            [
              -3.5125164,
              37.2153561
            ],
            [
              -3.5130002,
              37.2152278
            ],
            [
              -3.5133367,
              37.214992
            ],
            [
              -3.5137173,
              37.2146027
            ],
            [
              -3.514018,
              37.2140696
            ],
            [
              -3.514476,
              37.2134637
            ],
            [
              -3.5145232,
              37.2134218
            ],
            [
              -3.5161788,
              37.2119509
            ],
            [
              -3.5163913,
              37.2117066
            ],
            [
              -3.5166535,
              37.2104886
            ],
            [
              -3.5165938,
              37.2100021
            ],
            [
              -3.5166007,
              37.2093621
            ],
            [
              -3.5168134,
              37.2091538
            ],
            [
              -3.5169931,
              37.2090629
            ],
            [
              -3.5172298,
              37.2090618
            ],
            [
              -3.5190423,
              37.2104331
            ],
            [
              -3.5194836,
              37.2106926
            ],
            [
              -3.5209752,
              37.2112629
            ],
            [
              -3.5218479,
              37.2119802
            ],
            [
              -3.5220413,
              37.2122317
            ],
            [
              -3.5221216,
              37.2124477
            ],
            [
              -3.5245591,
              37.2128877
            ],
            [
              -3.5283812,
              37.2147096
            ],
            [
              -3.5292628,
              37.2150752
            ],
            [
              -3.5310023,
              37.2156083
            ],
            [
              -3.5314657,
              37.2158045
            ],
            [
              -3.5323844,
              37.2166207
            ],
            [
              -3.5326672,
              37.2167636
            ],
            [
              -3.5339423,
              37.2169742
            ],
            [
              -3.5342694,
              37.2170088
            ],
            [
              -3.5359432,
              37.2178215
            ],
            [
              -3.5366886,
              37.2180255
            ],
            [
              -3.5383878,
              37.2176482
            ],
            [
              -3.5388383,
              37.2176011
            ],
            [
              -3.5392321,
              37.2174911
            ],
            [
              -3.5395008,
              37.2172375
            ],
            [
              -3.5397454,
              37.2167767
            ],
            [
              -3.5410973,
              37.2166894
            ],
            [
              -3.542946,
              37.216726
            ],
            [
              -3.5432502,
              37.2167066
            ],
            [
              -3.5425636,
              37.2184134
            ],
            [
              -3.5425651,
              37.2186207
            ],
            [
              -3.5427161,
              37.219251
            ],
            [
              -3.5445788,
              37.2196571
            ],
            [
              -3.544349,
              37.2206136
            ],
            [
              -3.5474435,
              37.2214557
            ],
            [
              -3.5491127,
              37.2208998
            ],
            [
              -3.5502434,
              37.2205233
            ],
            [
              -3.5507113,
              37.219773
            ],
            [
              -3.5511899,
              37.2204829
            ],
            [
              -3.5514285,
              37.2207522
            ],
            [
              -3.5515657,
              37.221022
            ],
            [
              -3.5521666,
              37.2214969
            ],
            [
              -3.5521045,
              37.2222634
            ],
            [
              -3.5530565,
              37.222962
            ],
            [
              -3.5530319,
              37.2242241
            ],
            [
              -3.5531246,
              37.2245752
            ],
            [
              -3.5536793,
              37.2249062
            ],
            [
              -3.554131,
              37.2250122
            ],
            [
              -3.55448,
              37.2249565
            ],
            [
              -3.554999,
              37.2250172
            ],
            [
              -3.5556842,
              37.2246895
            ],
            [
              -3.5559104,
              37.2247876
            ],
            [
              -3.5563831,
              37.2246952
            ],
            [
              -3.5566633,
              37.2244685
            ],
            [
              -3.5568081,
              37.2242335
            ],
            [
              -3.5573916,
              37.2238702
            ],
            [
              -3.5580745,
              37.223245
            ],
            [
              -3.5583087,
              37.2228924
            ],
            [
              -3.5587568,
              37.2225207
            ],
            [
              -3.5590004,
              37.2219336
            ],
            [
              -3.5593465,
              37.2214813
            ],
            [
              -3.5599287,
              37.2209467
            ],
            [
              -3.5601868,
              37.2207832
            ],
            [
              -3.5603648,
              37.2204759
            ],
            [
              -3.5606791,
              37.2202941
            ],
            [
              -3.5608127,
              37.2200772
            ],
            [
              -3.5608452,
              37.2198967
            ],
            [
              -3.561013,
              37.2197157
            ],
            [
              -3.5610404,
              37.2188502
            ],
            [
              -3.5611957,
              37.2185159
            ],
            [
              -3.5614082,
              37.2182986
            ],
            [
              -3.5614724,
              37.2178296
            ],
            [
              -3.5617638,
              37.2176028
            ],
            [
              -3.5617942,
              37.217143
            ],
            [
              -3.562794,
              37.2151822
            ],
            [
              -3.5631959,
              37.2146665
            ],
            [
              -3.5635608,
              37.2137183
            ],
            [
              -3.5637951,
              37.2134017
            ],
            [
              -3.5640526,
              37.2131661
            ],
            [
              -3.5643299,
              37.2125608
            ],
            [
              -3.5654169,
              37.2117264
            ],
            [
              -3.5656954,
              37.2112924
            ],
            [
              -3.5660998,
              37.2111192
            ],
            [
              -3.5664924,
              37.2108649
            ],
            [
              -3.5669762,
              37.2107634
            ],
            [
              -3.5671501,
              37.2103443
            ],
            [
              -3.5671584,
              37.2100694
            ],
            [
              -3.5674131,
              37.2099581
            ],
            [
              -3.5674624,
              37.2097159
            ],
            [
              -3.5677665,
              37.2097094
            ],
            [
              -3.5678159,
              37.2094868
            ],
            [
              -3.5682761,
              37.2091268
            ],
            [
              -3.5685555,
              37.2084788
            ],
            [
              -3.5689007,
              37.2080926
            ],
            [
              -3.5704377,
              37.2075034
            ],
            [
              -3.570865,
              37.2070583
            ],
            [
              -3.5718595,
              37.2066067
            ],
            [
              -3.5720979,
              37.2060044
            ],
            [
              -3.5728951,
              37.205448
            ],
            [
              -3.5731499,
              37.2050422
            ],
            [
              -3.5730595,
              37.2045185
            ],
            [
              -3.5736348,
              37.2038966
            ],
            [
              -3.5740128,
              37.20389
            ],
            [
              -3.5741526,
              37.2037067
            ],
            [
              -3.5743498,
              37.2036413
            ],
            [
              -3.5745306,
              37.2039882
            ],
            [
              -3.5747854,
              37.2039555
            ],
            [
              -3.5749876,
              37.2034019
            ],
            [
              -3.5755145,
              37.2031337
            ],
            [
              -3.5762831,
              37.2027139
            ],
            [
              -3.576509,
              37.2027581
            ],
            [
              -3.5767823,
              37.2029853
            ],
            [
              -3.5769844,
              37.2029254
            ],
            [
              -3.5770399,
              37.2026477
            ],
            [
              -3.5772419,
              37.2026919
            ],
            [
              -3.5774321,
              37.2026035
            ],
            [
              -3.5774717,
              37.2023132
            ],
            [
              -3.5777451,
              37.2020639
            ],
            [
              -3.5781334,
              37.2020702
            ],
            [
              -3.5785494,
              37.2017357
            ],
            [
              -3.5788069,
              37.2017578
            ],
            [
              -3.5788624,
              37.201682
            ],
            [
              -3.5787237,
              37.2014927
            ],
            [
              -3.578906,
              37.2014012
            ],
            [
              -3.5792982,
              37.2014832
            ],
            [
              -3.5797261,
              37.2016915
            ],
            [
              -3.5800431,
              37.201682
            ],
            [
              -3.5801817,
              37.201439
            ],
            [
              -3.5803759,
              37.2012497
            ],
            [
              -3.580566,
              37.2012276
            ],
            [
              -3.5808434,
              37.2011298
            ],
            [
              -3.5810018,
              37.2009467
            ],
            [
              -3.5810811,
              37.2007416
            ],
            [
              -3.5812752,
              37.200669
            ],
            [
              -3.5814812,
              37.2006785
            ],
            [
              -3.5816793,
              37.2008236
            ],
            [
              -3.5817467,
              37.2007889
            ],
            [
              -3.5817348,
              37.2006501
            ],
            [
              -3.5819052,
              37.2006122
            ],
            [
              -3.5822736,
              37.2006816
            ],
            [
              -3.5825232,
              37.2005901
            ],
            [
              -3.5827649,
              37.2006154
            ],
            [
              -3.5830185,
              37.2007195
            ],
            [
              -3.5831889,
              37.2006722
            ],
            [
              -3.5833275,
              37.2004513
            ],
            [
              -3.5834345,
              37.2004039
            ],
            [
              -3.5836445,
              37.2004481
            ],
            [
              -3.5838505,
              37.2003597
            ],
            [
              -3.5842269,
              37.2004292
            ],
            [
              -3.5845676,
              37.2003629
            ],
            [
              -3.5849836,
              37.2004323
            ],
            [
              -3.5857325,
              37.2004229
            ],
            [
              -3.5862515,
              37.2004734
            ],
            [
              -3.5866675,
              37.2003945
            ],
            [
              -3.5870399,
              37.2001104
            ],
            [
              -3.5873965,
              37.2000189
            ],
            [
              -3.5878046,
              37.2001104
            ],
            [
              -3.58807,
              37.2000505
            ],
            [
              -3.588486,
              37.2001294
            ],
            [
              -3.5887634,
              37.2000883
            ],
            [
              -3.5892903,
              37.1998232
            ],
            [
              -3.5897974,
              37.1999274
            ],
            [
              -3.590368,
              37.199839
            ],
            [
              -3.5902016,
              37.1992931
            ],
            [
              -3.5899638,
              37.1983116
            ],
            [
              -3.5892844,
              37.1968441
            ],
            [
              -3.5889009,
              37.1959867
            ],
            [
              -3.5890727,
              37.195937
            ],
            [
              -3.5895129,
              37.1958156
            ],
            [
              -3.5903607,
              37.1955817
            ],
            [
              -3.5905101,
              37.1955498
            ],
            [
              -3.5907031,
              37.1955322
            ],
            [
              -3.590958,
              37.1955427
            ],
            [
              -3.5911975,
              37.1955486
            ],
            [
              -3.5913397,
              37.195531
            ],
            [
              -3.591469,
              37.1954933
            ],
            [
              -3.5915709,
              37.1954343
            ],
            [
              -3.5916419,
              37.1953722
            ],
            [
              -3.5916889,
              37.1953073
            ],
            [
              -3.591713,
              37.1952396
            ],
            [
              -3.5917181,
              37.1951835
            ],
            [
              -3.59171,
              37.1951157
            ],
            [
              -3.5916823,
              37.1950405
            ],
            [
              -3.5916421,
              37.1949749
            ],
            [
              -3.5915852,
              37.1949198
            ],
            [
              -3.5915145,
              37.1948708
            ],
            [
              -3.5914328,
              37.1948322
            ],
            [
              -3.5913474,
              37.1948032
            ],
            [
              -3.59125,
              37.1947869
            ],
            [
              -3.5911389,
              37.1947835
            ],
            [
              -3.5909946,
              37.1948046
            ],
            [
              -3.5901936,
              37.1950945
            ],
            [
              -3.5901084,
              37.1951199
            ],
            [
              -3.5900328,
              37.1951272
            ],
            [
              -3.5899589,
              37.1951212
            ],
            [
              -3.5898916,
              37.1951053
            ],
            [
              -3.5898225,
              37.1950755
            ],
            [
              -3.5897818,
              37.1950416
            ],
            [
              -3.5897551,
              37.1950052
            ],
            [
              -3.5897331,
              37.1949616
            ],
            [
              -3.5897207,
              37.1949157
            ],
            [
              -3.5897208,
              37.194871
            ],
            [
              -3.5897351,
              37.1948257
            ],
            [
              -3.5897574,
              37.1947837
            ],
            [
              -3.5897916,
              37.1947447
            ],
            [
              -3.5898399,
              37.1947117
            ],
            [
              -3.5899032,
              37.1946843
            ],
            [
              -3.5899971,
              37.1946622
            ],
            [
              -3.5900889,
              37.1946491
            ],
            [
              -3.5903723,
              37.1946176
            ],
            [
              -3.5907682,
              37.1945663
            ],
            [
              -3.5911078,
              37.1945309
            ],
            [
              -3.5912596,
              37.1945415
            ],
            [
              -3.5915216,
              37.1946033
            ],
            [
              -3.5917551,
              37.1946769
            ],
            [
              -3.5919806,
              37.1947627
            ],
            [
              -3.5921786,
              37.1948542
            ],
            [
              -3.5923399,
              37.1949756
            ],
            [
              -3.5924115,
              37.1950656
            ],
            [
              -3.5924514,
              37.1951671
            ],
            [
              -3.5924705,
              37.1952535
            ],
            [
              -3.5924576,
              37.1953649
            ],
            [
              -3.5923438,
              37.1957497
            ],
            [
              -3.5923101,
              37.1958759
            ],
            [
              -3.5922941,
              37.1960033
            ],
            [
              -3.5923081,
              37.1961134
            ],
            [
              -3.592354,
              37.1962009
            ],
            [
              -3.5924186,
              37.1962546
            ],
            [
              -3.5925198,
              37.1962948
            ],
            [
              -3.5926333,
              37.1963011
            ],
            [
              -3.5927451,
              37.1962625
            ],
            [
              -3.5928168,
              37.1962014
            ],
            [
              -3.5928588,
              37.196117
            ],
            [
              -3.5928647,
              37.1959888
            ],
            [
              -3.5928434,
              37.1958012
            ],
            [
              -3.5928455,
              37.1957422
            ],
            [
              -3.5928527,
              37.1955374
            ],
            [
              -3.5929099,
              37.1950703
            ],
            [
              -3.5929142,
              37.1949745
            ],
            [
              -3.592901,
              37.1948842
            ],
            [
              -3.5928653,
              37.1947946
            ],
            [
              -3.5928216,
              37.1947158
            ],
            [
              -3.5926934,
              37.1945671
            ],
            [
              -3.5925373,
              37.19442
            ],
            [
              -3.5923036,
              37.1942359
            ],
            [
              -3.5922376,
              37.1941652
            ],
            [
              -3.5921996,
              37.1941112
            ],
            [
              -3.592183,
              37.1940607
            ],
            [
              -3.5921741,
              37.1939892
            ],
            [
              -3.5922055,
              37.1938869
            ],
            [
              -3.592268,
              37.1937765
            ],
            [
              -3.5925247,
              37.1935002
            ],
            [
              -3.5926993,
              37.1932709
            ],
            [
              -3.5927568,
              37.1931674
            ],
            [
              -3.5927971,
              37.1930594
            ],
            [
              -3.5928173,
              37.1929501
            ],
            [
              -3.5928239,
              37.1928326
            ],
            [
              -3.5928207,
              37.1925426
            ],
            [
              -3.5928009,
              37.1921722
            ],
            [
              -3.5927571,
              37.1917911
            ],
            [
              -3.5927507,
              37.1917354
            ],
            [
              -3.5926767,
              37.1911232
            ],
            [
              -3.5925883,
              37.1906401
            ],
            [
              -3.5925795,
              37.19046
            ],
            [
              -3.5925923,
              37.1903596
            ],
            [
              -3.5926366,
              37.1902384
            ],
            [
              -3.5926752,
              37.1901583
            ],
            [
              -3.593057,
              37.1898105
            ],
            [
              -3.5931493,
              37.1897081
            ],
            [
              -3.5932299,
              37.1895361
            ],
            [
              -3.5932362,
              37.1894995
            ],
            [
              -3.5933088,
              37.1895057
            ],
            [
              -3.5933774,
              37.1894953
            ],
            [
              -3.5941577,
              37.1893811
            ],
            [
              -3.5942969,
              37.1893607
            ],
            [
              -3.5947939,
              37.1892888
            ],
            [
              -3.5948955,
              37.189275
            ],
            [
              -3.5949736,
              37.1892912
            ],
            [
              -3.5950608,
              37.1892897
            ],
            [
              -3.5952284,
              37.1892616
            ],
            [
              -3.5955007,
              37.1892428
            ],
            [
              -3.5960407,
              37.1891665
            ],
            [
              -3.5966104,
              37.1890268
            ],
            [
              -3.5966463,
              37.1890053
            ],
            [
              -3.5968645,
              37.1888818
            ],
            [
              -3.5970019,
              37.1888142
            ],
            [
              -3.5971272,
              37.1887392
            ],
            [
              -3.597426,
              37.1885452
            ],
            [
              -3.5974684,
              37.1885177
            ],
            [
              -3.5975067,
              37.1884784
            ],
            [
              -3.5976011,
              37.1882982
            ],
            [
              -3.5976456,
              37.1882428
            ],
            [
              -3.5977087,
              37.1881853
            ],
            [
              -3.5980788,
              37.1879782
            ],
            [
              -3.5981495,
              37.187953
            ],
            [
              -3.5982227,
              37.1879396
            ],
            [
              -3.5987292,
              37.1879463
            ],
            [
              -3.599326,
              37.1879541
            ],
            [
              -3.5994589,
              37.1879566
            ],
            [
              -3.5994924,
              37.1879391
            ],
            [
              -3.5994531,
              37.1879021
            ],
            [
              -3.5994151,
              37.1878495
            ],
            [
              -3.5993627,
              37.1877945
            ],
            [
              -3.5991666,
              37.1875554
            ],
            [
              -3.5990833,
              37.1874517
            ],
            [
              -3.5990364,
              37.1873733
            ],
            [
              -3.5990048,
              37.1872983
            ],
            [
              -3.5989866,
              37.1872226
            ],
            [
              -3.5989847,
              37.1871492
            ],
            [
              -3.5989974,
              37.1870671
            ],
            [
              -3.5990232,
              37.1869855
            ],
            [
              -3.5992295,
              37.1865737
            ],
            [
              -3.5992561,
              37.1865046
            ],
            [
              -3.5992661,
              37.1864438
            ],
            [
              -3.5992629,
              37.1863671
            ],
            [
              -3.5992464,
              37.1863032
            ],
            [
              -3.5992184,
              37.1862569
            ],
            [
              -3.5991766,
              37.1862147
            ],
            [
              -3.5991316,
              37.1861822
            ],
            [
              -3.5990724,
              37.1861534
            ],
            [
              -3.599,
              37.1861324
            ],
            [
              -3.5989294,
              37.1861219
            ],
            [
              -3.5988494,
              37.1861193
            ],
            [
              -3.5987553,
              37.1861234
            ],
            [
              -3.5985334,
              37.1861567
            ],
            [
              -3.5984386,
              37.1861632
            ],
            [
              -3.5983623,
              37.1861592
            ],
            [
              -3.5982805,
              37.1861486
            ],
            [
              -3.598203,
              37.1861264
            ],
            [
              -3.5981233,
              37.1860891
            ],
            [
              -3.5980599,
              37.1860438
            ],
            [
              -3.5979744,
              37.1859742
            ],
            [
              -3.5979191,
              37.1859157
            ],
            [
              -3.5978014,
              37.1857526
            ],
            [
              -3.5977642,
              37.1857068
            ],
            [
              -3.5976702,
              37.185613
            ],
            [
              -3.5975342,
              37.185497
            ],
            [
              -3.5974211,
              37.1854133
            ],
            [
              -3.5973299,
              37.1853627
            ],
            [
              -3.5972842,
              37.1853446
            ],
            [
              -3.5972274,
              37.1853282
            ],
            [
              -3.5971693,
              37.1853208
            ],
            [
              -3.5970693,
              37.1853204
            ],
            [
              -3.5970006,
              37.1853298
            ],
            [
              -3.5967368,
              37.1853918
            ],
            [
              -3.5965605,
              37.1853618
            ],
            [
              -3.5963842,
              37.1852056
            ],
            [
              -3.5964734,
              37.1850256
            ],
            [
              -3.5965204,
              37.1849877
            ],
            [
              -3.5966096,
              37.1849482
            ],
            [
              -3.5967224,
              37.1849192
            ],
            [
              -3.5968934,
              37.1849087
            ],
            [
              -3.5971228,
              37.184909
            ],
            [
              -3.5972835,
              37.1849151
            ],
            [
              -3.5974459,
              37.1849338
            ],
            [
              -3.5976125,
              37.184961
            ],
            [
              -3.5977601,
              37.1850048
            ],
            [
              -3.5978803,
              37.1850526
            ],
            [
              -3.5979724,
              37.1850976
            ],
            [
              -3.5981369,
              37.1851888
            ],
            [
              -3.598221,
              37.1852213
            ],
            [
              -3.5982862,
              37.1852323
            ],
            [
              -3.5983394,
              37.1852329
            ],
            [
              -3.5983978,
              37.1852248
            ],
            [
              -3.5984518,
              37.1852051
            ],
            [
              -3.5984944,
              37.1851756
            ],
            [
              -3.5985277,
              37.1851409
            ],
            [
              -3.5985482,
              37.1851046
            ],
            [
              -3.5985618,
              37.1850607
            ],
            [
              -3.5985635,
              37.1850138
            ],
            [
              -3.5985529,
              37.1849727
            ],
            [
              -3.5985279,
              37.1849313
            ],
            [
              -3.5984974,
              37.1848972
            ],
            [
              -3.5984601,
              37.1848716
            ],
            [
              -3.5984077,
              37.1848445
            ],
            [
              -3.5983553,
              37.184826
            ],
            [
              -3.5982929,
              37.1848084
            ],
            [
              -3.5981596,
              37.1847701
            ],
            [
              -3.5980702,
              37.1847279
            ],
            [
              -3.597993,
              37.1846795
            ],
            [
              -3.5979346,
              37.1846314
            ],
            [
              -3.5978751,
              37.1845738
            ],
            [
              -3.5978128,
              37.1844974
            ],
            [
              -3.5977316,
              37.1843829
            ],
            [
              -3.5975629,
              37.1841276
            ],
            [
              -3.5973728,
              37.1838472
            ],
            [
              -3.597291,
              37.183727
            ],
            [
              -3.5972256,
              37.1836404
            ],
            [
              -3.5971546,
              37.1835595
            ],
            [
              -3.5970608,
              37.1834796
            ],
            [
              -3.5969449,
              37.1834003
            ],
            [
              -3.5968187,
              37.1833303
            ],
            [
              -3.5966907,
              37.1832776
            ],
            [
              -3.5964884,
              37.1832132
            ],
            [
              -3.5963949,
              37.1831868
            ],
            [
              -3.5962915,
              37.183173
            ],
            [
              -3.5962206,
              37.1831773
            ],
            [
              -3.5961533,
              37.1831914
            ],
            [
              -3.5961145,
              37.1832028
            ],
            [
              -3.5960806,
              37.1832194
            ],
            [
              -3.596049,
              37.183237
            ],
            [
              -3.5960223,
              37.1832584
            ],
            [
              -3.5959658,
              37.1833085
            ],
            [
              -3.5959213,
              37.183285
            ],
            [
              -3.5958662,
              37.1832454
            ],
            [
              -3.5958291,
              37.1832113
            ],
            [
              -3.5958004,
              37.1831742
            ],
            [
              -3.5957862,
              37.1831401
            ],
            [
              -3.5957776,
              37.1830864
            ],
            [
              -3.5957759,
              37.183023
            ],
            [
              -3.5958559,
              37.1829821
            ],
            [
              -3.5959718,
              37.182936
            ],
            [
              -3.5960976,
              37.1828895
            ],
            [
              -3.5961364,
              37.1828608
            ],
            [
              -3.5962075,
              37.1827258
            ],
            [
              -3.5957996,
              37.1827348
            ],
            [
              -3.5954953,
              37.1827805
            ],
            [
              -3.5950956,
              37.1827888
            ],
            [
              -3.5951075,
              37.1827575
            ],
            [
              -3.5955846,
              37.1826008
            ],
            [
              -3.595684,
              37.1825547
            ],
            [
              -3.5957526,
              37.1825403
            ],
            [
              -3.5957414,
              37.1825138
            ],
            [
              -3.5955879,
              37.1825501
            ],
            [
              -3.5955591,
              37.1824625
            ],
            [
              -3.5955521,
              37.1824426
            ],
            [
              -3.5961121,
              37.1822972
            ],
            [
              -3.5962423,
              37.1822728
            ],
            [
              -3.5963797,
              37.1822558
            ],
            [
              -3.5965465,
              37.1822591
            ],
            [
              -3.5971696,
              37.1823831
            ],
            [
              -3.5975656,
              37.1824578
            ],
            [
              -3.5979092,
              37.1824732
            ],
            [
              -3.5980962,
              37.1824895
            ],
            [
              -3.5982309,
              37.1825045
            ],
            [
              -3.5988693,
              37.1825721
            ],
            [
              -3.5991915,
              37.1825096
            ],
            [
              -3.5991899,
              37.1824774
            ],
            [
              -3.5991782,
              37.1822289
            ],
            [
              -3.5992062,
              37.1822092
            ],
            [
              -3.599232,
              37.1821716
            ],
            [
              -3.5992437,
              37.1821473
            ],
            [
              -3.5993589,
              37.1821329
            ],
            [
              -3.599385,
              37.1821287
            ],
            [
              -3.5993738,
              37.1821106
            ],
            [
              -3.5993508,
              37.1819719
            ],
            [
              -3.5993467,
              37.1819488
            ],
            [
              -3.5993352,
              37.1819207
            ],
            [
              -3.5992357,
              37.1818093
            ],
            [
              -3.5992228,
              37.1817898
            ],
            [
              -3.5991194,
              37.1814948
            ],
            [
              -3.5990716,
              37.1812834
            ],
            [
              -3.5990507,
              37.1811812
            ],
            [
              -3.5990288,
              37.1810114
            ],
            [
              -3.5990197,
              37.180923
            ],
            [
              -3.5990263,
              37.1807944
            ],
            [
              -3.5990584,
              37.1805324
            ],
            [
              -3.5990671,
              37.1803921
            ],
            [
              -3.5990515,
              37.1802689
            ],
            [
              -3.599005,
              37.1800867
            ],
            [
              -3.5989922,
              37.1800447
            ],
            [
              -3.5989433,
              37.1798753
            ],
            [
              -3.5989158,
              37.1797946
            ],
            [
              -3.5989053,
              37.1797706
            ],
            [
              -3.5987828,
              37.17949
            ],
            [
              -3.5986768,
              37.1792553
            ],
            [
              -3.598658,
              37.1792138
            ],
            [
              -3.5985535,
              37.1789831
            ],
            [
              -3.5985138,
              37.1788977
            ],
            [
              -3.5984071,
              37.1787747
            ],
            [
              -3.5982961,
              37.1786549
            ],
            [
              -3.598243,
              37.1785937
            ],
            [
              -3.598128,
              37.1784766
            ],
            [
              -3.5981206,
              37.1784702
            ],
            [
              -3.5979981,
              37.1783606
            ],
            [
              -3.5979548,
              37.1783085
            ],
            [
              -3.5979062,
              37.1782417
            ],
            [
              -3.5978615,
              37.1781659
            ],
            [
              -3.5978105,
              37.1780544
            ],
            [
              -3.597801,
              37.1780336
            ],
            [
              -3.5976638,
              37.1777342
            ],
            [
              -3.5976454,
              37.1777054
            ],
            [
              -3.5976133,
              37.1776744
            ],
            [
              -3.5975998,
              37.1776626
            ],
            [
              -3.5975947,
              37.1776582
            ],
            [
              -3.5974702,
              37.177535
            ],
            [
              -3.5972524,
              37.1773824
            ],
            [
              -3.5971938,
              37.1773406
            ],
            [
              -3.5970126,
              37.177205
            ],
            [
              -3.596881,
              37.1770835
            ],
            [
              -3.5968343,
              37.177037
            ],
            [
              -3.5967634,
              37.1769489
            ],
            [
              -3.5967493,
              37.1769324
            ],
            [
              -3.5965861,
              37.1767225
            ],
            [
              -3.5964515,
              37.1765485
            ],
            [
              -3.5964367,
              37.1765294
            ],
            [
              -3.5964117,
              37.1764968
            ],
            [
              -3.5963981,
              37.1764805
            ],
            [
              -3.5957421,
              37.1768311
            ],
            [
              -3.5955373,
              37.176958
            ],
            [
              -3.5952454,
              37.1771117
            ],
            [
              -3.5951025,
              37.1771924
            ],
            [
              -3.5950622,
              37.177231
            ],
            [
              -3.5949065,
              37.1773663
            ],
            [
              -3.5944912,
              37.1776513
            ],
            [
              -3.5941345,
              37.1778378
            ],
            [
              -3.5937332,
              37.1779524
            ],
            [
              -3.5935049,
              37.1779769
            ],
            [
              -3.593208,
              37.178071
            ],
            [
              -3.5931014,
              37.1781206
            ],
            [
              -3.5929318,
              37.1781973
            ],
            [
              -3.5925382,
              37.1784116
            ],
            [
              -3.5921046,
              37.1784856
            ],
            [
              -3.5918414,
              37.1784189
            ],
            [
              -3.591675,
              37.1783388
            ],
            [
              -3.5913125,
              37.1783153
            ],
            [
              -3.5911033,
              37.178351
            ],
            [
              -3.590854,
              37.1784537
            ],
            [
              -3.5906729,
              37.1785283
            ],
            [
              -3.5905322,
              37.1785498
            ],
            [
              -3.5904228,
              37.1785559
            ],
            [
              -3.5901954,
              37.1785413
            ],
            [
              -3.589948,
              37.1785461
            ],
            [
              -3.5897243,
              37.1785625
            ],
            [
              -3.5894953,
              37.1786088
            ],
            [
              -3.5892422,
              37.1786907
            ],
            [
              -3.5889975,
              37.1787969
            ],
            [
              -3.5887456,
              37.1789511
            ],
            [
              -3.5885617,
              37.1790298
            ],
            [
              -3.588335,
              37.1791535
            ],
            [
              -3.5882695,
              37.1791823
            ],
            [
              -3.5881643,
              37.1792282
            ],
            [
              -3.58796,
              37.1792795
            ],
            [
              -3.5877551,
              37.1793111
            ],
            [
              -3.5874132,
              37.1793215
            ],
            [
              -3.5869549,
              37.1792909
            ],
            [
              -3.5866622,
              37.1793762
            ],
            [
              -3.5862678,
              37.1796122
            ],
            [
              -3.5860791,
              37.180165
            ],
            [
              -3.5856158,
              37.1804869
            ],
            [
              -3.5853783,
              37.1808197
            ],
            [
              -3.585076,
              37.1810105
            ],
            [
              -3.5846939,
              37.1810274
            ],
            [
              -3.5843435,
              37.1808709
            ],
            [
              -3.5841399,
              37.180713
            ],
            [
              -3.5839128,
              37.1805869
            ],
            [
              -3.5837415,
              37.1805382
            ],
            [
              -3.5835023,
              37.1805161
            ],
            [
              -3.5832799,
              37.1805943
            ],
            [
              -3.5830729,
              37.1807323
            ],
            [
              -3.5829588,
              37.1807556
            ],
            [
              -3.5827679,
              37.1807497
            ],
            [
              -3.5823919,
              37.1807078
            ],
            [
              -3.5821959,
              37.180737
            ],
            [
              -3.582007,
              37.1807689
            ],
            [
              -3.5817753,
              37.1807846
            ],
            [
              -3.5814635,
              37.1807304
            ],
            [
              -3.5811696,
              37.1806519
            ],
            [
              -3.5809859,
              37.1806749
            ],
            [
              -3.5806869,
              37.1808471
            ],
            [
              -3.5804821,
              37.1809331
            ],
            [
              -3.5801052,
              37.1809447
            ],
            [
              -3.5796913,
              37.1808297
            ],
            [
              -3.579413,
              37.1808114
            ],
            [
              -3.578873,
              37.180776
            ],
            [
              -3.5784782,
              37.1806763
            ],
            [
              -3.577891,
              37.1806609
            ],
            [
              -3.5774481,
              37.1806303
            ],
            [
              -3.5769764,
              37.1807376
            ],
            [
              -3.5765913,
              37.1808374
            ],
            [
              -3.5760811,
              37.1808067
            ],
            [
              -3.5757056,
              37.1806379
            ],
            [
              -3.5752243,
              37.1806916
            ],
            [
              -3.5748894,
              37.1808386
            ],
            [
              -3.5747526,
              37.1808987
            ],
            [
              -3.574252,
              37.1808987
            ],
            [
              -3.5738572,
              37.1809984
            ],
            [
              -3.573193,
              37.1812439
            ],
            [
              -3.5728271,
              37.1814203
            ],
            [
              -3.572365,
              37.1815047
            ],
            [
              -3.5717874,
              37.1812976
            ],
            [
              -3.5712194,
              37.1812285
            ],
            [
              -3.5705744,
              37.1810675
            ],
            [
              -3.5696887,
              37.1808604
            ],
            [
              -3.569316,
              37.1806226
            ],
            [
              -3.569025,
              37.1803135
            ],
            [
              -3.5687737,
              37.1802002
            ],
            [
              -3.5685323,
              37.18021
            ],
            [
              -3.5681747,
              37.1803463
            ],
            [
              -3.5681716,
              37.1805095
            ],
            [
              -3.5680891,
              37.1806556
            ],
            [
              -3.5679302,
              37.1808821
            ],
            [
              -3.5677162,
              37.180999
            ],
            [
              -3.5673097,
              37.1810282
            ],
            [
              -3.566891,
              37.1809454
            ],
            [
              -3.566405,
              37.1807871
            ],
            [
              -3.5660902,
              37.1806361
            ],
            [
              -3.5657231,
              37.1807897
            ],
            [
              -3.5653172,
              37.1808373
            ],
            [
              -3.5648456,
              37.1807707
            ],
            [
              -3.5646486,
              37.1807422
            ],
            [
              -3.5645113,
              37.180785
            ],
            [
              -3.5642068,
              37.1808706
            ],
            [
              -3.5639322,
              37.1809467
            ],
            [
              -3.5636994,
              37.1809181
            ],
            [
              -3.5635263,
              37.1807517
            ],
            [
              -3.5631562,
              37.1806375
            ],
            [
              -3.5629174,
              37.1805519
            ],
            [
              -3.56241,
              37.1803617
            ],
            [
              -3.5618727,
              37.1802475
            ],
            [
              -3.5615623,
              37.1804425
            ],
            [
              -3.5611922,
              37.1807564
            ],
            [
              -3.5608639,
              37.1808325
            ],
            [
              -3.5605713,
              37.1806756
            ],
            [
              -3.5601177,
              37.1805519
            ],
            [
              -3.5594789,
              37.1804615
            ],
            [
              -3.5593118,
              37.1803094
            ],
            [
              -3.5592401,
              37.180005
            ],
            [
              -3.5591028,
              37.1799003
            ],
            [
              -3.5587333,
              37.1799239
            ],
            [
              -3.5586551,
              37.1799289
            ],
            [
              -3.5580918,
              37.180001
            ],
            [
              -3.5576122,
              37.1801006
            ],
            [
              -3.5571337,
              37.1800496
            ],
            [
              -3.5563811,
              37.1798373
            ],
            [
              -3.5557013,
              37.1797201
            ],
            [
              -3.5551329,
              37.179641
            ],
            [
              -3.5547972,
              37.1795748
            ],
            [
              -3.5545619,
              37.1794947
            ],
            [
              -3.5543105,
              37.1793296
            ],
            [
              -3.5540254,
              37.1789269
            ],
            [
              -3.5538454,
              37.1787094
            ],
            [
              -3.5535332,
              37.1784642
            ],
            [
              -3.5532257,
              37.1783796
            ],
            [
              -3.5528367,
              37.1783287
            ],
            [
              -3.5522584,
              37.1783658
            ],
            [
              -3.5514818,
              37.1782358
            ],
            [
              -3.5508406,
              37.1781522
            ],
            [
              -3.5503742,
              37.1780686
            ],
            [
              -3.5498225,
              37.1777624
            ],
            [
              -3.5497154,
              37.1777066
            ],
            [
              -3.5491605,
              37.1776698
            ],
            [
              -3.5484634,
              37.1775337
            ],
            [
              -3.5478611,
              37.1778104
            ],
            [
              -3.5473186,
              37.1785712
            ],
            [
              -3.5469985,
              37.1787658
            ],
            [
              -3.5464884,
              37.1786534
            ],
            [
              -3.5463631,
              37.1786466
            ],
            [
              -3.5461593,
              37.1784244
            ],
            [
              -3.5459232,
              37.1781679
            ],
            [
              -3.5456336,
              37.1779542
            ],
            [
              -3.5454512,
              37.1778089
            ],
            [
              -3.5451293,
              37.1777234
            ],
            [
              -3.5449914,
              37.1777555
            ],
            [
              -3.544852,
              37.1778239
            ],
            [
              -3.5445086,
              37.177935
            ],
            [
              -3.5440366,
              37.1780205
            ],
            [
              -3.5437147,
              37.1779863
            ],
            [
              -3.5431783,
              37.1779606
            ],
            [
              -3.5428886,
              37.1779863
            ],
            [
              -3.5427169,
              37.1780547
            ],
            [
              -3.5424916,
              37.178106
            ],
            [
              -3.5423629,
              37.1778752
            ],
            [
              -3.5423414,
              37.1776614
            ],
            [
              -3.542277,
              37.1774905
            ],
            [
              -3.5421483,
              37.1774135
            ],
            [
              -3.5419659,
              37.1773879
            ],
            [
              -3.541687,
              37.1774135
            ],
            [
              -3.5414295,
              37.1775418
            ],
            [
              -3.5411827,
              37.1774392
            ]
          ]
        ]
      },
      "id": "relation/9462647"
    },
    {
      "type": "Feature",
      "properties": {
        "@id": "relation/9462759",
        "admin_level": "9",
        "boundary": "administrative",
        "name": "Beiro",
        "source": "https://www.granada.org",
        "type": "boundary"
      },
      "geometry": {
        "type": "Polygon",
        "coordinates": [
          [
            [
              -3.6053415,
              37.1828157
            ],
            [
              -3.6052182,
              37.1830257
            ],
            [
              -3.6047543,
              37.1838924
            ],
            [
              -3.6045829,
              37.1842567
            ],
            [
              -3.6018898,
              37.1828485
            ],
            [
              -3.6012408,
              37.1825079
            ],
            [
              -3.6012051,
              37.1824784
            ],
            [
              -3.6010908,
              37.1824538
            ],
            [
              -3.6009188,
              37.1824168
            ],
            [
              -3.6006272,
              37.1823541
            ],
            [
              -3.6003019,
              37.1822842
            ],
            [
              -3.6002718,
              37.1822777
            ],
            [
              -3.6001521,
              37.1822519
            ],
            [
              -3.6001254,
              37.1822467
            ],
            [
              -3.5996119,
              37.1821482
            ],
            [
              -3.5995996,
              37.182147
            ],
            [
              -3.5995863,
              37.182146
            ],
            [
              -3.5995733,
              37.1821451
            ],
            [
              -3.59941,
              37.1821407
            ],
            [
              -3.599385,
              37.1821287
            ],
            [
              -3.5993589,
              37.1821329
            ],
            [
              -3.5992437,
              37.1821473
            ],
            [
              -3.599232,
              37.1821716
            ],
            [
              -3.5992062,
              37.1822092
            ],
            [
              -3.5991782,
              37.1822289
            ],
            [
              -3.5991899,
              37.1824774
            ],
            [
              -3.5991915,
              37.1825096
            ],
            [
              -3.5988693,
              37.1825721
            ],
            [
              -3.5982309,
              37.1825045
            ],
            [
              -3.5980962,
              37.1824895
            ],
            [
              -3.5979092,
              37.1824732
            ],
            [
              -3.5975656,
              37.1824578
            ],
            [
              -3.5971696,
              37.1823831
            ],
            [
              -3.5965465,
              37.1822591
            ],
            [
              -3.5963797,
              37.1822558
            ],
            [
              -3.5962423,
              37.1822728
            ],
            [
              -3.5961121,
              37.1822972
            ],
            [
              -3.5955521,
              37.1824426
            ],
            [
              -3.5955591,
              37.1824625
            ],
            [
              -3.5955879,
              37.1825501
            ],
            [
              -3.5957414,
              37.1825138
            ],
            [
              -3.5957526,
              37.1825403
            ],
            [
              -3.595684,
              37.1825547
            ],
            [
              -3.5955846,
              37.1826008
            ],
            [
              -3.5951075,
              37.1827575
            ],
            [
              -3.5950956,
              37.1827888
            ],
            [
              -3.5954953,
              37.1827805
            ],
            [
              -3.5957996,
              37.1827348
            ],
            [
              -3.5962075,
              37.1827258
            ],
            [
              -3.5961364,
              37.1828608
            ],
            [
              -3.5960976,
              37.1828895
            ],
            [
              -3.5959718,
              37.182936
            ],
            [
              -3.5958559,
              37.1829821
            ],
            [
              -3.5957759,
              37.183023
            ],
            [
              -3.5957776,
              37.1830864
            ],
            [
              -3.5957862,
              37.1831401
            ],
            [
              -3.5958004,
              37.1831742
            ],
            [
              -3.5958291,
              37.1832113
            ],
            [
              -3.5958662,
              37.1832454
            ],
            [
              -3.5959213,
              37.183285
            ],
            [
              -3.5959658,
              37.1833085
            ],
            [
              -3.5960223,
              37.1832584
            ],
            [
              -3.596049,
              37.183237
            ],
            [
              -3.5960806,
              37.1832194
            ],
            [
              -3.5961145,
              37.1832028
            ],
            [
              -3.5961533,
              37.1831914
            ],
            [
              -3.5962206,
              37.1831773
            ],
            [
              -3.5962915,
              37.183173
            ],
            [
              -3.5963949,
              37.1831868
            ],
            [
              -3.5964884,
              37.1832132
            ],
            [
              -3.5966907,
              37.1832776
            ],
            [
              -3.5968187,
              37.1833303
            ],
            [
              -3.5969449,
              37.1834003
            ],
            [
              -3.5970608,
              37.1834796
            ],
            [
              -3.5971546,
              37.1835595
            ],
            [
              -3.5972256,
              37.1836404
            ],
            [
              -3.597291,
              37.183727
            ],
            [
              -3.5973728,
              37.1838472
            ],
            [
              -3.5975629,
              37.1841276
            ],
            [
              -3.5977316,
              37.1843829
            ],
            [
              -3.5978128,
              37.1844974
            ],
            [
              -3.5978751,
              37.1845738
            ],
            [
              -3.5979346,
              37.1846314
            ],
            [
              -3.597993,
              37.1846795
            ],
            [
              -3.5980702,
              37.1847279
            ],
            [
              -3.5981596,
              37.1847701
            ],
            [
              -3.5982929,
              37.1848084
            ],
            [
              -3.5983553,
              37.184826
            ],
            [
              -3.5984077,
              37.1848445
            ],
            [
              -3.5984601,
              37.1848716
            ],
            [
              -3.5984974,
              37.1848972
            ],
            [
              -3.5985279,
              37.1849313
            ],
            [
              -3.5985529,
              37.1849727
            ],
            [
              -3.5985635,
              37.1850138
            ],
            [
              -3.5985618,
              37.1850607
            ],
            [
              -3.5985482,
              37.1851046
            ],
            [
              -3.5985277,
              37.1851409
            ],
            [
              -3.5984944,
              37.1851756
            ],
            [
              -3.5984518,
              37.1852051
            ],
            [
              -3.5983978,
              37.1852248
            ],
            [
              -3.5983394,
              37.1852329
            ],
            [
              -3.5982862,
              37.1852323
            ],
            [
              -3.598221,
              37.1852213
            ],
            [
              -3.5981369,
              37.1851888
            ],
            [
              -3.5979724,
              37.1850976
            ],
            [
              -3.5978803,
              37.1850526
            ],
            [
              -3.5977601,
              37.1850048
            ],
            [
              -3.5976125,
              37.184961
            ],
            [
              -3.5974459,
              37.1849338
            ],
            [
              -3.5972835,
              37.1849151
            ],
            [
              -3.5971228,
              37.184909
            ],
            [
              -3.5968934,
              37.1849087
            ],
            [
              -3.5967224,
              37.1849192
            ],
            [
              -3.5966096,
              37.1849482
            ],
            [
              -3.5965204,
              37.1849877
            ],
            [
              -3.5964734,
              37.1850256
            ],
            [
              -3.5963842,
              37.1852056
            ],
            [
              -3.5965605,
              37.1853618
            ],
            [
              -3.5967368,
              37.1853918
            ],
            [
              -3.5970006,
              37.1853298
            ],
            [
              -3.5970693,
              37.1853204
            ],
            [
              -3.5971693,
              37.1853208
            ],
            [
              -3.5972274,
              37.1853282
            ],
            [
              -3.5972842,
              37.1853446
            ],
            [
              -3.5973299,
              37.1853627
            ],
            [
              -3.5974211,
              37.1854133
            ],
            [
              -3.5975342,
              37.185497
            ],
            [
              -3.5976702,
              37.185613
            ],
            [
              -3.5977642,
              37.1857068
            ],
            [
              -3.5978014,
              37.1857526
            ],
            [
              -3.5979191,
              37.1859157
            ],
            [
              -3.5979744,
              37.1859742
            ],
            [
              -3.5980599,
              37.1860438
            ],
            [
              -3.5981233,
              37.1860891
            ],
            [
              -3.598203,
              37.1861264
            ],
            [
              -3.5982805,
              37.1861486
            ],
            [
              -3.5983623,
              37.1861592
            ],
            [
              -3.5984386,
              37.1861632
            ],
            [
              -3.5985334,
              37.1861567
            ],
            [
              -3.5987553,
              37.1861234
            ],
            [
              -3.5988494,
              37.1861193
            ],
            [
              -3.5989294,
              37.1861219
            ],
            [
              -3.599,
              37.1861324
            ],
            [
              -3.5990724,
              37.1861534
            ],
            [
              -3.5991316,
              37.1861822
            ],
            [
              -3.5991766,
              37.1862147
            ],
            [
              -3.5992184,
              37.1862569
            ],
            [
              -3.5992464,
              37.1863032
            ],
            [
              -3.5992629,
              37.1863671
            ],
            [
              -3.5992661,
              37.1864438
            ],
            [
              -3.5992561,
              37.1865046
            ],
            [
              -3.5992295,
              37.1865737
            ],
            [
              -3.5990232,
              37.1869855
            ],
            [
              -3.5989974,
              37.1870671
            ],
            [
              -3.5989847,
              37.1871492
            ],
            [
              -3.5989866,
              37.1872226
            ],
            [
              -3.5990048,
              37.1872983
            ],
            [
              -3.5990364,
              37.1873733
            ],
            [
              -3.5990833,
              37.1874517
            ],
            [
              -3.5991666,
              37.1875554
            ],
            [
              -3.5993627,
              37.1877945
            ],
            [
              -3.5994151,
              37.1878495
            ],
            [
              -3.5994531,
              37.1879021
            ],
            [
              -3.5994924,
              37.1879391
            ],
            [
              -3.5994589,
              37.1879566
            ],
            [
              -3.599326,
              37.1879541
            ],
            [
              -3.5987292,
              37.1879463
            ],
            [
              -3.5982227,
              37.1879396
            ],
            [
              -3.5981495,
              37.187953
            ],
            [
              -3.5980788,
              37.1879782
            ],
            [
              -3.5977087,
              37.1881853
            ],
            [
              -3.5976456,
              37.1882428
            ],
            [
              -3.5976011,
              37.1882982
            ],
            [
              -3.5975067,
              37.1884784
            ],
            [
              -3.5974684,
              37.1885177
            ],
            [
              -3.597426,
              37.1885452
            ],
            [
              -3.5971272,
              37.1887392
            ],
            [
              -3.5970019,
              37.1888142
            ],
            [
              -3.5968645,
              37.1888818
            ],
            [
              -3.5966463,
              37.1890053
            ],
            [
              -3.5966104,
              37.1890268
            ],
            [
              -3.5960407,
              37.1891665
            ],
            [
              -3.5955007,
              37.1892428
            ],
            [
              -3.5952284,
              37.1892616
            ],
            [
              -3.5950608,
              37.1892897
            ],
            [
              -3.5949736,
              37.1892912
            ],
            [
              -3.5948955,
              37.189275
            ],
            [
              -3.5947939,
              37.1892888
            ],
            [
              -3.5942969,
              37.1893607
            ],
            [
              -3.5941577,
              37.1893811
            ],
            [
              -3.5933774,
              37.1894953
            ],
            [
              -3.5933088,
              37.1895057
            ],
            [
              -3.5932362,
              37.1894995
            ],
            [
              -3.5932299,
              37.1895361
            ],
            [
              -3.5931493,
              37.1897081
            ],
            [
              -3.593057,
              37.1898105
            ],
            [
              -3.5926752,
              37.1901583
            ],
            [
              -3.5926366,
              37.1902384
            ],
            [
              -3.5925923,
              37.1903596
            ],
            [
              -3.5925795,
              37.19046
            ],
            [
              -3.5925883,
              37.1906401
            ],
            [
              -3.5926767,
              37.1911232
            ],
            [
              -3.5927507,
              37.1917354
            ],
            [
              -3.5927571,
              37.1917911
            ],
            [
              -3.5928009,
              37.1921722
            ],
            [
              -3.5928207,
              37.1925426
            ],
            [
              -3.5928239,
              37.1928326
            ],
            [
              -3.5928173,
              37.1929501
            ],
            [
              -3.5927971,
              37.1930594
            ],
            [
              -3.5927568,
              37.1931674
            ],
            [
              -3.5926993,
              37.1932709
            ],
            [
              -3.5925247,
              37.1935002
            ],
            [
              -3.592268,
              37.1937765
            ],
            [
              -3.5922055,
              37.1938869
            ],
            [
              -3.5921741,
              37.1939892
            ],
            [
              -3.592183,
              37.1940607
            ],
            [
              -3.5921996,
              37.1941112
            ],
            [
              -3.5922376,
              37.1941652
            ],
            [
              -3.5923036,
              37.1942359
            ],
            [
              -3.5925373,
              37.19442
            ],
            [
              -3.5926934,
              37.1945671
            ],
            [
              -3.5928216,
              37.1947158
            ],
            [
              -3.5928653,
              37.1947946
            ],
            [
              -3.592901,
              37.1948842
            ],
            [
              -3.5929142,
              37.1949745
            ],
            [
              -3.5929099,
              37.1950703
            ],
            [
              -3.5928527,
              37.1955374
            ],
            [
              -3.5928455,
              37.1957422
            ],
            [
              -3.5928434,
              37.1958012
            ],
            [
              -3.5928647,
              37.1959888
            ],
            [
              -3.5928588,
              37.196117
            ],
            [
              -3.5928168,
              37.1962014
            ],
            [
              -3.5927451,
              37.1962625
            ],
            [
              -3.5926333,
              37.1963011
            ],
            [
              -3.5925198,
              37.1962948
            ],
            [
              -3.5924186,
              37.1962546
            ],
            [
              -3.592354,
              37.1962009
            ],
            [
              -3.5923081,
              37.1961134
            ],
            [
              -3.5922941,
              37.1960033
            ],
            [
              -3.5923101,
              37.1958759
            ],
            [
              -3.5923438,
              37.1957497
            ],
            [
              -3.5924576,
              37.1953649
            ],
            [
              -3.5924705,
              37.1952535
            ],
            [
              -3.5924514,
              37.1951671
            ],
            [
              -3.5924115,
              37.1950656
            ],
            [
              -3.5923399,
              37.1949756
            ],
            [
              -3.5921786,
              37.1948542
            ],
            [
              -3.5919806,
              37.1947627
            ],
            [
              -3.5917551,
              37.1946769
            ],
            [
              -3.5915216,
              37.1946033
            ],
            [
              -3.5912596,
              37.1945415
            ],
            [
              -3.5911078,
              37.1945309
            ],
            [
              -3.5907682,
              37.1945663
            ],
            [
              -3.5903723,
              37.1946176
            ],
            [
              -3.5900889,
              37.1946491
            ],
            [
              -3.5899971,
              37.1946622
            ],
            [
              -3.5899032,
              37.1946843
            ],
            [
              -3.5898399,
              37.1947117
            ],
            [
              -3.5897916,
              37.1947447
            ],
            [
              -3.5897574,
              37.1947837
            ],
            [
              -3.5897351,
              37.1948257
            ],
            [
              -3.5897208,
              37.194871
            ],
            [
              -3.5897207,
              37.1949157
            ],
            [
              -3.5897331,
              37.1949616
            ],
            [
              -3.5897551,
              37.1950052
            ],
            [
              -3.5897818,
              37.1950416
            ],
            [
              -3.5898225,
              37.1950755
            ],
            [
              -3.5898916,
              37.1951053
            ],
            [
              -3.5899589,
              37.1951212
            ],
            [
              -3.5900328,
              37.1951272
            ],
            [
              -3.5901084,
              37.1951199
            ],
            [
              -3.5901936,
              37.1950945
            ],
            [
              -3.5909946,
              37.1948046
            ],
            [
              -3.5911389,
              37.1947835
            ],
            [
              -3.59125,
              37.1947869
            ],
            [
              -3.5913474,
              37.1948032
            ],
            [
              -3.5914328,
              37.1948322
            ],
            [
              -3.5915145,
              37.1948708
            ],
            [
              -3.5915852,
              37.1949198
            ],
            [
              -3.5916421,
              37.1949749
            ],
            [
              -3.5916823,
              37.1950405
            ],
            [
              -3.59171,
              37.1951157
            ],
            [
              -3.5917181,
              37.1951835
            ],
            [
              -3.591713,
              37.1952396
            ],
            [
              -3.5916889,
              37.1953073
            ],
            [
              -3.5916419,
              37.1953722
            ],
            [
              -3.5915709,
              37.1954343
            ],
            [
              -3.591469,
              37.1954933
            ],
            [
              -3.5913397,
              37.195531
            ],
            [
              -3.5911975,
              37.1955486
            ],
            [
              -3.590958,
              37.1955427
            ],
            [
              -3.5907031,
              37.1955322
            ],
            [
              -3.5905101,
              37.1955498
            ],
            [
              -3.5903607,
              37.1955817
            ],
            [
              -3.5895129,
              37.1958156
            ],
            [
              -3.5890727,
              37.195937
            ],
            [
              -3.5889009,
              37.1959867
            ],
            [
              -3.5892844,
              37.1968441
            ],
            [
              -3.5899638,
              37.1983116
            ],
            [
              -3.5902016,
              37.1992931
            ],
            [
              -3.590368,
              37.199839
            ],
            [
              -3.5911283,
              37.1996366
            ],
            [
              -3.591813,
              37.1993538
            ],
            [
              -3.5924892,
              37.199475
            ],
            [
              -3.5930048,
              37.1993875
            ],
            [
              -3.5934781,
              37.199098
            ],
            [
              -3.5944839,
              37.1990105
            ],
            [
              -3.5953714,
              37.1987815
            ],
            [
              -3.5965547,
              37.1978996
            ],
            [
              -3.5971971,
              37.1973609
            ],
            [
              -3.5977296,
              37.1968291
            ],
            [
              -3.5979747,
              37.1968291
            ],
            [
              -3.5982705,
              37.1969704
            ],
            [
              -3.5985664,
              37.1969704
            ],
            [
              -3.5987861,
              37.1967954
            ],
            [
              -3.5995046,
              37.1959471
            ],
            [
              -3.5998765,
              37.1959403
            ],
            [
              -3.6002484,
              37.1959807
            ],
            [
              -3.6005188,
              37.1958932
            ],
            [
              -3.6007302,
              37.1955969
            ],
            [
              -3.6013622,
              37.1954584
            ],
            [
              -3.6014572,
              37.19544
            ],
            [
              -3.6014883,
              37.1954315
            ],
            [
              -3.6015164,
              37.195424
            ],
            [
              -3.6032665,
              37.194955
            ],
            [
              -3.6034937,
              37.1948991
            ],
            [
              -3.6038561,
              37.1947975
            ],
            [
              -3.6040437,
              37.194738
            ],
            [
              -3.6041755,
              37.1946738
            ],
            [
              -3.6043396,
              37.1945463
            ],
            [
              -3.6044371,
              37.1947022
            ],
            [
              -3.6044513,
              37.1947682
            ],
            [
              -3.6044516,
              37.19487
            ],
            [
              -3.6044221,
              37.1950788
            ],
            [
              -3.6044124,
              37.1951464
            ],
            [
              -3.6044087,
              37.1951758
            ],
            [
              -3.6044045,
              37.1952091
            ],
            [
              -3.6043974,
              37.1952658
            ],
            [
              -3.604385,
              37.1953614
            ],
            [
              -3.6043778,
              37.1954154
            ],
            [
              -3.6043737,
              37.1954463
            ],
            [
              -3.6043688,
              37.195483
            ],
            [
              -3.6043216,
              37.1958375
            ],
            [
              -3.604292,
              37.1960426
            ],
            [
              -3.604216,
              37.1965691
            ],
            [
              -3.6042091,
              37.1966163
            ],
            [
              -3.6042039,
              37.1966527
            ],
            [
              -3.6041919,
              37.196736
            ],
            [
              -3.6041693,
              37.1969015
            ],
            [
              -3.6041426,
              37.197107
            ],
            [
              -3.6041307,
              37.1973041
            ],
            [
              -3.6041296,
              37.1973524
            ],
            [
              -3.6041233,
              37.1976144
            ],
            [
              -3.6041291,
              37.1976813
            ],
            [
              -3.6042099,
              37.1983066
            ],
            [
              -3.6042277,
              37.1984944
            ],
            [
              -3.6042062,
              37.1987965
            ],
            [
              -3.6045715,
              37.1996029
            ],
            [
              -3.6048601,
              37.2001593
            ],
            [
              -3.6048739,
              37.2001863
            ],
            [
              -3.6052619,
              37.2009399
            ],
            [
              -3.6053483,
              37.2011064
            ],
            [
              -3.6055832,
              37.2015553
            ],
            [
              -3.6057728,
              37.2019211
            ],
            [
              -3.605789,
              37.2019526
            ],
            [
              -3.605797,
              37.201968
            ],
            [
              -3.6060369,
              37.2024451
            ],
            [
              -3.6060469,
              37.2024657
            ],
            [
              -3.6060609,
              37.202494
            ],
            [
              -3.6062903,
              37.2029569
            ],
            [
              -3.6064585,
              37.2032405
            ],
            [
              -3.6066723,
              37.2035433
            ],
            [
              -3.6067757,
              37.203688
            ],
            [
              -3.6068447,
              37.2037813
            ],
            [
              -3.6068957,
              37.2038515
            ],
            [
              -3.6069846,
              37.2039474
            ],
            [
              -3.6072877,
              37.2043803
            ],
            [
              -3.6075105,
              37.2046849
            ],
            [
              -3.6075601,
              37.2047744
            ],
            [
              -3.6077792,
              37.2050801
            ],
            [
              -3.6078437,
              37.2051711
            ],
            [
              -3.6081328,
              37.2055785
            ],
            [
              -3.6088689,
              37.2065939
            ],
            [
              -3.608979,
              37.2067707
            ],
            [
              -3.6091255,
              37.2070466
            ],
            [
              -3.6091673,
              37.2071174
            ],
            [
              -3.6091814,
              37.2071416
            ],
            [
              -3.6091945,
              37.2071636
            ],
            [
              -3.6092764,
              37.2073025
            ],
            [
              -3.6093015,
              37.2073544
            ],
            [
              -3.609356,
              37.2073136
            ],
            [
              -3.6121523,
              37.2057116
            ],
            [
              -3.6164428,
              37.2032593
            ],
            [
              -3.6223756,
              37.2095613
            ],
            [
              -3.6230757,
              37.2104187
            ],
            [
              -3.6239531,
              37.2102158
            ],
            [
              -3.6240876,
              37.2101159
            ],
            [
              -3.6242918,
              37.2098885
            ],
            [
              -3.6249946,
              37.2093775
            ],
            [
              -3.625534,
              37.208929
            ],
            [
              -3.6256488,
              37.208751
            ],
            [
              -3.6256638,
              37.2085572
            ],
            [
              -3.6256647,
              37.2085279
            ],
            [
              -3.6256727,
              37.2082777
            ],
            [
              -3.6258065,
              37.2081058
            ],
            [
              -3.6262663,
              37.2078239
            ],
            [
              -3.6262938,
              37.2077926
            ],
            [
              -3.6265454,
              37.207507
            ],
            [
              -3.626755,
              37.206965
            ],
            [
              -3.6269668,
              37.2066845
            ],
            [
              -3.6274678,
              37.2063497
            ],
            [
              -3.6229899,
              37.1987081
            ],
            [
              -3.6229746,
              37.1986816
            ],
            [
              -3.6215487,
              37.1962508
            ],
            [
              -3.6194964,
              37.1953418
            ],
            [
              -3.6183316,
              37.1946222
            ],
            [
              -3.617357,
              37.1937196
            ],
            [
              -3.6152007,
              37.1913439
            ],
            [
              -3.6150013,
              37.191176
            ],
            [
              -3.6149819,
              37.1910327
            ],
            [
              -3.6149601,
              37.1909624
            ],
            [
              -3.614928,
              37.1908964
            ],
            [
              -3.6148436,
              37.1907681
            ],
            [
              -3.6147444,
              37.1906268
            ],
            [
              -3.6146998,
              37.1905384
            ],
            [
              -3.6146709,
              37.1904519
            ],
            [
              -3.6146568,
              37.1903809
            ],
            [
              -3.6146476,
              37.1902863
            ],
            [
              -3.6146509,
              37.1896039
            ],
            [
              -3.6148054,
              37.1851866
            ],
            [
              -3.614754,
              37.1849651
            ],
            [
              -3.6147083,
              37.1847829
            ],
            [
              -3.6135951,
              37.1829299
            ],
            [
              -3.613483,
              37.1829799
            ],
            [
              -3.6134572,
              37.1829899
            ],
            [
              -3.6128357,
              37.1832319
            ],
            [
              -3.6125662,
              37.1827936
            ],
            [
              -3.6122693,
              37.1823015
            ],
            [
              -3.6122472,
              37.1822634
            ],
            [
              -3.6120523,
              37.1819411
            ],
            [
              -3.6120404,
              37.1819228
            ],
            [
              -3.6118535,
              37.1816139
            ],
            [
              -3.611831,
              37.1815775
            ],
            [
              -3.611451,
              37.1809483
            ],
            [
              -3.6112344,
              37.1805901
            ],
            [
              -3.6110812,
              37.1803368
            ],
            [
              -3.6110421,
              37.1802721
            ],
            [
              -3.6108385,
              37.1799337
            ],
            [
              -3.610517,
              37.1794037
            ],
            [
              -3.610183,
              37.1788505
            ],
            [
              -3.6098817,
              37.1783839
            ],
            [
              -3.6098623,
              37.1783539
            ],
            [
              -3.6098282,
              37.178301
            ],
            [
              -3.6097991,
              37.1782486
            ],
            [
              -3.6097991,
              37.1782141
            ],
            [
              -3.60978,
              37.1781612
            ],
            [
              -3.6095692,
              37.1782499
            ],
            [
              -3.6094302,
              37.1783154
            ],
            [
              -3.6093419,
              37.1783799
            ],
            [
              -3.6093163,
              37.1784015
            ],
            [
              -3.6092871,
              37.1784247
            ],
            [
              -3.6092353,
              37.1784656
            ],
            [
              -3.6089488,
              37.1786983
            ],
            [
              -3.6088381,
              37.1787864
            ],
            [
              -3.6088134,
              37.178806
            ],
            [
              -3.6087867,
              37.1788272
            ],
            [
              -3.6086846,
              37.1789085
            ],
            [
              -3.6086461,
              37.1789394
            ],
            [
              -3.6086347,
              37.1789486
            ],
            [
              -3.6085265,
              37.1790356
            ],
            [
              -3.6084981,
              37.1790585
            ],
            [
              -3.6084688,
              37.179082
            ],
            [
              -3.6080033,
              37.1794563
            ],
            [
              -3.6075646,
              37.1798091
            ],
            [
              -3.6075256,
              37.1798406
            ],
            [
              -3.6074947,
              37.1798653
            ],
            [
              -3.6073723,
              37.1799671
            ],
            [
              -3.6072428,
              37.1800794
            ],
            [
              -3.6071108,
              37.1801879
            ],
            [
              -3.6067921,
              37.1804499
            ],
            [
              -3.6066622,
              37.1805627
            ],
            [
              -3.6064723,
              37.1807415
            ],
            [
              -3.6063737,
              37.1808683
            ],
            [
              -3.6062016,
              37.1812
            ],
            [
              -3.6061801,
              37.1812399
            ],
            [
              -3.6061619,
              37.1812739
            ],
            [
              -3.6060596,
              37.1814658
            ],
            [
              -3.6060368,
              37.1815085
            ],
            [
              -3.6059166,
              37.1817346
            ],
            [
              -3.6058915,
              37.1817795
            ],
            [
              -3.6058749,
              37.1818104
            ],
            [
              -3.6054548,
              37.1826028
            ],
            [
              -3.6054417,
              37.1826275
            ],
            [
              -3.6054284,
              37.1826525
            ],
            [
              -3.6053415,
              37.1828157
            ]
          ]
        ]
      },
      "id": "relation/9462759"
    },
    {
      "type": "Feature",
      "properties": {
        "@id": "relation/9462809",
        "admin_level": "9",
        "boundary": "administrative",
        "name": "Norte",
        "source": "https://www.granada.org",
        "type": "boundary"
      },
      "geometry": {
        "type": "Polygon",
        "coordinates": [
          [
            [
              -3.6013622,
              37.1954584
            ],
            [
              -3.6007302,
              37.1955969
            ],
            [
              -3.6005188,
              37.1958932
            ],
            [
              -3.6002484,
              37.1959807
            ],
            [
              -3.5998765,
              37.1959403
            ],
            [
              -3.5995046,
              37.1959471
            ],
            [
              -3.5987861,
              37.1967954
            ],
            [
              -3.5985664,
              37.1969704
            ],
            [
              -3.5982705,
              37.1969704
            ],
            [
              -3.5979747,
              37.1968291
            ],
            [
              -3.5977296,
              37.1968291
            ],
            [
              -3.5971971,
              37.1973609
            ],
            [
              -3.5965547,
              37.1978996
            ],
            [
              -3.5953714,
              37.1987815
            ],
            [
              -3.5944839,
              37.1990105
            ],
            [
              -3.5934781,
              37.199098
            ],
            [
              -3.5930048,
              37.1993875
            ],
            [
              -3.5924892,
              37.199475
            ],
            [
              -3.591813,
              37.1993538
            ],
            [
              -3.5911283,
              37.1996366
            ],
            [
              -3.590368,
              37.199839
            ],
            [
              -3.5897974,
              37.1999274
            ],
            [
              -3.5892903,
              37.1998232
            ],
            [
              -3.5887634,
              37.2000883
            ],
            [
              -3.588486,
              37.2001294
            ],
            [
              -3.58807,
              37.2000505
            ],
            [
              -3.5878046,
              37.2001104
            ],
            [
              -3.5873965,
              37.2000189
            ],
            [
              -3.5870399,
              37.2001104
            ],
            [
              -3.5866675,
              37.2003945
            ],
            [
              -3.5862515,
              37.2004734
            ],
            [
              -3.5857325,
              37.2004229
            ],
            [
              -3.5849836,
              37.2004323
            ],
            [
              -3.5845676,
              37.2003629
            ],
            [
              -3.5842269,
              37.2004292
            ],
            [
              -3.5838505,
              37.2003597
            ],
            [
              -3.5836445,
              37.2004481
            ],
            [
              -3.5834345,
              37.2004039
            ],
            [
              -3.5833275,
              37.2004513
            ],
            [
              -3.5831889,
              37.2006722
            ],
            [
              -3.5830185,
              37.2007195
            ],
            [
              -3.5827649,
              37.2006154
            ],
            [
              -3.5825232,
              37.2005901
            ],
            [
              -3.5822736,
              37.2006816
            ],
            [
              -3.5819052,
              37.2006122
            ],
            [
              -3.5817348,
              37.2006501
            ],
            [
              -3.5817467,
              37.2007889
            ],
            [
              -3.5816793,
              37.2008236
            ],
            [
              -3.5814812,
              37.2006785
            ],
            [
              -3.5812752,
              37.200669
            ],
            [
              -3.5810811,
              37.2007416
            ],
            [
              -3.5810018,
              37.2009467
            ],
            [
              -3.5808434,
              37.2011298
            ],
            [
              -3.580566,
              37.2012276
            ],
            [
              -3.5803759,
              37.2012497
            ],
            [
              -3.5801817,
              37.201439
            ],
            [
              -3.5800431,
              37.201682
            ],
            [
              -3.5797261,
              37.2016915
            ],
            [
              -3.5792982,
              37.2014832
            ],
            [
              -3.578906,
              37.2014012
            ],
            [
              -3.5787237,
              37.2014927
            ],
            [
              -3.5788624,
              37.201682
            ],
            [
              -3.5788069,
              37.2017578
            ],
            [
              -3.5785494,
              37.2017357
            ],
            [
              -3.5781334,
              37.2020702
            ],
            [
              -3.5777451,
              37.2020639
            ],
            [
              -3.5774717,
              37.2023132
            ],
            [
              -3.5774321,
              37.2026035
            ],
            [
              -3.5772419,
              37.2026919
            ],
            [
              -3.5770399,
              37.2026477
            ],
            [
              -3.5769844,
              37.2029254
            ],
            [
              -3.5767823,
              37.2029853
            ],
            [
              -3.576509,
              37.2027581
            ],
            [
              -3.5762831,
              37.2027139
            ],
            [
              -3.5755145,
              37.2031337
            ],
            [
              -3.5749876,
              37.2034019
            ],
            [
              -3.5747854,
              37.2039555
            ],
            [
              -3.5745306,
              37.2039882
            ],
            [
              -3.5743498,
              37.2036413
            ],
            [
              -3.5741526,
              37.2037067
            ],
            [
              -3.5740128,
              37.20389
            ],
            [
              -3.5736348,
              37.2038966
            ],
            [
              -3.5730595,
              37.2045185
            ],
            [
              -3.5731499,
              37.2050422
            ],
            [
              -3.5728951,
              37.205448
            ],
            [
              -3.5720979,
              37.2060044
            ],
            [
              -3.5718595,
              37.2066067
            ],
            [
              -3.570865,
              37.2070583
            ],
            [
              -3.5704377,
              37.2075034
            ],
            [
              -3.5689007,
              37.2080926
            ],
            [
              -3.5685555,
              37.2084788
            ],
            [
              -3.5682761,
              37.2091268
            ],
            [
              -3.5678159,
              37.2094868
            ],
            [
              -3.5677665,
              37.2097094
            ],
            [
              -3.5674624,
              37.2097159
            ],
            [
              -3.5674131,
              37.2099581
            ],
            [
              -3.5671584,
              37.2100694
            ],
            [
              -3.5671501,
              37.2103443
            ],
            [
              -3.5669762,
              37.2107634
            ],
            [
              -3.5678104,
              37.2107955
            ],
            [
              -3.5683811,
              37.2102429
            ],
            [
              -3.5689754,
              37.2098435
            ],
            [
              -3.5694581,
              37.2095887
            ],
            [
              -3.5696271,
              37.2095789
            ],
            [
              -3.5703188,
              37.2101435
            ],
            [
              -3.5708852,
              37.2101281
            ],
            [
              -3.57113,
              37.2101215
            ],
            [
              -3.5720657,
              37.2086568
            ],
            [
              -3.5723682,
              37.2084209
            ],
            [
              -3.5726495,
              37.2083655
            ],
            [
              -3.5739821,
              37.2087376
            ],
            [
              -3.5756893,
              37.2094505
            ],
            [
              -3.5768573,
              37.2104003
            ],
            [
              -3.5775768,
              37.2101714
            ],
            [
              -3.5782059,
              37.2098979
            ],
            [
              -3.5789937,
              37.2097589
            ],
            [
              -3.5799722,
              37.2094927
            ],
            [
              -3.5805915,
              37.2094266
            ],
            [
              -3.5809175,
              37.2093168
            ],
            [
              -3.5823662,
              37.2086517
            ],
            [
              -3.5827601,
              37.2085866
            ],
            [
              -3.5838092,
              37.2087167
            ],
            [
              -3.5845977,
              37.2086587
            ],
            [
              -3.5857249,
              37.2086892
            ],
            [
              -3.5863555,
              37.208623
            ],
            [
              -3.5867738,
              37.2087922
            ],
            [
              -3.5872363,
              37.208853
            ],
            [
              -3.5884866,
              37.2087657
            ],
            [
              -3.5889474,
              37.2086101
            ],
            [
              -3.5903316,
              37.2083599
            ],
            [
              -3.5907149,
              37.208367
            ],
            [
              -3.5909507,
              37.2082576
            ],
            [
              -3.5913453,
              37.2082827
            ],
            [
              -3.5917298,
              37.2084521
            ],
            [
              -3.5925006,
              37.2090251
            ],
            [
              -3.5927051,
              37.2092314
            ],
            [
              -3.5930017,
              37.2096896
            ],
            [
              -3.593308,
              37.2099495
            ],
            [
              -3.5937714,
              37.2101185
            ],
            [
              -3.5945267,
              37.2101417
            ],
            [
              -3.5966476,
              37.2104195
            ],
            [
              -3.5976972,
              37.2106035
            ],
            [
              -3.5980703,
              37.2107549
            ],
            [
              -3.5983664,
              37.21115
            ],
            [
              -3.5986047,
              37.2113561
            ],
            [
              -3.5991805,
              37.2114884
            ],
            [
              -3.600386,
              37.2114282
            ],
            [
              -3.6011648,
              37.211415
            ],
            [
              -3.6014147,
              37.2116327
            ],
            [
              -3.6017055,
              37.2115477
            ],
            [
              -3.6023733,
              37.2117055
            ],
            [
              -3.6025337,
              37.2122376
            ],
            [
              -3.602649,
              37.2125615
            ],
            [
              -3.6027673,
              37.213264
            ],
            [
              -3.60275,
              37.2139221
            ],
            [
              -3.6029007,
              37.2144532
            ],
            [
              -3.6028929,
              37.2148859
            ],
            [
              -3.6034664,
              37.2147297
            ],
            [
              -3.6039717,
              37.2144928
            ],
            [
              -3.6041959,
              37.2143384
            ],
            [
              -3.6048035,
              37.2142091
            ],
            [
              -3.6056033,
              37.2141599
            ],
            [
              -3.6079655,
              37.2137032
            ],
            [
              -3.6080568,
              37.2137237
            ],
            [
              -3.6081857,
              37.2136537
            ],
            [
              -3.6083719,
              37.213629
            ],
            [
              -3.608619,
              37.2135586
            ],
            [
              -3.6093872,
              37.2132427
            ],
            [
              -3.6098887,
              37.2130833
            ],
            [
              -3.6100822,
              37.2131301
            ],
            [
              -3.6104723,
              37.2130802
            ],
            [
              -3.6111276,
              37.2129688
            ],
            [
              -3.6125823,
              37.2130785
            ],
            [
              -3.6129083,
              37.2129776
            ],
            [
              -3.6136929,
              37.2124327
            ],
            [
              -3.6139961,
              37.2122959
            ],
            [
              -3.6150674,
              37.2123805
            ],
            [
              -3.6156643,
              37.2123233
            ],
            [
              -3.6162603,
              37.212158
            ],
            [
              -3.6181791,
              37.2111294
            ],
            [
              -3.6187295,
              37.2109102
            ],
            [
              -3.6192138,
              37.2108716
            ],
            [
              -3.6201609,
              37.2109208
            ],
            [
              -3.620244,
              37.2109103
            ],
            [
              -3.6216127,
              37.2106004
            ],
            [
              -3.6220734,
              37.2104961
            ],
            [
              -3.6230757,
              37.2104187
            ],
            [
              -3.6223756,
              37.2095613
            ],
            [
              -3.6164428,
              37.2032593
            ],
            [
              -3.6121523,
              37.2057116
            ],
            [
              -3.609356,
              37.2073136
            ],
            [
              -3.6093015,
              37.2073544
            ],
            [
              -3.6092764,
              37.2073025
            ],
            [
              -3.6091945,
              37.2071636
            ],
            [
              -3.6091814,
              37.2071416
            ],
            [
              -3.6091673,
              37.2071174
            ],
            [
              -3.6091255,
              37.2070466
            ],
            [
              -3.608979,
              37.2067707
            ],
            [
              -3.6088689,
              37.2065939
            ],
            [
              -3.6081328,
              37.2055785
            ],
            [
              -3.6078437,
              37.2051711
            ],
            [
              -3.6077792,
              37.2050801
            ],
            [
              -3.6075601,
              37.2047744
            ],
            [
              -3.6075105,
              37.2046849
            ],
            [
              -3.6072877,
              37.2043803
            ],
            [
              -3.6069846,
              37.2039474
            ],
            [
              -3.6068957,
              37.2038515
            ],
            [
              -3.6068447,
              37.2037813
            ],
            [
              -3.6067757,
              37.203688
            ],
            [
              -3.6066723,
              37.2035433
            ],
            [
              -3.6064585,
              37.2032405
            ],
            [
              -3.6062903,
              37.2029569
            ],
            [
              -3.6060609,
              37.202494
            ],
            [
              -3.6060469,
              37.2024657
            ],
            [
              -3.6060369,
              37.2024451
            ],
            [
              -3.605797,
              37.201968
            ],
            [
              -3.605789,
              37.2019526
            ],
            [
              -3.6057728,
              37.2019211
            ],
            [
              -3.6055832,
              37.2015553
            ],
            [
              -3.6053483,
              37.2011064
            ],
            [
              -3.6052619,
              37.2009399
            ],
            [
              -3.6048739,
              37.2001863
            ],
            [
              -3.6048601,
              37.2001593
            ],
            [
              -3.6045715,
              37.1996029
            ],
            [
              -3.6042062,
              37.1987965
            ],
            [
              -3.6042277,
              37.1984944
            ],
            [
              -3.6042099,
              37.1983066
            ],
            [
              -3.6041291,
              37.1976813
            ],
            [
              -3.6041233,
              37.1976144
            ],
            [
              -3.6041296,
              37.1973524
            ],
            [
              -3.6041307,
              37.1973041
            ],
            [
              -3.6041426,
              37.197107
            ],
            [
              -3.6041693,
              37.1969015
            ],
            [
              -3.6041919,
              37.196736
            ],
            [
              -3.6042039,
              37.1966527
            ],
            [
              -3.6042091,
              37.1966163
            ],
            [
              -3.604216,
              37.1965691
            ],
            [
              -3.604292,
              37.1960426
            ],
            [
              -3.6043216,
              37.1958375
            ],
            [
              -3.6043688,
              37.195483
            ],
            [
              -3.6043737,
              37.1954463
            ],
            [
              -3.6043778,
              37.1954154
            ],
            [
              -3.604385,
              37.1953614
            ],
            [
              -3.6043974,
              37.1952658
            ],
            [
              -3.6044045,
              37.1952091
            ],
            [
              -3.6044087,
              37.1951758
            ],
            [
              -3.6044124,
              37.1951464
            ],
            [
              -3.6044221,
              37.1950788
            ],
            [
              -3.6044516,
              37.19487
            ],
            [
              -3.6044513,
              37.1947682
            ],
            [
              -3.6044371,
              37.1947022
            ],
            [
              -3.6043396,
              37.1945463
            ],
            [
              -3.6041755,
              37.1946738
            ],
            [
              -3.6040437,
              37.194738
            ],
            [
              -3.6038561,
              37.1947975
            ],
            [
              -3.6034937,
              37.1948991
            ],
            [
              -3.6032665,
              37.194955
            ],
            [
              -3.6015164,
              37.195424
            ],
            [
              -3.6014883,
              37.1954315
            ],
            [
              -3.6014572,
              37.19544
            ],
            [
              -3.6013622,
              37.1954584
            ]
          ]
        ]
      },
      "id": "relation/9462809"
    }
  ]
}