{"type": "FeatureCollection", "features": [{"type": "Feature", "geometry": {"type": "Point", "coordinates": [-3.6338171, 37.1940477]}, "properties": {"name": "Ecoparque Norte de Granada", "kind": "recycling", "categoria": "reciclaje", "osm_id": "way/179251421"}}, {"type": "Feature", "geometry": {"type": "Point", "coordinates": [-3.6044207, 37.189641]}, "properties": {"name": null, "kind": "recycling", "categoria": "reciclaje", "osm_id": "node/544709245"}}, {"type": "Feature", "geometry": {"type": "Point", "coordinates": [-3.6056207, 37.1894513]}, "properties": {"name": null, "kind": "recycling", "categoria": "reciclaje", "osm_id": "node/544709267"}}, {"type": "Feature", "geometry": {"type": "Point", "coordinates": [-3.6039047, 37.1913299]}, "properties": {"name": null, "kind": "recycling", "categoria": "reciclaje", "osm_id": "node/544721998"}}, {"type": "Feature", "geometry": {"type": "Point", "coordinates": [-3.6055773, 37.1913304]}, "properties": {"name": null, "kind": "recycling", "categoria": "reciclaje", "osm_id": "node/544759749"}}, {"type": "Feature", "geometry": {"type": "Point", "coordinates": [-3.6023872, 37.1823447]}, "properties": {"name": null, "kind": "recycling", "categoria": "reciclaje", "osm_id": "node/947091884"}}, {"type": "Feature", "geometry": {"type": "Point", "coordinates": [-3.6073867, 37.1881925]}, "properties": {"name": null, "kind": "recycling", "categoria": "reciclaje", "osm_id": "node/960111642"}}, {"type": "Feature", "geometry": {"type": "Point", "coordinates": [-3.6077538, 37.1874497]}, "properties": {"name": null, "kind": "recycling", "categoria": "reciclaje", "osm_id": "node/960111664"}}, {"type": "Feature", "geometry": {"type": "Point", "coordinates": [-3.5956735, 37.1580136]}, "properties": {"name": null, "kind": "waste_disposal", "categoria": "reciclaje", "osm_id": "node/1421367029"}}, {"type": "Feature", "geometry": {"type": "Point", "coordinates": [-3.6030165, 37.1860603]}, "properties": {"name": null, "kind": "recycling", "categoria": "reciclaje", "osm_id": "node/1427199312"}}, {"type": "Feature", "geometry": {"type": "Point", "coordinates": [-3.6045079, 37.1853517]}, "properties": {"name": null, "kind": "recycling", "categoria": "reciclaje", "osm_id": "node/1427199324"}}, {"type": "Feature", "geometry": {"type": "Point", "coordinates": [-3.5994339, 37.1725955]}, "properties": {"name": null, "kind": "recycling", "categoria": "reciclaje", "osm_id": "node/3087360034"}}, {"type": "Feature", "geometry": {"type": "Point", "coordinates": [-3.6075044, 37.1840213]}, "properties": {"name": null, "kind": "waste_disposal", "categoria": "reciclaje", "osm_id": "node/3151473113"}}, {"type": "Feature", "geometry": {"type": "Point", "coordinates": [-3.6082366, 37.1898868]}, "properties": {"name": null, "kind": "recycling", "categoria": "reciclaje", "osm_id": "node/4051832323"}}, {"type": "Feature", "geometry": {"type": "Point", "coordinates": [-3.6085944, 37.1892352]}, "properties": {"name": null, "kind": "recycling", "categoria": "reciclaje", "osm_id": "node/4051832324"}}, {"type": "Feature", "geometry": {"type": "Point", "coordinates": [-3.6104728, 37.1904282]}, "properties": {"name": null, "kind": "recycling", "categoria": "reciclaje", "osm_id": "node/4060085116"}}, {"type": "Feature", "geometry": {"type": "Point", "coordinates": [-3.6099982, 37.1891419]}, "properties": {"name": null, "kind": "recycling", "categoria": "reciclaje", "osm_id": "node/4060085155"}}, {"type": "Feature", "geometry": {"type": "Point", "coordinates": [-3.6097001, 37.1893894]}, "properties": {"name": null, "kind": "recycling", "categoria": "reciclaje", "osm_id": "node/4060086217"}}, {"type": "Feature", "geometry": {"type": "Point", "coordinates": [-3.6095131, 37.1901075]}, "properties": {"name": null, "kind": "recycling", "categoria": "reciclaje", "osm_id": "node/4060086794"}}, {"type": "Feature", "geometry": {"type": "Point", "coordinates": [-3.5961749, 37.2050828]}, "properties": {"name": null, "kind": "recycling", "categoria": "reciclaje", "osm_id": "node/4963571443"}}, {"type": "Feature", "geometry": {"type": "Point", "coordinates": [-3.6017691, 37.1763017]}, "properties": {"name": null, "kind": "waste_disposal", "categoria": "reciclaje", "osm_id": "node/5307048421"}}, {"type": "Feature", "geometry": {"type": "Point", "coordinates": [-3.6082435, 37.1898766]}, "properties": {"name": null, "kind": "recycling", "categoria": "reciclaje", "osm_id": "node/5593877941"}}, {"type": "Feature", "geometry": {"type": "Point", "coordinates": [-3.6082687, 37.1898355]}, "properties": {"name": null, "kind": "recycling", "categoria": "reciclaje", "osm_id": "node/5593877942"}}, {"type": "Feature", "geometry": {"type": "Point", "coordinates": [-3.6082627, 37.1898445]}, "properties": {"name": null, "kind": "recycling", "categoria": "reciclaje", "osm_id": "node/5593877943"}}, {"type": "Feature", "geometry": {"type": "Point", "coordinates": [-3.6082495, 37.1898704]}, "properties": {"name": null, "kind": "waste_disposal", "categoria": "reciclaje", "osm_id": "node/5593877944"}}, {"type": "Feature", "geometry": {"type": "Point", "coordinates": [-3.6082554, 37.1898598]}, "properties": {"name": null, "kind": "waste_disposal", "categoria": "reciclaje", "osm_id": "node/5593877945"}}, {"type": "Feature", "geometry": {"type": "Point", "coordinates": [-3.6086074, 37.1892158]}, "properties": {"name": null, "kind": "waste_disposal", "categoria": "reciclaje", "osm_id": "node/5593877946"}}, {"type": "Feature", "geometry": {"type": "Point", "coordinates": [-3.6085817, 37.189253]}, "properties": {"name": null, "kind": "recycling", "categoria": "reciclaje", "osm_id": "node/5593877947"}}, {"type": "Feature", "geometry": {"type": "Point", "coordinates": [-3.610461, 37.1904455]}, "properties": {"name": null, "kind": "recycling", "categoria": "reciclaje", "osm_id": "node/5593877948"}}, {"type": "Feature", "geometry": {"type": "Point", "coordinates": [-3.6104866, 37.1904128]}, "properties": {"name": null, "kind": "waste_disposal", "categoria": "reciclaje", "osm_id": "node/5593877949"}}, {"type": "Feature", "geometry": {"type": "Point", "coordinates": [-3.6097084, 37.1893741]}, "properties": {"name": null, "kind": "waste_disposal", "categoria": "reciclaje", "osm_id": "node/5593877950"}}, {"type": "Feature", "geometry": {"type": "Point", "coordinates": [-3.6097169, 37.1893581]}, "properties": {"name": null, "kind": "waste_disposal", "categoria": "reciclaje", "osm_id": "node/5593877951"}}, {"type": "Feature", "geometry": {"type": "Point", "coordinates": [-3.6099822, 37.1891352]}, "properties": {"name": null, "kind": "recycling", "categoria": "reciclaje", "osm_id": "node/5593877953"}}, {"type": "Feature", "geometry": {"type": "Point", "coordinates": [-3.6099666, 37.1891276]}, "properties": {"name": null, "kind": "recycling", "categoria": "reciclaje", "osm_id": "node/5593877954"}}, {"type": "Feature", "geometry": {"type": "Point", "coordinates": [-3.6074055, 37.1882011]}, "properties": {"name": null, "kind": "recycling", "categoria": "reciclaje", "osm_id": "node/5593877955"}}, {"type": "Feature", "geometry": {"type": "Point", "coordinates": [-3.6075986, 37.1876702]}, "properties": {"name": null, "kind": "waste_disposal", "categoria": "reciclaje", "osm_id": "node/5593877956"}}, {"type": "Feature", "geometry": {"type": "Point", "coordinates": [-3.6077789, 37.187407]}, "properties": {"name": null, "kind": "recycling", "categoria": "reciclaje", "osm_id": "node/5593877957"}}, {"type": "Feature", "geometry": {"type": "Point", "coordinates": [-3.6077888, 37.1873897]}, "properties": {"name": null, "kind": "recycling", "categoria": "reciclaje", "osm_id": "node/5593877958"}}, {"type": "Feature", "geometry": {"type": "Point", "coordinates": [-3.6077671, 37.1874338]}, "properties": {"name": null, "kind": "waste_disposal", "categoria": "reciclaje", "osm_id": "node/5593877959"}}, {"type": "Feature", "geometry": {"type": "Point", "coordinates": [-3.6009755, 37.1824043]}, "properties": {"name": null, "kind": "recycling", "categoria": "reciclaje", "osm_id": "node/5810941449"}}, {"type": "Feature", "geometry": {"type": "Point", "coordinates": [-3.599796, 37.1824963]}, "properties": {"name": null, "kind": "recycling", "categoria": "reciclaje", "osm_id": "node/5810941452"}}, {"type": "Feature", "geometry": {"type": "Point", "coordinates": [-3.5999797, 37.182788]}, "properties": {"name": null, "kind": "recycling", "categoria": "reciclaje", "osm_id": "node/5810941466"}}, {"type": "Feature", "geometry": {"type": "Point", "coordinates": [-3.600834, 37.1836439]}, "properties": {"name": null, "kind": "waste_disposal", "categoria": "reciclaje", "osm_id": "node/5810941477"}}, {"type": "Feature", "geometry": {"type": "Point", "coordinates": [-3.6008421, 37.1840306]}, "properties": {"name": null, "kind": "recycling", "categoria": "reciclaje", "osm_id": "node/5810941480"}}, {"type": "Feature", "geometry": {"type": "Point", "coordinates": [-3.6001031, 37.1845136]}, "properties": {"name": null, "kind": "waste_disposal", "categoria": "reciclaje", "osm_id": "node/5810941484"}}, {"type": "Feature", "geometry": {"type": "Point", "coordinates": [-3.6002774, 37.1845916]}, "properties": {"name": null, "kind": "recycling", "categoria": "reciclaje", "osm_id": "node/5810941485"}}, {"type": "Feature", "geometry": {"type": "Point", "coordinates": [-3.6000481, 37.1861494]}, "properties": {"name": null, "kind": "waste_disposal", "categoria": "reciclaje", "osm_id": "node/5810941487"}}, {"type": "Feature", "geometry": {"type": "Point", "coordinates": [-3.6000451, 37.1858649]}, "properties": {"name": null, "kind": "waste_disposal", "categoria": "reciclaje", "osm_id": "node/5810941492"}}, {"type": "Feature", "geometry": {"type": "Point", "coordinates": [-3.6117305, 37.1875964]}, "properties": {"name": null, "kind": "recycling", "categoria": "reciclaje", "osm_id": "node/5825456074"}}, {"type": "Feature", "geometry": {"type": "Point", "coordinates": [-3.6118637, 37.1876851]}, "properties": {"name": null, "kind": "recycling", "categoria": "reciclaje", "osm_id": "node/5825456075"}}, {"type": "Feature", "geometry": {"type": "Point", "coordinates": [-3.6118425, 37.1876726]}, "properties": {"name": null, "kind": "recycling", "categoria": "reciclaje", "osm_id": "node/5825456076"}}, {"type": "Feature", "geometry": {"type": "Point", "coordinates": [-3.6118167, 37.1876517]}, "properties": {"name": null, "kind": "waste_disposal", "categoria": "reciclaje", "osm_id": "node/5825456077"}}, {"type": "Feature", "geometry": {"type": "Point", "coordinates": [-3.6123572, 37.1880285]}, "properties": {"name": null, "kind": "waste_disposal", "categoria": "reciclaje", "osm_id": "node/5825456079"}}, {"type": "Feature", "geometry": {"type": "Point", "coordinates": [-3.6127664, 37.1885582]}, "properties": {"name": null, "kind": "recycling", "categoria": "reciclaje", "osm_id": "node/5825456082"}}, {"type": "Feature", "geometry": {"type": "Point", "coordinates": [-3.6128213, 37.1886019]}, "properties": {"name": null, "kind": "recycling", "categoria": "reciclaje", "osm_id": "node/5825456083"}}, {"type": "Feature", "geometry": {"type": "Point", "coordinates": [-3.6128525, 37.1886243]}, "properties": {"name": null, "kind": "recycling", "categoria": "reciclaje", "osm_id": "node/5825456084"}}, {"type": "Feature", "geometry": {"type": "Point", "coordinates": [-3.6128863, 37.1886435]}, "properties": {"name": null, "kind": "waste_disposal", "categoria": "reciclaje", "osm_id": "node/5825456085"}}, {"type": "Feature", "geometry": {"type": "Point", "coordinates": [-3.6145009, 37.1899749]}, "properties": {"name": null, "kind": "recycling", "categoria": "reciclaje", "osm_id": "node/5825456091"}}, {"type": "Feature", "geometry": {"type": "Point", "coordinates": [-3.6145055, 37.1900265]}, "properties": {"name": null, "kind": "recycling", "categoria": "reciclaje", "osm_id": "node/5825456092"}}, {"type": "Feature", "geometry": {"type": "Point", "coordinates": [-3.6145101, 37.1900768]}, "properties": {"name": null, "kind": "recycling", "categoria": "reciclaje", "osm_id": "node/5825456093"}}, {"type": "Feature", "geometry": {"type": "Point", "coordinates": [-3.6141173, 37.1891807]}, "properties": {"name": null, "kind": "recycling", "categoria": "reciclaje", "osm_id": "node/5825456119"}}, {"type": "Feature", "geometry": {"type": "Point", "coordinates": [-3.6140807, 37.1891662]}, "properties": {"name": null, "kind": "waste_disposal", "categoria": "reciclaje", "osm_id": "node/5825456120"}}, {"type": "Feature", "geometry": {"type": "Point", "coordinates": [-3.6156226, 37.1898772]}, "properties": {"name": null, "kind": "waste_disposal", "categoria": "reciclaje", "osm_id": "node/5825456125"}}, {"type": "Feature", "geometry": {"type": "Point", "coordinates": [-3.6055841, 37.1828288]}, "properties": {"name": null, "kind": "recycling", "categoria": "reciclaje", "osm_id": "node/5825502094"}}, {"type": "Feature", "geometry": {"type": "Point", "coordinates": [-3.6055894, 37.1821782]}, "properties": {"name": null, "kind": "recycling", "categoria": "reciclaje", "osm_id": "node/5825502096"}}, {"type": "Feature", "geometry": {"type": "Point", "coordinates": [-3.6055812, 37.1821966]}, "properties": {"name": null, "kind": "waste_disposal", "categoria": "reciclaje", "osm_id": "node/5825502097"}}, {"type": "Feature", "geometry": {"type": "Point", "coordinates": [-3.6058774, 37.1819729]}, "properties": {"name": null, "kind": "recycling", "categoria": "reciclaje", "osm_id": "node/5825502099"}}, {"type": "Feature", "geometry": {"type": "Point", "coordinates": [-3.6058586, 37.1820097]}, "properties": {"name": null, "kind": "waste_disposal", "categoria": "reciclaje", "osm_id": "node/5825502101"}}, {"type": "Feature", "geometry": {"type": "Point", "coordinates": [-3.6057547, 37.1814447]}, "properties": {"name": null, "kind": "recycling", "categoria": "reciclaje", "osm_id": "node/5825502104"}}, {"type": "Feature", "geometry": {"type": "Point", "coordinates": [-3.6056152, 37.1814167]}, "properties": {"name": null, "kind": "waste_disposal", "categoria": "reciclaje", "osm_id": "node/5825502105"}}, {"type": "Feature", "geometry": {"type": "Point", "coordinates": [-3.6048574, 37.1819927]}, "properties": {"name": null, "kind": "recycling", "categoria": "reciclaje", "osm_id": "node/5825502110"}}, {"type": "Feature", "geometry": {"type": "Point", "coordinates": [-3.6048795, 37.1819752]}, "properties": {"name": null, "kind": "waste_disposal", "categoria": "reciclaje", "osm_id": "node/5825502111"}}, {"type": "Feature", "geometry": {"type": "Point", "coordinates": [-3.6014383, 37.1763303]}, "properties": {"name": null, "kind": "recycling", "categoria": "reciclaje", "osm_id": "node/5837219507"}}, {"type": "Feature", "geometry": {"type": "Point", "coordinates": [-3.6019347, 37.1758957]}, "properties": {"name": null, "kind": "recycling", "categoria": "reciclaje", "osm_id": "node/5837219513"}}, {"type": "Feature", "geometry": {"type": "Point", "coordinates": [-3.6060057, 37.1769928]}, "properties": {"name": null, "kind": "recycling", "categoria": "reciclaje", "osm_id": "node/5837251046"}}, {"type": "Feature", "geometry": {"type": "Point", "coordinates": [-3.6050512, 37.1710202]}, "properties": {"name": null, "kind": "recycling", "categoria": "reciclaje", "osm_id": "node/5887945080"}}, {"type": "Feature", "geometry": {"type": "Point", "coordinates": [-3.5916953, 37.1856066]}, "properties": {"name": null, "kind": "waste_disposal", "categoria": "reciclaje", "osm_id": "node/5888064092"}}, {"type": "Feature", "geometry": {"type": "Point", "coordinates": [-3.5973349, 37.1751453]}, "properties": {"name": null, "kind": "recycling", "categoria": "reciclaje", "osm_id": "node/5894957830"}}, {"type": "Feature", "geometry": {"type": "Point", "coordinates": [-3.6132434, 37.1876546]}, "properties": {"name": null, "kind": "recycling", "categoria": "reciclaje", "osm_id": "node/5940662680"}}, {"type": "Feature", "geometry": {"type": "Point", "coordinates": [-3.6132902, 37.1877277]}, "properties": {"name": null, "kind": "recycling", "categoria": "reciclaje", "osm_id": "node/5940662681"}}, {"type": "Feature", "geometry": {"type": "Point", "coordinates": [-3.6132408, 37.1877159]}, "properties": {"name": null, "kind": "waste_disposal", "categoria": "reciclaje", "osm_id": "node/5940662682"}}, {"type": "Feature", "geometry": {"type": "Point", "coordinates": [-3.6132213, 37.1877112]}, "properties": {"name": null, "kind": "recycling", "categoria": "reciclaje", "osm_id": "node/5940662683"}}, {"type": "Feature", "geometry": {"type": "Point", "coordinates": [-3.5994822, 37.169079]}, "properties": {"name": null, "kind": "recycling", "categoria": "reciclaje", "osm_id": "node/5970825390"}}, {"type": "Feature", "geometry": {"type": "Point", "coordinates": [-3.6001396, 37.1689646]}, "properties": {"name": null, "kind": "waste_disposal", "categoria": "reciclaje", "osm_id": "node/5970825395"}}, {"type": "Feature", "geometry": {"type": "Point", "coordinates": [-3.6001615, 37.1689647]}, "properties": {"name": null, "kind": "recycling", "categoria": "reciclaje", "osm_id": "node/5970825396"}}, {"type": "Feature", "geometry": {"type": "Point", "coordinates": [-3.6012377, 37.1689655]}, "properties": {"name": null, "kind": "recycling", "categoria": "reciclaje", "osm_id": "node/5970825405"}}, {"type": "Feature", "geometry": {"type": "Point", "coordinates": [-3.6012669, 37.1689667]}, "properties": {"name": null, "kind": "waste_disposal", "categoria": "reciclaje", "osm_id": "node/5970825406"}}, {"type": "Feature", "geometry": {"type": "Point", "coordinates": [-3.6080964, 37.1760384]}, "properties": {"name": null, "kind": "waste_disposal", "categoria": "reciclaje", "osm_id": "node/5985090885"}}, {"type": "Feature", "geometry": {"type": "Point", "coordinates": [-3.6093874, 37.1732089]}, "properties": {"name": null, "kind": "waste_disposal", "categoria": "reciclaje", "osm_id": "node/6004712188"}}, {"type": "Feature", "geometry": {"type": "Point", "coordinates": [-3.6032315, 37.1713284]}, "properties": {"name": null, "kind": "recycling", "categoria": "reciclaje", "osm_id": "node/6016150342"}}, {"type": "Feature", "geometry": {"type": "Point", "coordinates": [-3.5978626, 37.1718427]}, "properties": {"name": null, "kind": "waste_disposal", "categoria": "reciclaje", "osm_id": "node/6020187499"}}, {"type": "Feature", "geometry": {"type": "Point", "coordinates": [-3.5977294, 37.171489]}, "properties": {"name": null, "kind": "recycling", "categoria": "reciclaje", "osm_id": "node/6020187503"}}, {"type": "Feature", "geometry": {"type": "Point", "coordinates": [-3.5950985, 37.1732207]}, "properties": {"name": null, "kind": "recycling", "categoria": "reciclaje", "osm_id": "node/6025192737"}}, {"type": "Feature", "geometry": {"type": "Point", "coordinates": [-3.5951276, 37.1731948]}, "properties": {"name": null, "kind": "waste_disposal", "categoria": "reciclaje", "osm_id": "node/6025192746"}}, {"type": "Feature", "geometry": {"type": "Point", "coordinates": [-3.5952945, 37.173124]}, "properties": {"name": null, "kind": "recycling", "categoria": "reciclaje", "osm_id": "node/6025192747"}}, {"type": "Feature", "geometry": {"type": "Point", "coordinates": [-3.596002, 37.1723549]}, "properties": {"name": null, "kind": "recycling", "categoria": "reciclaje", "osm_id": "node/6025192762"}}, {"type": "Feature", "geometry": {"type": "Point", "coordinates": [-3.5958206, 37.1722738]}, "properties": {"name": null, "kind": "recycling", "categoria": "reciclaje", "osm_id": "node/6025192766"}}, {"type": "Feature", "geometry": {"type": "Point", "coordinates": [-3.5991886, 37.1790828]}, "properties": {"name": null, "kind": "recycling", "categoria": "reciclaje", "osm_id": "node/6029957490"}}, {"type": "Feature", "geometry": {"type": "Point", "coordinates": [-3.5975649, 37.1807341]}, "properties": {"name": null, "kind": "waste_disposal", "categoria": "reciclaje", "osm_id": "node/6412604906"}}, {"type": "Feature", "geometry": {"type": "Point", "coordinates": [-3.606333, 37.1725676]}, "properties": {"name": null, "kind": "waste_disposal", "categoria": "reciclaje", "osm_id": "node/6711067491"}}, {"type": "Feature", "geometry": {"type": "Point", "coordinates": [-3.6075803, 37.1745304]}, "properties": {"name": null, "kind": "waste_disposal", "categoria": "reciclaje", "osm_id": "node/6711067502"}}, {"type": "Feature", "geometry": {"type": "Point", "coordinates": [-3.607276, 37.174653]}, "properties": {"name": null, "kind": "waste_disposal", "categoria": "reciclaje", "osm_id": "node/6711067503"}}, {"type": "Feature", "geometry": {"type": "Point", "coordinates": [-3.6093657, 37.1777115]}, "properties": {"name": null, "kind": "recycling", "categoria": "reciclaje", "osm_id": "node/6711067530"}}, {"type": "Feature", "geometry": {"type": "Point", "coordinates": [-3.6110016, 37.1781266]}, "properties": {"name": null, "kind": "recycling", "categoria": "reciclaje", "osm_id": "node/6711184247"}}, {"type": "Feature", "geometry": {"type": "Point", "coordinates": [-3.6120953, 37.1774468]}, "properties": {"name": null, "kind": "recycling", "categoria": "reciclaje", "osm_id": "node/6711192386"}}, {"type": "Feature", "geometry": {"type": "Point", "coordinates": [-3.6056669, 37.1898638]}, "properties": {"name": null, "kind": "recycling", "categoria": "reciclaje", "osm_id": "node/7145707564"}}, {"type": "Feature", "geometry": {"type": "Point", "coordinates": [-3.6055971, 37.1894231]}, "properties": {"name": null, "kind": "waste_disposal", "categoria": "reciclaje", "osm_id": "node/7145736735"}}, {"type": "Feature", "geometry": {"type": "Point", "coordinates": [-3.6056085, 37.189437]}, "properties": {"name": null, "kind": "recycling", "categoria": "reciclaje", "osm_id": "node/7145736736"}}, {"type": "Feature", "geometry": {"type": "Point", "coordinates": [-3.6054551, 37.1893798]}, "properties": {"name": null, "kind": "recycling", "categoria": "reciclaje", "osm_id": "node/7145736737"}}, {"type": "Feature", "geometry": {"type": "Point", "coordinates": [-3.6055857, 37.1894098]}, "properties": {"name": null, "kind": "waste_disposal", "categoria": "reciclaje", "osm_id": "node/7145736738"}}, {"type": "Feature", "geometry": {"type": "Point", "coordinates": [-3.6093549, 37.1776945]}, "properties": {"name": null, "kind": "recycling", "categoria": "reciclaje", "osm_id": "node/7156380454"}}, {"type": "Feature", "geometry": {"type": "Point", "coordinates": [-3.609344, 37.1776772]}, "properties": {"name": null, "kind": "waste_disposal", "categoria": "reciclaje", "osm_id": "node/7156380455"}}, {"type": "Feature", "geometry": {"type": "Point", "coordinates": [-3.6093332, 37.1776602]}, "properties": {"name": null, "kind": "waste_disposal", "categoria": "reciclaje", "osm_id": "node/7156380456"}}, {"type": "Feature", "geometry": {"type": "Point", "coordinates": [-3.6093217, 37.1776419]}, "properties": {"name": null, "kind": "recycling", "categoria": "reciclaje", "osm_id": "node/7156380457"}}, {"type": "Feature", "geometry": {"type": "Point", "coordinates": [-3.609309, 37.1776219]}, "properties": {"name": null, "kind": "recycling", "categoria": "reciclaje", "osm_id": "node/7156380458"}}, {"type": "Feature", "geometry": {"type": "Point", "coordinates": [-3.613315, 37.199763]}, "properties": {"name": null, "kind": "recycling", "categoria": "reciclaje", "osm_id": "node/7199858504"}}, {"type": "Feature", "geometry": {"type": "Point", "coordinates": [-3.6133729, 37.1989566]}, "properties": {"name": null, "kind": "waste_disposal", "categoria": "reciclaje", "osm_id": "node/7199858528"}}, {"type": "Feature", "geometry": {"type": "Point", "coordinates": [-3.6133045, 37.1990013]}, "properties": {"name": null, "kind": "waste_disposal", "categoria": "reciclaje", "osm_id": "node/7199858529"}}, {"type": "Feature", "geometry": {"type": "Point", "coordinates": [-3.6132774, 37.1990215]}, "properties": {"name": null, "kind": "waste_disposal", "categoria": "reciclaje", "osm_id": "node/7199858530"}}, {"type": "Feature", "geometry": {"type": "Point", "coordinates": [-3.6132475, 37.1990459]}, "properties": {"name": null, "kind": "recycling", "categoria": "reciclaje", "osm_id": "node/7199858531"}}, {"type": "Feature", "geometry": {"type": "Point", "coordinates": [-3.6132195, 37.1990655]}, "properties": {"name": null, "kind": "recycling", "categoria": "reciclaje", "osm_id": "node/7199858532"}}, {"type": "Feature", "geometry": {"type": "Point", "coordinates": [-3.6131765, 37.1991081]}, "properties": {"name": null, "kind": "recycling", "categoria": "reciclaje", "osm_id": "node/7199858533"}}, {"type": "Feature", "geometry": {"type": "Point", "coordinates": [-3.613159, 37.19912]}, "properties": {"name": null, "kind": "recycling", "categoria": "reciclaje", "osm_id": "node/7199858534"}}, {"type": "Feature", "geometry": {"type": "Point", "coordinates": [-3.5998249, 37.1825527]}, "properties": {"name": null, "kind": "waste_disposal", "categoria": "reciclaje", "osm_id": "node/7282417994"}}, {"type": "Feature", "geometry": {"type": "Point", "coordinates": [-3.5988164, 37.1827322]}, "properties": {"name": null, "kind": "waste_disposal", "categoria": "reciclaje", "osm_id": "node/7282417995"}}, {"type": "Feature", "geometry": {"type": "Point", "coordinates": [-3.5993207, 37.1827664]}, "properties": {"name": null, "kind": "waste_disposal", "categoria": "reciclaje", "osm_id": "node/7282417996"}}, {"type": "Feature", "geometry": {"type": "Point", "coordinates": [-3.6173725, 37.1969822]}, "properties": {"name": null, "kind": "recycling", "categoria": "reciclaje", "osm_id": "node/7388886021"}}, {"type": "Feature", "geometry": {"type": "Point", "coordinates": [-3.6173398, 37.1969803]}, "properties": {"name": null, "kind": "recycling", "categoria": "reciclaje", "osm_id": "node/7388886022"}}, {"type": "Feature", "geometry": {"type": "Point", "coordinates": [-3.6173061, 37.1969783]}, "properties": {"name": null, "kind": "waste_disposal", "categoria": "reciclaje", "osm_id": "node/7388886023"}}, {"type": "Feature", "geometry": {"type": "Point", "coordinates": [-3.6172729, 37.1969763]}, "properties": {"name": null, "kind": "recycling", "categoria": "reciclaje", "osm_id": "node/7388886024"}}, {"type": "Feature", "geometry": {"type": "Point", "coordinates": [-3.5751889, 37.1819595]}, "properties": {"name": null, "kind": "waste_disposal", "categoria": "reciclaje", "osm_id": "node/7488896108"}}, {"type": "Feature", "geometry": {"type": "Point", "coordinates": [-3.5751739, 37.1819571]}, "properties": {"name": null, "kind": "waste_disposal", "categoria": "reciclaje", "osm_id": "node/7488896109"}}, {"type": "Feature", "geometry": {"type": "Point", "coordinates": [-3.575158, 37.1819545]}, "properties": {"name": null, "kind": "waste_disposal", "categoria": "reciclaje", "osm_id": "node/7488896110"}}, {"type": "Feature", "geometry": {"type": "Point", "coordinates": [-3.5751998, 37.1818987]}, "properties": {"name": null, "kind": "waste_disposal", "categoria": "reciclaje", "osm_id": "node/7488896111"}}, {"type": "Feature", "geometry": {"type": "Point", "coordinates": [-3.5751858, 37.1818995]}, "properties": {"name": null, "kind": "waste_disposal", "categoria": "reciclaje", "osm_id": "node/7488896112"}}, {"type": "Feature", "geometry": {"type": "Point", "coordinates": [-3.5751695, 37.1819004]}, "properties": {"name": null, "kind": "waste_disposal", "categoria": "reciclaje", "osm_id": "node/7488896113"}}, {"type": "Feature", "geometry": {"type": "Point", "coordinates": [-3.6055485, 37.1814283]}, "properties": {"name": null, "kind": "waste_disposal", "categoria": "reciclaje", "osm_id": "node/7805788130"}}, {"type": "Feature", "geometry": {"type": "Point", "coordinates": [-3.6055389, 37.1814363]}, "properties": {"name": null, "kind": "waste_disposal", "categoria": "reciclaje", "osm_id": "node/7805788131"}}, {"type": "Feature", "geometry": {"type": "Point", "coordinates": [-3.6055293, 37.1814445]}, "properties": {"name": null, "kind": "waste_disposal", "categoria": "reciclaje", "osm_id": "node/7805788132"}}, {"type": "Feature", "geometry": {"type": "Point", "coordinates": [-3.6075989, 37.1745236]}, "properties": {"name": null, "kind": "waste_disposal", "categoria": "reciclaje", "osm_id": "node/7822884563"}}, {"type": "Feature", "geometry": {"type": "Point", "coordinates": [-3.5782669, 37.1644351]}, "properties": {"name": null, "kind": "waste_disposal", "categoria": "reciclaje", "osm_id": "node/7896877413"}}, {"type": "Feature", "geometry": {"type": "Point", "coordinates": [-3.5782395, 37.1644279]}, "properties": {"name": null, "kind": "waste_disposal", "categoria": "reciclaje", "osm_id": "node/7896877414"}}, {"type": "Feature", "geometry": {"type": "Point", "coordinates": [-3.578215, 37.1644213]}, "properties": {"name": null, "kind": "waste_disposal", "categoria": "reciclaje", "osm_id": "node/7896877415"}}, {"type": "Feature", "geometry": {"type": "Point", "coordinates": [-3.5781891, 37.1644145]}, "properties": {"name": null, "kind": "recycling", "categoria": "reciclaje", "osm_id": "node/7896877416"}}, {"type": "Feature", "geometry": {"type": "Point", "coordinates": [-3.6041509, 37.1756388]}, "properties": {"name": null, "kind": "recycling", "categoria": "reciclaje", "osm_id": "node/7941181852"}}, {"type": "Feature", "geometry": {"type": "Point", "coordinates": [-3.5958437, 37.1768651]}, "properties": {"name": null, "kind": "recycling", "categoria": "reciclaje", "osm_id": "node/7944419096"}}, {"type": "Feature", "geometry": {"type": "Point", "coordinates": [-3.607293, 37.1746484]}, "properties": {"name": null, "kind": "waste_disposal", "categoria": "reciclaje", "osm_id": "node/7947455463"}}, {"type": "Feature", "geometry": {"type": "Point", "coordinates": [-3.6063589, 37.1725573]}, "properties": {"name": null, "kind": "waste_disposal", "categoria": "reciclaje", "osm_id": "node/7947657719"}}, {"type": "Feature", "geometry": {"type": "Point", "coordinates": [-3.6063875, 37.172546]}, "properties": {"name": null, "kind": "waste_disposal", "categoria": "reciclaje", "osm_id": "node/7947657720"}}, {"type": "Feature", "geometry": {"type": "Point", "coordinates": [-3.6064111, 37.1725367]}, "properties": {"name": null, "kind": "waste_disposal", "categoria": "reciclaje", "osm_id": "node/7947657721"}}, {"type": "Feature", "geometry": {"type": "Point", "coordinates": [-3.5993338, 37.1724166]}, "properties": {"name": null, "kind": "recycling", "categoria": "reciclaje", "osm_id": "node/7947995633"}}, {"type": "Feature", "geometry": {"type": "Point", "coordinates": [-3.5993219, 37.1723943]}, "properties": {"name": null, "kind": "recycling", "categoria": "reciclaje", "osm_id": "node/7947995634"}}, {"type": "Feature", "geometry": {"type": "Point", "coordinates": [-3.6050656, 37.1710122]}, "properties": {"name": null, "kind": "waste_disposal", "categoria": "reciclaje", "osm_id": "node/7949905595"}}, {"type": "Feature", "geometry": {"type": "Point", "coordinates": [-3.6050798, 37.1710043]}, "properties": {"name": null, "kind": "waste_disposal", "categoria": "reciclaje", "osm_id": "node/7949905596"}}, {"type": "Feature", "geometry": {"type": "Point", "coordinates": [-3.6017808, 37.1762993]}, "properties": {"name": null, "kind": "waste_disposal", "categoria": "reciclaje", "osm_id": "node/7954141480"}}, {"type": "Feature", "geometry": {"type": "Point", "coordinates": [-3.6017919, 37.176297]}, "properties": {"name": null, "kind": "waste_disposal", "categoria": "reciclaje", "osm_id": "node/7954141481"}}, {"type": "Feature", "geometry": {"type": "Point", "coordinates": [-3.6032498, 37.1713455]}, "properties": {"name": null, "kind": "recycling", "categoria": "reciclaje", "osm_id": "node/7958703244"}}, {"type": "Feature", "geometry": {"type": "Point", "coordinates": [-3.6032685, 37.1713631]}, "properties": {"name": null, "kind": "recycling", "categoria": "reciclaje", "osm_id": "node/7958703245"}}, {"type": "Feature", "geometry": {"type": "Point", "coordinates": [-3.6032871, 37.1713806]}, "properties": {"name": null, "kind": "waste_disposal", "categoria": "reciclaje", "osm_id": "node/7958703246"}}, {"type": "Feature", "geometry": {"type": "Point", "coordinates": [-3.5977164, 37.1714988]}, "properties": {"name": null, "kind": "recycling", "categoria": "reciclaje", "osm_id": "node/7963013544"}}, {"type": "Feature", "geometry": {"type": "Point", "coordinates": [-3.595976, 37.17235]}, "properties": {"name": null, "kind": "recycling", "categoria": "reciclaje", "osm_id": "node/7968347220"}}, {"type": "Feature", "geometry": {"type": "Point", "coordinates": [-3.6027073, 37.180167]}, "properties": {"name": null, "kind": "waste_disposal", "categoria": "reciclaje", "osm_id": "node/7980944102"}}, {"type": "Feature", "geometry": {"type": "Point", "coordinates": [-3.6026999, 37.1801852]}, "properties": {"name": null, "kind": "recycling", "categoria": "reciclaje", "osm_id": "node/7980944103"}}, {"type": "Feature", "geometry": {"type": "Point", "coordinates": [-3.6026926, 37.1802066]}, "properties": {"name": null, "kind": "recycling", "categoria": "reciclaje", "osm_id": "node/7980944104"}}, {"type": "Feature", "geometry": {"type": "Point", "coordinates": [-3.602686, 37.1802294]}, "properties": {"name": null, "kind": "recycling", "categoria": "reciclaje", "osm_id": "node/7980944105"}}, {"type": "Feature", "geometry": {"type": "Point", "coordinates": [-3.5890843, 37.156554]}, "properties": {"name": null, "kind": "waste_disposal", "categoria": "reciclaje", "osm_id": "node/8058203722"}}, {"type": "Feature", "geometry": {"type": "Point", "coordinates": [-3.5890182, 37.1565827]}, "properties": {"name": null, "kind": "recycling", "categoria": "reciclaje", "osm_id": "node/8058203723"}}, {"type": "Feature", "geometry": {"type": "Point", "coordinates": [-3.5889943, 37.156593]}, "properties": {"name": null, "kind": "recycling", "categoria": "reciclaje", "osm_id": "node/8058203724"}}, {"type": "Feature", "geometry": {"type": "Point", "coordinates": [-3.5889723, 37.1566026]}, "properties": {"name": null, "kind": "recycling", "categoria": "reciclaje", "osm_id": "node/8058203725"}}, {"type": "Feature", "geometry": {"type": "Point", "coordinates": [-3.5890649, 37.1565624]}, "properties": {"name": null, "kind": "waste_disposal", "categoria": "reciclaje", "osm_id": "node/8058203726"}}, {"type": "Feature", "geometry": {"type": "Point", "coordinates": [-3.5890422, 37.1565723]}, "properties": {"name": null, "kind": "waste_disposal", "categoria": "reciclaje", "osm_id": "node/8058203727"}}, {"type": "Feature", "geometry": {"type": "Point", "coordinates": [-3.5952849, 37.173133]}, "properties": {"name": null, "kind": "recycling", "categoria": "reciclaje", "osm_id": "node/8123783744"}}, {"type": "Feature", "geometry": {"type": "Point", "coordinates": [-3.5952759, 37.1731413]}, "properties": {"name": null, "kind": "recycling", "categoria": "reciclaje", "osm_id": "node/8123783745"}}, {"type": "Feature", "geometry": {"type": "Point", "coordinates": [-3.5975656, 37.180764]}, "properties": {"name": null, "kind": "waste_disposal", "categoria": "reciclaje", "osm_id": "node/8190437618"}}, {"type": "Feature", "geometry": {"type": "Point", "coordinates": [-3.5975653, 37.1807495]}, "properties": {"name": null, "kind": "waste_disposal", "categoria": "reciclaje", "osm_id": "node/8190437619"}}, {"type": "Feature", "geometry": {"type": "Point", "coordinates": [-3.5986366, 37.1553021]}, "properties": {"name": null, "kind": "waste_disposal", "categoria": "reciclaje", "osm_id": "node/8254535711"}}, {"type": "Feature", "geometry": {"type": "Point", "coordinates": [-3.5986521, 37.1553037]}, "properties": {"name": null, "kind": "waste_disposal", "categoria": "reciclaje", "osm_id": "node/8254535712"}}, {"type": "Feature", "geometry": {"type": "Point", "coordinates": [-3.5986666, 37.1553051]}, "properties": {"name": null, "kind": "waste_disposal", "categoria": "reciclaje", "osm_id": "node/8254535713"}}, {"type": "Feature", "geometry": {"type": "Point", "coordinates": [-3.5986947, 37.1553079]}, "properties": {"name": null, "kind": "waste_disposal", "categoria": "reciclaje", "osm_id": "node/8254535714"}}, {"type": "Feature", "geometry": {"type": "Point", "coordinates": [-3.5987224, 37.1553107]}, "properties": {"name": null, "kind": "waste_disposal", "categoria": "reciclaje", "osm_id": "node/8254535715"}}, {"type": "Feature", "geometry": {"type": "Point", "coordinates": [-3.5984676, 37.1564157]}, "properties": {"name": null, "kind": "waste_disposal", "categoria": "reciclaje", "osm_id": "node/8254550443"}}, {"type": "Feature", "geometry": {"type": "Point", "coordinates": [-3.598482, 37.1564169]}, "properties": {"name": null, "kind": "waste_disposal", "categoria": "reciclaje", "osm_id": "node/8254550444"}}, {"type": "Feature", "geometry": {"type": "Point", "coordinates": [-3.5984967, 37.1564182]}, "properties": {"name": null, "kind": "waste_disposal", "categoria": "reciclaje", "osm_id": "node/8254550445"}}, {"type": "Feature", "geometry": {"type": "Point", "coordinates": [-3.5985235, 37.1564204]}, "properties": {"name": null, "kind": "waste_disposal", "categoria": "reciclaje", "osm_id": "node/8254550446"}}, {"type": "Feature", "geometry": {"type": "Point", "coordinates": [-3.5985505, 37.1564227]}, "properties": {"name": null, "kind": "waste_disposal", "categoria": "reciclaje", "osm_id": "node/8254550447"}}, {"type": "Feature", "geometry": {"type": "Point", "coordinates": [-3.5983255, 37.1561118]}, "properties": {"name": null, "kind": "waste_disposal", "categoria": "reciclaje", "osm_id": "node/8254550473"}}, {"type": "Feature", "geometry": {"type": "Point", "coordinates": [-3.5983217, 37.1561348]}, "properties": {"name": null, "kind": "waste_disposal", "categoria": "reciclaje", "osm_id": "node/8254550474"}}, {"type": "Feature", "geometry": {"type": "Point", "coordinates": [-3.6077976, 37.160682]}, "properties": {"name": null, "kind": "recycling", "categoria": "reciclaje", "osm_id": "node/8398016417"}}, {"type": "Feature", "geometry": {"type": "Point", "coordinates": [-3.6127289, 37.1799288]}, "properties": {"name": null, "kind": "recycling", "categoria": "reciclaje", "osm_id": "node/8729849009"}}, {"type": "Feature", "geometry": {"type": "Point", "coordinates": [-3.6127408, 37.1799486]}, "properties": {"name": null, "kind": "waste_disposal", "categoria": "reciclaje", "osm_id": "node/8729849010"}}, {"type": "Feature", "geometry": {"type": "Point", "coordinates": [-3.6127633, 37.1799857]}, "properties": {"name": null, "kind": "recycling", "categoria": "reciclaje", "osm_id": "node/8729849011"}}, {"type": "Feature", "geometry": {"type": "Point", "coordinates": [-3.6127707, 37.1799981]}, "properties": {"name": null, "kind": "recycling", "categoria": "reciclaje", "osm_id": "node/8729849012"}}, {"type": "Feature", "geometry": {"type": "Point", "coordinates": [-3.6127521, 37.1799673]}, "properties": {"name": null, "kind": "waste_disposal", "categoria": "reciclaje", "osm_id": "node/8740548075"}}, {"type": "Feature", "geometry": {"type": "Point", "coordinates": [-3.6117389, 37.1796875]}, "properties": {"name": null, "kind": "recycling", "categoria": "reciclaje", "osm_id": "node/8776520869"}}, {"type": "Feature", "geometry": {"type": "Point", "coordinates": [-3.6117522, 37.1797095]}, "properties": {"name": null, "kind": "recycling", "categoria": "reciclaje", "osm_id": "node/8776520870"}}, {"type": "Feature", "geometry": {"type": "Point", "coordinates": [-3.6117948, 37.1797799]}, "properties": {"name": null, "kind": "recycling", "categoria": "reciclaje", "osm_id": "node/8776520871"}}, {"type": "Feature", "geometry": {"type": "Point", "coordinates": [-3.6117649, 37.1797305]}, "properties": {"name": null, "kind": "waste_disposal", "categoria": "reciclaje", "osm_id": "node/8776520872"}}, {"type": "Feature", "geometry": {"type": "Point", "coordinates": [-3.6117775, 37.1797513]}, "properties": {"name": null, "kind": "waste_disposal", "categoria": "reciclaje", "osm_id": "node/8776520873"}}, {"type": "Feature", "geometry": {"type": "Point", "coordinates": [-3.6052032, 37.1651134]}, "properties": {"name": null, "kind": "recycling", "categoria": "reciclaje", "osm_id": "node/8859887856"}}, {"type": "Feature", "geometry": {"type": "Point", "coordinates": [-3.6083434, 37.1740716]}, "properties": {"name": null, "kind": "recycling", "categoria": "reciclaje", "osm_id": "node/9349210851"}}, {"type": "Feature", "geometry": {"type": "Point", "coordinates": [-3.6042302, 37.1728117]}, "properties": {"name": null, "kind": "recycling", "categoria": "reciclaje", "osm_id": "node/9349218080"}}, {"type": "Feature", "geometry": {"type": "Point", "coordinates": [-3.5944155, 37.1620365]}, "properties": {"name": null, "kind": "recycling", "categoria": "reciclaje", "osm_id": "node/9447342127"}}, {"type": "Feature", "geometry": {"type": "Point", "coordinates": [-3.597522, 37.1708456]}, "properties": {"name": null, "kind": "recycling", "categoria": "reciclaje", "osm_id": "node/9447748339"}}, {"type": "Feature", "geometry": {"type": "Point", "coordinates": [-3.6110942, 37.1790386]}, "properties": {"name": null, "kind": "recycling", "categoria": "reciclaje", "osm_id": "node/9471356346"}}, {"type": "Feature", "geometry": {"type": "Point", "coordinates": [-3.6113184, 37.1789944]}, "properties": {"name": null, "kind": "recycling", "categoria": "reciclaje", "osm_id": "node/9471356347"}}, {"type": "Feature", "geometry": {"type": "Point", "coordinates": [-3.6113072, 37.1789759]}, "properties": {"name": null, "kind": "recycling", "categoria": "reciclaje", "osm_id": "node/9471356348"}}, {"type": "Feature", "geometry": {"type": "Point", "coordinates": [-3.6112876, 37.1789435]}, "properties": {"name": null, "kind": "waste_disposal", "categoria": "reciclaje", "osm_id": "node/9471356349"}}, {"type": "Feature", "geometry": {"type": "Point", "coordinates": [-3.6112972, 37.1789593]}, "properties": {"name": null, "kind": "waste_disposal", "categoria": "reciclaje", "osm_id": "node/9471356350"}}, {"type": "Feature", "geometry": {"type": "Point", "coordinates": [-3.5873886, 37.1577912]}, "properties": {"name": null, "kind": "recycling", "categoria": "reciclaje", "osm_id": "node/9486143877"}}, {"type": "Feature", "geometry": {"type": "Point", "coordinates": [-3.6009699, 37.1728733]}, "properties": {"name": null, "kind": "waste_disposal", "categoria": "reciclaje", "osm_id": "node/9489646585"}}, {"type": "Feature", "geometry": {"type": "Point", "coordinates": [-3.5936884, 37.1846]}, "properties": {"name": null, "kind": "recycling", "categoria": "reciclaje", "osm_id": "node/9502797290"}}, {"type": "Feature", "geometry": {"type": "Point", "coordinates": [-3.5983252, 37.1661057]}, "properties": {"name": null, "kind": "recycling", "categoria": "reciclaje", "osm_id": "node/9530823633"}}, {"type": "Feature", "geometry": {"type": "Point", "coordinates": [-3.6037143, 37.169088]}, "properties": {"name": null, "kind": "recycling", "categoria": "reciclaje", "osm_id": "node/9547236566"}}, {"type": "Feature", "geometry": {"type": "Point", "coordinates": [-3.5848228, 37.1567327]}, "properties": {"name": null, "kind": "recycling", "categoria": "reciclaje", "osm_id": "node/9550260577"}}, {"type": "Feature", "geometry": {"type": "Point", "coordinates": [-3.6119676, 37.1786711]}, "properties": {"name": null, "kind": "waste_disposal", "categoria": "reciclaje", "osm_id": "node/9550502696"}}, {"type": "Feature", "geometry": {"type": "Point", "coordinates": [-3.6119805, 37.1786954]}, "properties": {"name": null, "kind": "waste_disposal", "categoria": "reciclaje", "osm_id": "node/9550502697"}}, {"type": "Feature", "geometry": {"type": "Point", "coordinates": [-3.6119416, 37.178624]}, "properties": {"name": null, "kind": "recycling", "categoria": "reciclaje", "osm_id": "node/9550502698"}}, {"type": "Feature", "geometry": {"type": "Point", "coordinates": [-3.6120087, 37.1787502]}, "properties": {"name": null, "kind": "recycling", "categoria": "reciclaje", "osm_id": "node/9550502699"}}, {"type": "Feature", "geometry": {"type": "Point", "coordinates": [-3.6120186, 37.1787676]}, "properties": {"name": null, "kind": "recycling", "categoria": "reciclaje", "osm_id": "node/9550502700"}}, {"type": "Feature", "geometry": {"type": "Point", "coordinates": [-3.6115106, 37.17778]}, "properties": {"name": null, "kind": "recycling", "categoria": "reciclaje", "osm_id": "node/9550529817"}}, {"type": "Feature", "geometry": {"type": "Point", "coordinates": [-3.6114953, 37.1777546]}, "properties": {"name": null, "kind": "recycling", "categoria": "reciclaje", "osm_id": "node/9550529823"}}, {"type": "Feature", "geometry": {"type": "Point", "coordinates": [-3.6114873, 37.1777414]}, "properties": {"name": null, "kind": "waste_disposal", "categoria": "reciclaje", "osm_id": "node/9550529824"}}, {"type": "Feature", "geometry": {"type": "Point", "coordinates": [-3.5942287, 37.164849]}, "properties": {"name": null, "kind": "recycling", "categoria": "reciclaje", "osm_id": "node/9560879075"}}, {"type": "Feature", "geometry": {"type": "Point", "coordinates": [-3.5874608, 37.163486]}, "properties": {"name": null, "kind": "recycling", "categoria": "reciclaje", "osm_id": "node/9569388029"}}, {"type": "Feature", "geometry": {"type": "Point", "coordinates": [-3.6001177, 37.1708999]}, "properties": {"name": null, "kind": "recycling", "categoria": "reciclaje", "osm_id": "node/9585915353"}}, {"type": "Feature", "geometry": {"type": "Point", "coordinates": [-3.608234, 37.1885241]}, "properties": {"name": null, "kind": "recycling", "categoria": "reciclaje", "osm_id": "node/9673653865"}}, {"type": "Feature", "geometry": {"type": "Point", "coordinates": [-3.6081506, 37.1884904]}, "properties": {"name": null, "kind": "waste_disposal", "categoria": "reciclaje", "osm_id": "node/9673653866"}}, {"type": "Feature", "geometry": {"type": "Point", "coordinates": [-3.6082137, 37.1885159]}, "properties": {"name": null, "kind": "recycling", "categoria": "reciclaje", "osm_id": "node/9673653867"}}, {"type": "Feature", "geometry": {"type": "Point", "coordinates": [-3.6081915, 37.1885069]}, "properties": {"name": null, "kind": "recycling", "categoria": "reciclaje", "osm_id": "node/9673653868"}}, {"type": "Feature", "geometry": {"type": "Point", "coordinates": [-3.6081702, 37.1884983]}, "properties": {"name": null, "kind": "waste_disposal", "categoria": "reciclaje", "osm_id": "node/9673653869"}}, {"type": "Feature", "geometry": {"type": "Point", "coordinates": [-3.6027206, 37.1801449]}, "properties": {"name": null, "kind": "recycling", "categoria": "reciclaje", "osm_id": "node/9679521462"}}, {"type": "Feature", "geometry": {"type": "Point", "coordinates": [-3.6027274, 37.1801341]}, "properties": {"name": null, "kind": "waste_disposal", "categoria": "reciclaje", "osm_id": "node/9679521463"}}, {"type": "Feature", "geometry": {"type": "Point", "coordinates": [-3.6071283, 37.1692005]}, "properties": {"name": null, "kind": "recycling", "categoria": "reciclaje", "osm_id": "node/9720361991"}}, {"type": "Feature", "geometry": {"type": "Point", "coordinates": [-3.6071145, 37.1692929]}, "properties": {"name": null, "kind": "recycling", "categoria": "reciclaje", "osm_id": "node/9720364374"}}, {"type": "Feature", "geometry": {"type": "Point", "coordinates": [-3.6126105, 37.1790229]}, "properties": {"name": null, "kind": "waste_disposal", "categoria": "reciclaje", "osm_id": "node/9853651123"}}, {"type": "Feature", "geometry": {"type": "Point", "coordinates": [-3.6125975, 37.1790015]}, "properties": {"name": null, "kind": "waste_disposal", "categoria": "reciclaje", "osm_id": "node/9853651124"}}, {"type": "Feature", "geometry": {"type": "Point", "coordinates": [-3.6126203, 37.1790391]}, "properties": {"name": null, "kind": "recycling", "categoria": "reciclaje", "osm_id": "node/9853651125"}}, {"type": "Feature", "geometry": {"type": "Point", "coordinates": [-3.6126288, 37.1790532]}, "properties": {"name": null, "kind": "recycling", "categoria": "reciclaje", "osm_id": "node/9853651126"}}, {"type": "Feature", "geometry": {"type": "Point", "coordinates": [-3.5937382, 37.1845744]}, "properties": {"name": null, "kind": "waste_disposal", "categoria": "reciclaje", "osm_id": "node/9892064795"}}, {"type": "Feature", "geometry": {"type": "Point", "coordinates": [-3.5936567, 37.1846164]}, "properties": {"name": null, "kind": "recycling", "categoria": "reciclaje", "osm_id": "node/9892064796"}}, {"type": "Feature", "geometry": {"type": "Point", "coordinates": [-3.593635, 37.1846276]}, "properties": {"name": null, "kind": "recycling", "categoria": "reciclaje", "osm_id": "node/9892064797"}}, {"type": "Feature", "geometry": {"type": "Point", "coordinates": [-3.5936179, 37.1846364]}, "properties": {"name": null, "kind": "recycling", "categoria": "reciclaje", "osm_id": "node/9892064798"}}, {"type": "Feature", "geometry": {"type": "Point", "coordinates": [-3.5936033, 37.1846439]}, "properties": {"name": null, "kind": "recycling", "categoria": "reciclaje", "osm_id": "node/9892064799"}}, {"type": "Feature", "geometry": {"type": "Point", "coordinates": [-3.5937115, 37.1845881]}, "properties": {"name": null, "kind": "waste_disposal", "categoria": "reciclaje", "osm_id": "node/9892064800"}}, {"type": "Feature", "geometry": {"type": "Point", "coordinates": [-3.5935892, 37.1846518]}, "properties": {"name": null, "kind": "recycling", "categoria": "reciclaje", "osm_id": "node/9892064801"}}, {"type": "Feature", "geometry": {"type": "Point", "coordinates": [-3.5916966, 37.1856192]}, "properties": {"name": null, "kind": "waste_disposal", "categoria": "reciclaje", "osm_id": "node/9892064802"}}, {"type": "Feature", "geometry": {"type": "Point", "coordinates": [-3.5916939, 37.1855945]}, "properties": {"name": null, "kind": "waste_disposal", "categoria": "reciclaje", "osm_id": "node/9892064803"}}, {"type": "Feature", "geometry": {"type": "Point", "coordinates": [-3.5975597, 37.1808057]}, "properties": {"name": null, "kind": "recycling", "categoria": "reciclaje", "osm_id": "node/9900532420"}}, {"type": "Feature", "geometry": {"type": "Point", "coordinates": [-3.5929588, 37.1816303]}, "properties": {"name": null, "kind": "recycling", "categoria": "reciclaje", "osm_id": "node/9900532422"}}, {"type": "Feature", "geometry": {"type": "Point", "coordinates": [-3.5921147, 37.1832813]}, "properties": {"name": null, "kind": "recycling", "categoria": "reciclaje", "osm_id": "node/9900532426"}}, {"type": "Feature", "geometry": {"type": "Point", "coordinates": [-3.5968337, 37.1770676]}, "properties": {"name": null, "kind": "recycling", "categoria": "reciclaje", "osm_id": "node/9900534217"}}, {"type": "Feature", "geometry": {"type": "Point", "coordinates": [-3.5975199, 37.1776305]}, "properties": {"name": null, "kind": "recycling", "categoria": "reciclaje", "osm_id": "node/9900622620"}}, {"type": "Feature", "geometry": {"type": "Point", "coordinates": [-3.5913909, 37.1826348]}, "properties": {"name": null, "kind": "recycling", "categoria": "reciclaje", "osm_id": "node/9900646417"}}, {"type": "Feature", "geometry": {"type": "Point", "coordinates": [-3.591167, 37.1818704]}, "properties": {"name": null, "kind": "recycling", "categoria": "reciclaje", "osm_id": "node/9900646418"}}, {"type": "Feature", "geometry": {"type": "Point", "coordinates": [-3.5912328, 37.1817247]}, "properties": {"name": null, "kind": "recycling", "categoria": "reciclaje", "osm_id": "node/9900646419"}}, {"type": "Feature", "geometry": {"type": "Point", "coordinates": [-3.5963283, 37.1765804]}, "properties": {"name": null, "kind": "recycling", "categoria": "reciclaje", "osm_id": "node/9901287617"}}, {"type": "Feature", "geometry": {"type": "Point", "coordinates": [-3.5831745, 37.1731548]}, "properties": {"name": null, "kind": "recycling", "categoria": "reciclaje", "osm_id": "node/9901994617"}}, {"type": "Feature", "geometry": {"type": "Point", "coordinates": [-3.5994581, 37.1748856]}, "properties": {"name": null, "kind": "recycling", "categoria": "reciclaje", "osm_id": "node/9902515318"}}, {"type": "Feature", "geometry": {"type": "Point", "coordinates": [-3.5936118, 37.1735757]}, "properties": {"name": null, "kind": "recycling", "categoria": "reciclaje", "osm_id": "node/9904126617"}}, {"type": "Feature", "geometry": {"type": "Point", "coordinates": [-3.5944045, 37.1735358]}, "properties": {"name": null, "kind": "recycling", "categoria": "reciclaje", "osm_id": "node/9904126718"}}, {"type": "Feature", "geometry": {"type": "Point", "coordinates": [-3.5955722, 37.16964]}, "properties": {"name": null, "kind": "recycling", "categoria": "reciclaje", "osm_id": "node/9904126719"}}, {"type": "Feature", "geometry": {"type": "Point", "coordinates": [-3.5966171, 37.1744347]}, "properties": {"name": null, "kind": "recycling", "categoria": "reciclaje", "osm_id": "node/9904129418"}}, {"type": "Feature", "geometry": {"type": "Point", "coordinates": [-3.61203, 37.1787866]}, "properties": {"name": null, "kind": "waste_disposal", "categoria": "reciclaje", "osm_id": "node/9939342714"}}, {"type": "Feature", "geometry": {"type": "Point", "coordinates": [-3.6044864, 37.1853416]}, "properties": {"name": null, "kind": "recycling", "categoria": "reciclaje", "osm_id": "node/9958008960"}}, {"type": "Feature", "geometry": {"type": "Point", "coordinates": [-3.604466, 37.185332]}, "properties": {"name": null, "kind": "recycling", "categoria": "reciclaje", "osm_id": "node/9958008961"}}, {"type": "Feature", "geometry": {"type": "Point", "coordinates": [-3.6044458, 37.1853224]}, "properties": {"name": null, "kind": "recycling", "categoria": "reciclaje", "osm_id": "node/9958008962"}}, {"type": "Feature", "geometry": {"type": "Point", "coordinates": [-3.604424, 37.1853122]}, "properties": {"name": null, "kind": "recycling", "categoria": "reciclaje", "osm_id": "node/9958008963"}}, {"type": "Feature", "geometry": {"type": "Point", "coordinates": [-3.6043773, 37.1852901]}, "properties": {"name": null, "kind": "recycling", "categoria": "reciclaje", "osm_id": "node/9958008964"}}, {"type": "Feature", "geometry": {"type": "Point", "coordinates": [-3.5992695, 37.1683885]}, "properties": {"name": null, "kind": "recycling", "categoria": "reciclaje", "osm_id": "node/9958976085"}}, {"type": "Feature", "geometry": {"type": "Point", "coordinates": [-3.5992609, 37.168364]}, "properties": {"name": null, "kind": "recycling", "categoria": "reciclaje", "osm_id": "node/9958976086"}}, {"type": "Feature", "geometry": {"type": "Point", "coordinates": [-3.5992522, 37.1683395]}, "properties": {"name": null, "kind": "recycling", "categoria": "reciclaje", "osm_id": "node/9958976087"}}, {"type": "Feature", "geometry": {"type": "Point", "coordinates": [-3.6077258, 37.1607624]}, "properties": {"name": null, "kind": "waste_disposal", "categoria": "reciclaje", "osm_id": "node/10029044488"}}, {"type": "Feature", "geometry": {"type": "Point", "coordinates": [-3.6077838, 37.1606974]}, "properties": {"name": null, "kind": "recycling", "categoria": "reciclaje", "osm_id": "node/10029044489"}}, {"type": "Feature", "geometry": {"type": "Point", "coordinates": [-3.60777, 37.1607129]}, "properties": {"name": null, "kind": "recycling", "categoria": "reciclaje", "osm_id": "node/10029044490"}}, {"type": "Feature", "geometry": {"type": "Point", "coordinates": [-3.6077549, 37.1607298]}, "properties": {"name": null, "kind": "recycling", "categoria": "reciclaje", "osm_id": "node/10029044491"}}, {"type": "Feature", "geometry": {"type": "Point", "coordinates": [-3.6077392, 37.1607474]}, "properties": {"name": null, "kind": "waste_disposal", "categoria": "reciclaje", "osm_id": "node/10029044492"}}, {"type": "Feature", "geometry": {"type": "Point", "coordinates": [-3.6082552, 37.1601922]}, "properties": {"name": null, "kind": "recycling", "categoria": "reciclaje", "osm_id": "node/10029084455"}}, {"type": "Feature", "geometry": {"type": "Point", "coordinates": [-3.6085037, 37.1598797]}, "properties": {"name": null, "kind": "recycling", "categoria": "reciclaje", "osm_id": "node/10029084568"}}, {"type": "Feature", "geometry": {"type": "Point", "coordinates": [-3.6084419, 37.1599504]}, "properties": {"name": null, "kind": "recycling", "categoria": "reciclaje", "osm_id": "node/10029084569"}}, {"type": "Feature", "geometry": {"type": "Point", "coordinates": [-3.6084895, 37.1598959]}, "properties": {"name": null, "kind": "recycling", "categoria": "reciclaje", "osm_id": "node/10029084570"}}, {"type": "Feature", "geometry": {"type": "Point", "coordinates": [-3.6084808, 37.1599059]}, "properties": {"name": null, "kind": "recycling", "categoria": "reciclaje", "osm_id": "node/10029084571"}}, {"type": "Feature", "geometry": {"type": "Point", "coordinates": [-3.6084716, 37.1599165]}, "properties": {"name": null, "kind": "recycling", "categoria": "reciclaje", "osm_id": "node/10029084572"}}, {"type": "Feature", "geometry": {"type": "Point", "coordinates": [-3.6084563, 37.1599339]}, "properties": {"name": null, "kind": "waste_disposal", "categoria": "reciclaje", "osm_id": "node/10029084573"}}, {"type": "Feature", "geometry": {"type": "Point", "coordinates": [-3.6077822, 37.1626137]}, "properties": {"name": null, "kind": "waste_disposal", "categoria": "reciclaje", "osm_id": "node/10031167755"}}, {"type": "Feature", "geometry": {"type": "Point", "coordinates": [-3.6077124, 37.1625752]}, "properties": {"name": null, "kind": "recycling", "categoria": "reciclaje", "osm_id": "node/10031167756"}}, {"type": "Feature", "geometry": {"type": "Point", "coordinates": [-3.607759, 37.1626009]}, "properties": {"name": null, "kind": "recycling", "categoria": "reciclaje", "osm_id": "node/10031167757"}}, {"type": "Feature", "geometry": {"type": "Point", "coordinates": [-3.6077352, 37.1625878]}, "properties": {"name": null, "kind": "recycling", "categoria": "reciclaje", "osm_id": "node/10031167758"}}, {"type": "Feature", "geometry": {"type": "Point", "coordinates": [-3.6132642, 37.1877214]}, "properties": {"name": null, "kind": "waste_disposal", "categoria": "reciclaje", "osm_id": "node/10069969016"}}, {"type": "Feature", "geometry": {"type": "Point", "coordinates": [-3.6131841, 37.1877024]}, "properties": {"name": null, "kind": "recycling", "categoria": "reciclaje", "osm_id": "node/10069992817"}}, {"type": "Feature", "geometry": {"type": "Point", "coordinates": [-3.6132049, 37.1877073]}, "properties": {"name": null, "kind": "recycling", "categoria": "reciclaje", "osm_id": "node/10069992818"}}, {"type": "Feature", "geometry": {"type": "Point", "coordinates": [-3.594502, 37.1880856]}, "properties": {"name": null, "kind": "recycling", "categoria": "reciclaje", "osm_id": "node/10140480382"}}, {"type": "Feature", "geometry": {"type": "Point", "coordinates": [-3.5944403, 37.1880241]}, "properties": {"name": null, "kind": "waste_disposal", "categoria": "reciclaje", "osm_id": "node/10140480383"}}, {"type": "Feature", "geometry": {"type": "Point", "coordinates": [-3.5944791, 37.1880628]}, "properties": {"name": null, "kind": "recycling", "categoria": "reciclaje", "osm_id": "node/10140480384"}}, {"type": "Feature", "geometry": {"type": "Point", "coordinates": [-3.5944573, 37.1880411]}, "properties": {"name": null, "kind": "recycling", "categoria": "reciclaje", "osm_id": "node/10140480385"}}, {"type": "Feature", "geometry": {"type": "Point", "coordinates": [-3.6068786, 37.1479885]}, "properties": {"name": null, "kind": "waste_disposal", "categoria": "reciclaje", "osm_id": "node/10142311563"}}, {"type": "Feature", "geometry": {"type": "Point", "coordinates": [-3.6062607, 37.1478751]}, "properties": {"name": null, "kind": "waste_disposal", "categoria": "reciclaje", "osm_id": "node/10142311586"}}, {"type": "Feature", "geometry": {"type": "Point", "coordinates": [-3.6062331, 37.147869]}, "properties": {"name": null, "kind": "recycling", "categoria": "reciclaje", "osm_id": "node/10142311587"}}, {"type": "Feature", "geometry": {"type": "Point", "coordinates": [-3.6069064, 37.1479936]}, "properties": {"name": null, "kind": "recycling", "categoria": "reciclaje", "osm_id": "node/10142311588"}}, {"type": "Feature", "geometry": {"type": "Point", "coordinates": [-3.6003921, 37.1474455]}, "properties": {"name": null, "kind": "recycling", "categoria": "reciclaje", "osm_id": "node/10149214452"}}, {"type": "Feature", "geometry": {"type": "Point", "coordinates": [-3.6003395, 37.1474701]}, "properties": {"name": null, "kind": "waste_disposal", "categoria": "reciclaje", "osm_id": "node/10149214453"}}, {"type": "Feature", "geometry": {"type": "Point", "coordinates": [-3.600365, 37.1474582]}, "properties": {"name": null, "kind": "recycling", "categoria": "reciclaje", "osm_id": "node/10149214454"}}, {"type": "Feature", "geometry": {"type": "Point", "coordinates": [-3.6058166, 37.1492947]}, "properties": {"name": null, "kind": "recycling", "categoria": "reciclaje", "osm_id": "node/10149214496"}}, {"type": "Feature", "geometry": {"type": "Point", "coordinates": [-3.6057453, 37.1492815]}, "properties": {"name": null, "kind": "recycling", "categoria": "reciclaje", "osm_id": "node/10149214497"}}, {"type": "Feature", "geometry": {"type": "Point", "coordinates": [-3.6057951, 37.1492907]}, "properties": {"name": null, "kind": "recycling", "categoria": "reciclaje", "osm_id": "node/10149214498"}}, {"type": "Feature", "geometry": {"type": "Point", "coordinates": [-3.6057678, 37.1492856]}, "properties": {"name": null, "kind": "waste_disposal", "categoria": "reciclaje", "osm_id": "node/10149214499"}}, {"type": "Feature", "geometry": {"type": "Point", "coordinates": [-3.6057561, 37.1492711]}, "properties": {"name": null, "kind": "recycling", "categoria": "reciclaje", "osm_id": "node/10149214502"}}, {"type": "Feature", "geometry": {"type": "Point", "coordinates": [-3.5986961, 37.1487384]}, "properties": {"name": null, "kind": "waste_disposal", "categoria": "reciclaje", "osm_id": "node/10149214625"}}, {"type": "Feature", "geometry": {"type": "Point", "coordinates": [-3.5986798, 37.1487883]}, "properties": {"name": null, "kind": "recycling", "categoria": "reciclaje", "osm_id": "node/10149214626"}}, {"type": "Feature", "geometry": {"type": "Point", "coordinates": [-3.5986882, 37.1487628]}, "properties": {"name": null, "kind": "recycling", "categoria": "reciclaje", "osm_id": "node/10149214627"}}, {"type": "Feature", "geometry": {"type": "Point", "coordinates": [-3.5987189, 37.1486767]}, "properties": {"name": null, "kind": "waste_disposal", "categoria": "reciclaje", "osm_id": "node/10149214628"}}, {"type": "Feature", "geometry": {"type": "Point", "coordinates": [-3.5987629, 37.1486598]}, "properties": {"name": null, "kind": "recycling", "categoria": "reciclaje", "osm_id": "node/10149214629"}}, {"type": "Feature", "geometry": {"type": "Point", "coordinates": [-3.5993008, 37.149733]}, "properties": {"name": null, "kind": "recycling", "categoria": "reciclaje", "osm_id": "node/10157028528"}}, {"type": "Feature", "geometry": {"type": "Point", "coordinates": [-3.5992747, 37.1498268]}, "properties": {"name": null, "kind": "recycling", "categoria": "reciclaje", "osm_id": "node/10157028529"}}, {"type": "Feature", "geometry": {"type": "Point", "coordinates": [-3.5992932, 37.1497601]}, "properties": {"name": null, "kind": "waste_disposal", "categoria": "reciclaje", "osm_id": "node/10157028530"}}, {"type": "Feature", "geometry": {"type": "Point", "coordinates": [-3.5992866, 37.1497841]}, "properties": {"name": null, "kind": "waste_disposal", "categoria": "reciclaje", "osm_id": "node/10157028531"}}, {"type": "Feature", "geometry": {"type": "Point", "coordinates": [-3.5992805, 37.1498062]}, "properties": {"name": null, "kind": "recycling", "categoria": "reciclaje", "osm_id": "node/10157028532"}}, {"type": "Feature", "geometry": {"type": "Point", "coordinates": [-3.6015953, 37.1497897]}, "properties": {"name": null, "kind": "recycling", "categoria": "reciclaje", "osm_id": "node/10161508636"}}, {"type": "Feature", "geometry": {"type": "Point", "coordinates": [-3.6015664, 37.1498919]}, "properties": {"name": null, "kind": "waste_disposal", "categoria": "reciclaje", "osm_id": "node/10161508637"}}, {"type": "Feature", "geometry": {"type": "Point", "coordinates": [-3.6015896, 37.1498099]}, "properties": {"name": null, "kind": "recycling", "categoria": "reciclaje", "osm_id": "node/10161508638"}}, {"type": "Feature", "geometry": {"type": "Point", "coordinates": [-3.6015841, 37.1498293]}, "properties": {"name": null, "kind": "recycling", "categoria": "reciclaje", "osm_id": "node/10161508639"}}, {"type": "Feature", "geometry": {"type": "Point", "coordinates": [-3.6015783, 37.1498497]}, "properties": {"name": null, "kind": "waste_disposal", "categoria": "reciclaje", "osm_id": "node/10161508640"}}, {"type": "Feature", "geometry": {"type": "Point", "coordinates": [-3.6015723, 37.1498708]}, "properties": {"name": null, "kind": "waste_disposal", "categoria": "reciclaje", "osm_id": "node/10161508641"}}, {"type": "Feature", "geometry": {"type": "Point", "coordinates": [-3.6016405, 37.149625]}, "properties": {"name": null, "kind": "recycling", "categoria": "reciclaje", "osm_id": "node/10161508642"}}, {"type": "Feature", "geometry": {"type": "Point", "coordinates": [-3.6018271, 37.1496737]}, "properties": {"name": null, "kind": "waste_disposal", "categoria": "reciclaje", "osm_id": "node/10161508679"}}, {"type": "Feature", "geometry": {"type": "Point", "coordinates": [-3.6018039, 37.1497563]}, "properties": {"name": null, "kind": "recycling", "categoria": "reciclaje", "osm_id": "node/10161508680"}}, {"type": "Feature", "geometry": {"type": "Point", "coordinates": [-3.6018201, 37.1496986]}, "properties": {"name": null, "kind": "waste_disposal", "categoria": "reciclaje", "osm_id": "node/10161508681"}}, {"type": "Feature", "geometry": {"type": "Point", "coordinates": [-3.601814, 37.1497204]}, "properties": {"name": null, "kind": "recycling", "categoria": "reciclaje", "osm_id": "node/10161508682"}}, {"type": "Feature", "geometry": {"type": "Point", "coordinates": [-3.6018087, 37.1497394]}, "properties": {"name": null, "kind": "recycling", "categoria": "reciclaje", "osm_id": "node/10161508683"}}, {"type": "Feature", "geometry": {"type": "Point", "coordinates": [-3.6065977, 37.1441857]}, "properties": {"name": null, "kind": "waste_disposal", "categoria": "reciclaje", "osm_id": "node/10165715581"}}, {"type": "Feature", "geometry": {"type": "Point", "coordinates": [-3.6064832, 37.144147]}, "properties": {"name": null, "kind": "recycling", "categoria": "reciclaje", "osm_id": "node/10165715582"}}, {"type": "Feature", "geometry": {"type": "Point", "coordinates": [-3.606537, 37.1441652]}, "properties": {"name": null, "kind": "recycling", "categoria": "reciclaje", "osm_id": "node/10165715583"}}, {"type": "Feature", "geometry": {"type": "Point", "coordinates": [-3.6065091, 37.1441558]}, "properties": {"name": null, "kind": "recycling", "categoria": "reciclaje", "osm_id": "node/10165715584"}}, {"type": "Feature", "geometry": {"type": "Point", "coordinates": [-3.6065658, 37.1441749]}, "properties": {"name": null, "kind": "recycling", "categoria": "reciclaje", "osm_id": "node/10165715585"}}, {"type": "Feature", "geometry": {"type": "Point", "coordinates": [-3.6031142, 37.1456704]}, "properties": {"name": null, "kind": "recycling", "categoria": "reciclaje", "osm_id": "node/10165715734"}}, {"type": "Feature", "geometry": {"type": "Point", "coordinates": [-3.603085, 37.1456982]}, "properties": {"name": null, "kind": "recycling", "categoria": "reciclaje", "osm_id": "node/10165715735"}}, {"type": "Feature", "geometry": {"type": "Point", "coordinates": [-3.6030994, 37.1456846]}, "properties": {"name": null, "kind": "waste_disposal", "categoria": "reciclaje", "osm_id": "node/10165715736"}}, {"type": "Feature", "geometry": {"type": "Point", "coordinates": [-3.6049721, 37.1493784]}, "properties": {"name": null, "kind": "recycling", "categoria": "reciclaje", "osm_id": "node/10166338049"}}, {"type": "Feature", "geometry": {"type": "Point", "coordinates": [-3.6050271, 37.1493887]}, "properties": {"name": null, "kind": "waste_disposal", "categoria": "reciclaje", "osm_id": "node/10166338050"}}, {"type": "Feature", "geometry": {"type": "Point", "coordinates": [-3.6049977, 37.1493832]}, "properties": {"name": null, "kind": "recycling", "categoria": "reciclaje", "osm_id": "node/10166338051"}}, {"type": "Feature", "geometry": {"type": "Point", "coordinates": [-3.6045956, 37.1475467]}, "properties": {"name": null, "kind": "recycling", "categoria": "reciclaje", "osm_id": "node/10182120860"}}, {"type": "Feature", "geometry": {"type": "Point", "coordinates": [-3.6045193, 37.1475318]}, "properties": {"name": null, "kind": "waste_disposal", "categoria": "reciclaje", "osm_id": "node/10182120861"}}, {"type": "Feature", "geometry": {"type": "Point", "coordinates": [-3.6045703, 37.1475417]}, "properties": {"name": null, "kind": "recycling", "categoria": "reciclaje", "osm_id": "node/10182120862"}}, {"type": "Feature", "geometry": {"type": "Point", "coordinates": [-3.6045451, 37.1475368]}, "properties": {"name": null, "kind": "recycling", "categoria": "reciclaje", "osm_id": "node/10182120863"}}, {"type": "Feature", "geometry": {"type": "Point", "coordinates": [-3.6015066, 37.1507937]}, "properties": {"name": null, "kind": "waste_disposal", "categoria": "reciclaje", "osm_id": "node/10188084273"}}, {"type": "Feature", "geometry": {"type": "Point", "coordinates": [-3.6015195, 37.1507496]}, "properties": {"name": null, "kind": "recycling", "categoria": "reciclaje", "osm_id": "node/10188084274"}}, {"type": "Feature", "geometry": {"type": "Point", "coordinates": [-3.6015131, 37.1507716]}, "properties": {"name": null, "kind": "recycling", "categoria": "reciclaje", "osm_id": "node/10188084275"}}, {"type": "Feature", "geometry": {"type": "Point", "coordinates": [-3.5968479, 37.1537981]}, "properties": {"name": null, "kind": "recycling", "categoria": "reciclaje", "osm_id": "node/10196570602"}}, {"type": "Feature", "geometry": {"type": "Point", "coordinates": [-3.59686, 37.1537201]}, "properties": {"name": null, "kind": "recycling", "categoria": "reciclaje", "osm_id": "node/10196570603"}}, {"type": "Feature", "geometry": {"type": "Point", "coordinates": [-3.596852, 37.1537713]}, "properties": {"name": null, "kind": "waste_disposal", "categoria": "reciclaje", "osm_id": "node/10196570604"}}, {"type": "Feature", "geometry": {"type": "Point", "coordinates": [-3.5968563, 37.1537438]}, "properties": {"name": null, "kind": "waste_disposal", "categoria": "reciclaje", "osm_id": "node/10196570605"}}, {"type": "Feature", "geometry": {"type": "Point", "coordinates": [-3.5968288, 37.1537395]}, "properties": {"name": null, "kind": "recycling", "categoria": "reciclaje", "osm_id": "node/10196570606"}}, {"type": "Feature", "geometry": {"type": "Point", "coordinates": [-3.594263, 37.1523702]}, "properties": {"name": null, "kind": "recycling", "categoria": "reciclaje", "osm_id": "node/10196590902"}}, {"type": "Feature", "geometry": {"type": "Point", "coordinates": [-3.5970485, 37.1520997]}, "properties": {"name": null, "kind": "recycling", "categoria": "reciclaje", "osm_id": "node/10196590949"}}, {"type": "Feature", "geometry": {"type": "Point", "coordinates": [-3.5970529, 37.1520618]}, "properties": {"name": null, "kind": "waste_disposal", "categoria": "reciclaje", "osm_id": "node/10196590950"}}, {"type": "Feature", "geometry": {"type": "Point", "coordinates": [-3.5970493, 37.1520434]}, "properties": {"name": null, "kind": "recycling", "categoria": "reciclaje", "osm_id": "node/10196590951"}}, {"type": "Feature", "geometry": {"type": "Point", "coordinates": [-3.5970506, 37.1520811]}, "properties": {"name": null, "kind": "recycling", "categoria": "reciclaje", "osm_id": "node/10196590952"}}, {"type": "Feature", "geometry": {"type": "Point", "coordinates": [-3.5969942, 37.1526996]}, "properties": {"name": null, "kind": "waste_disposal", "categoria": "reciclaje", "osm_id": "node/10196590953"}}, {"type": "Feature", "geometry": {"type": "Point", "coordinates": [-3.5970034, 37.1526202]}, "properties": {"name": null, "kind": "recycling", "categoria": "reciclaje", "osm_id": "node/10196590954"}}, {"type": "Feature", "geometry": {"type": "Point", "coordinates": [-3.5970006, 37.1526443]}, "properties": {"name": null, "kind": "recycling", "categoria": "reciclaje", "osm_id": "node/10196590959"}}, {"type": "Feature", "geometry": {"type": "Point", "coordinates": [-3.6004658, 37.1506677]}, "properties": {"name": null, "kind": "recycling", "categoria": "reciclaje", "osm_id": "node/10198924446"}}, {"type": "Feature", "geometry": {"type": "Point", "coordinates": [-3.6004652, 37.1506135]}, "properties": {"name": null, "kind": "recycling", "categoria": "reciclaje", "osm_id": "node/10198924447"}}, {"type": "Feature", "geometry": {"type": "Point", "coordinates": [-3.6004656, 37.1506516]}, "properties": {"name": null, "kind": "waste_disposal", "categoria": "reciclaje", "osm_id": "node/10198924448"}}, {"type": "Feature", "geometry": {"type": "Point", "coordinates": [-3.6004654, 37.1506325]}, "properties": {"name": null, "kind": "recycling", "categoria": "reciclaje", "osm_id": "node/10198924449"}}, {"type": "Feature", "geometry": {"type": "Point", "coordinates": [-3.5961572, 37.2050806]}, "properties": {"name": null, "kind": "recycling", "categoria": "reciclaje", "osm_id": "node/10201644291"}}, {"type": "Feature", "geometry": {"type": "Point", "coordinates": [-3.5961371, 37.2050781]}, "properties": {"name": null, "kind": "recycling", "categoria": "reciclaje", "osm_id": "node/10201644292"}}, {"type": "Feature", "geometry": {"type": "Point", "coordinates": [-3.5963024, 37.2050998]}, "properties": {"name": null, "kind": "waste_disposal", "categoria": "reciclaje", "osm_id": "node/10201644293"}}, {"type": "Feature", "geometry": {"type": "Point", "coordinates": [-3.5966251, 37.1542624]}, "properties": {"name": null, "kind": "recycling", "categoria": "reciclaje", "osm_id": "node/10267018008"}}, {"type": "Feature", "geometry": {"type": "Point", "coordinates": [-3.6124521, 37.1778227]}, "properties": {"name": null, "kind": "recycling", "categoria": "reciclaje", "osm_id": "node/10269787196"}}, {"type": "Feature", "geometry": {"type": "Point", "coordinates": [-3.6124773, 37.1778642]}, "properties": {"name": null, "kind": "recycling", "categoria": "reciclaje", "osm_id": "node/10269787197"}}, {"type": "Feature", "geometry": {"type": "Point", "coordinates": [-3.6124722, 37.1778558]}, "properties": {"name": null, "kind": "recycling", "categoria": "reciclaje", "osm_id": "node/10269787198"}}, {"type": "Feature", "geometry": {"type": "Point", "coordinates": [-3.612463, 37.1778395]}, "properties": {"name": null, "kind": "recycling", "categoria": "reciclaje", "osm_id": "node/10269787206"}}, {"type": "Feature", "geometry": {"type": "Point", "coordinates": [-3.6181455, 37.2052142]}, "properties": {"name": null, "kind": "recycling", "categoria": "reciclaje", "osm_id": "node/10313631058"}}, {"type": "Feature", "geometry": {"type": "Point", "coordinates": [-3.6181358, 37.205207]}, "properties": {"name": null, "kind": "waste_disposal", "categoria": "reciclaje", "osm_id": "node/10313631059"}}, {"type": "Feature", "geometry": {"type": "Point", "coordinates": [-3.6142658, 37.2092165]}, "properties": {"name": null, "kind": "waste_disposal", "categoria": "reciclaje", "osm_id": "node/10314777572"}}, {"type": "Feature", "geometry": {"type": "Point", "coordinates": [-3.6141458, 37.2092768]}, "properties": {"name": null, "kind": "recycling", "categoria": "reciclaje", "osm_id": "node/10314777573"}}, {"type": "Feature", "geometry": {"type": "Point", "coordinates": [-3.6142396, 37.2092297]}, "properties": {"name": null, "kind": "waste_disposal", "categoria": "reciclaje", "osm_id": "node/10314777574"}}, {"type": "Feature", "geometry": {"type": "Point", "coordinates": [-3.6142088, 37.2092451]}, "properties": {"name": null, "kind": "recycling", "categoria": "reciclaje", "osm_id": "node/10314777575"}}, {"type": "Feature", "geometry": {"type": "Point", "coordinates": [-3.6141772, 37.209261]}, "properties": {"name": null, "kind": "recycling", "categoria": "reciclaje", "osm_id": "node/10314777576"}}, {"type": "Feature", "geometry": {"type": "Point", "coordinates": [-3.6187003, 37.207005]}, "properties": {"name": null, "kind": "waste_disposal", "categoria": "reciclaje", "osm_id": "node/10314777614"}}, {"type": "Feature", "geometry": {"type": "Point", "coordinates": [-3.6186363, 37.207037]}, "properties": {"name": null, "kind": "recycling", "categoria": "reciclaje", "osm_id": "node/10314777615"}}, {"type": "Feature", "geometry": {"type": "Point", "coordinates": [-3.6186782, 37.207016]}, "properties": {"name": null, "kind": "recycling", "categoria": "reciclaje", "osm_id": "node/10314777616"}}, {"type": "Feature", "geometry": {"type": "Point", "coordinates": [-3.6186556, 37.2070273]}, "properties": {"name": null, "kind": "recycling", "categoria": "reciclaje", "osm_id": "node/10314777617"}}, {"type": "Feature", "geometry": {"type": "Point", "coordinates": [-3.6052899, 37.1910555]}, "properties": {"name": null, "kind": "recycling", "categoria": "reciclaje", "osm_id": "node/10536460408"}}, {"type": "Feature", "geometry": {"type": "Point", "coordinates": [-3.6053548, 37.1911351]}, "properties": {"name": null, "kind": "recycling", "categoria": "reciclaje", "osm_id": "node/10536460409"}}, {"type": "Feature", "geometry": {"type": "Point", "coordinates": [-3.6053382, 37.1911147]}, "properties": {"name": null, "kind": "recycling", "categoria": "reciclaje", "osm_id": "node/10536460410"}}, {"type": "Feature", "geometry": {"type": "Point", "coordinates": [-3.6053217, 37.1910944]}, "properties": {"name": null, "kind": "waste_disposal", "categoria": "reciclaje", "osm_id": "node/10536460411"}}, {"type": "Feature", "geometry": {"type": "Point", "coordinates": [-3.605304, 37.1910727]}, "properties": {"name": null, "kind": "waste_disposal", "categoria": "reciclaje", "osm_id": "node/10536460412"}}, {"type": "Feature", "geometry": {"type": "Point", "coordinates": [-3.6032993, 37.1469447]}, "properties": {"name": null, "kind": "recycling", "categoria": "reciclaje", "osm_id": "node/10536957076"}}, {"type": "Feature", "geometry": {"type": "Point", "coordinates": [-3.603313, 37.1469576]}, "properties": {"name": null, "kind": "waste_disposal", "categoria": "reciclaje", "osm_id": "node/10536957077"}}, {"type": "Feature", "geometry": {"type": "Point", "coordinates": [-3.603244, 37.1468925]}, "properties": {"name": null, "kind": "recycling", "categoria": "reciclaje", "osm_id": "node/10536957078"}}, {"type": "Feature", "geometry": {"type": "Point", "coordinates": [-3.6100702, 37.2117027]}, "properties": {"name": null, "kind": "recycling", "categoria": "reciclaje", "osm_id": "node/10559278318"}}, {"type": "Feature", "geometry": {"type": "Point", "coordinates": [-3.6100534, 37.2115945]}, "properties": {"name": null, "kind": "waste_disposal", "categoria": "reciclaje", "osm_id": "node/10559278319"}}, {"type": "Feature", "geometry": {"type": "Point", "coordinates": [-3.6100639, 37.2116625]}, "properties": {"name": null, "kind": "recycling", "categoria": "reciclaje", "osm_id": "node/10559278320"}}, {"type": "Feature", "geometry": {"type": "Point", "coordinates": [-3.610067, 37.2116824]}, "properties": {"name": null, "kind": "recycling", "categoria": "reciclaje", "osm_id": "node/10559278321"}}, {"type": "Feature", "geometry": {"type": "Point", "coordinates": [-3.6100608, 37.2116422]}, "properties": {"name": null, "kind": "waste_disposal", "categoria": "reciclaje", "osm_id": "node/10559278322"}}, {"type": "Feature", "geometry": {"type": "Point", "coordinates": [-3.6100572, 37.2116193]}, "properties": {"name": null, "kind": "waste_disposal", "categoria": "reciclaje", "osm_id": "node/10559278323"}}, {"type": "Feature", "geometry": {"type": "Point", "coordinates": [-3.5698246, 37.1646414]}, "properties": {"name": null, "kind": "waste_disposal", "categoria": "reciclaje", "osm_id": "node/10561763034"}}, {"type": "Feature", "geometry": {"type": "Point", "coordinates": [-3.5698776, 37.1645859]}, "properties": {"name": null, "kind": "recycling", "categoria": "reciclaje", "osm_id": "node/10561763035"}}, {"type": "Feature", "geometry": {"type": "Point", "coordinates": [-3.5698618, 37.1646024]}, "properties": {"name": null, "kind": "recycling", "categoria": "reciclaje", "osm_id": "node/10561763036"}}, {"type": "Feature", "geometry": {"type": "Point", "coordinates": [-3.5698435, 37.1646216]}, "properties": {"name": null, "kind": "recycling", "categoria": "reciclaje", "osm_id": "node/10561763037"}}, {"type": "Feature", "geometry": {"type": "Point", "coordinates": [-3.5963271, 37.1597237]}, "properties": {"name": null, "kind": "recycling", "categoria": "reciclaje", "osm_id": "node/10567548578"}}, {"type": "Feature", "geometry": {"type": "Point", "coordinates": [-3.5788089, 37.1706475]}, "properties": {"name": null, "kind": "recycling", "categoria": "reciclaje", "osm_id": "node/10567776931"}}, {"type": "Feature", "geometry": {"type": "Point", "coordinates": [-3.5788134, 37.1706258]}, "properties": {"name": null, "kind": "waste_disposal", "categoria": "reciclaje", "osm_id": "node/10567776932"}}, {"type": "Feature", "geometry": {"type": "Point", "coordinates": [-3.5788257, 37.170631]}, "properties": {"name": null, "kind": "waste_disposal", "categoria": "reciclaje", "osm_id": "node/10567776933"}}, {"type": "Feature", "geometry": {"type": "Point", "coordinates": [-3.5788373, 37.1706377]}, "properties": {"name": null, "kind": "waste_disposal", "categoria": "reciclaje", "osm_id": "node/10567776934"}}, {"type": "Feature", "geometry": {"type": "Point", "coordinates": [-3.5953076, 37.1731118]}, "properties": {"name": null, "kind": "recycling", "categoria": "reciclaje", "osm_id": "node/10591809781"}}, {"type": "Feature", "geometry": {"type": "Point", "coordinates": [-3.5914861, 37.1826658]}, "properties": {"name": null, "kind": "recycling", "categoria": "reciclaje", "osm_id": "node/10695206305"}}, {"type": "Feature", "geometry": {"type": "Point", "coordinates": [-3.5889158, 37.1817217]}, "properties": {"name": null, "kind": "recycling", "categoria": "reciclaje", "osm_id": "node/10695220707"}}, {"type": "Feature", "geometry": {"type": "Point", "coordinates": [-3.5958794, 37.1769535]}, "properties": {"name": null, "kind": "recycling", "categoria": "reciclaje", "osm_id": "node/10695301510"}}, {"type": "Feature", "geometry": {"type": "Point", "coordinates": [-3.5982738, 37.1774956]}, "properties": {"name": null, "kind": "recycling", "categoria": "reciclaje", "osm_id": "node/10695451605"}}, {"type": "Feature", "geometry": {"type": "Point", "coordinates": [-3.6017657, 37.1790378]}, "properties": {"name": null, "kind": "recycling", "categoria": "reciclaje", "osm_id": "node/10697679905"}}, {"type": "Feature", "geometry": {"type": "Point", "coordinates": [-3.6252572, 37.1988524]}, "properties": {"name": null, "kind": "waste_disposal", "categoria": "reciclaje", "osm_id": "node/10743090154"}}, {"type": "Feature", "geometry": {"type": "Point", "coordinates": [-3.6252693, 37.1988735]}, "properties": {"name": null, "kind": "recycling", "categoria": "reciclaje", "osm_id": "node/10743090155"}}, {"type": "Feature", "geometry": {"type": "Point", "coordinates": [-3.6252816, 37.1988951]}, "properties": {"name": null, "kind": "recycling", "categoria": "reciclaje", "osm_id": "node/10743090156"}}, {"type": "Feature", "geometry": {"type": "Point", "coordinates": [-3.6256289, 37.1994901]}, "properties": {"name": null, "kind": "recycling", "categoria": "reciclaje", "osm_id": "node/10743090157"}}, {"type": "Feature", "geometry": {"type": "Point", "coordinates": [-3.6256045, 37.1994493]}, "properties": {"name": null, "kind": "waste_disposal", "categoria": "reciclaje", "osm_id": "node/10743090158"}}, {"type": "Feature", "geometry": {"type": "Point", "coordinates": [-3.6256169, 37.1994701]}, "properties": {"name": null, "kind": "recycling", "categoria": "reciclaje", "osm_id": "node/10743090159"}}, {"type": "Feature", "geometry": {"type": "Point", "coordinates": [-3.6244282, 37.1999504]}, "properties": {"name": null, "kind": "waste_disposal", "categoria": "reciclaje", "osm_id": "node/10743090174"}}, {"type": "Feature", "geometry": {"type": "Point", "coordinates": [-3.6243609, 37.1998523]}, "properties": {"name": null, "kind": "recycling", "categoria": "reciclaje", "osm_id": "node/10743090175"}}, {"type": "Feature", "geometry": {"type": "Point", "coordinates": [-3.6244169, 37.1999348]}, "properties": {"name": null, "kind": "waste_disposal", "categoria": "reciclaje", "osm_id": "node/10743090176"}}, {"type": "Feature", "geometry": {"type": "Point", "coordinates": [-3.6244057, 37.1999194]}, "properties": {"name": null, "kind": "recycling", "categoria": "reciclaje", "osm_id": "node/10743090177"}}, {"type": "Feature", "geometry": {"type": "Point", "coordinates": [-3.624391, 37.1998992]}, "properties": {"name": null, "kind": "recycling", "categoria": "reciclaje", "osm_id": "node/10743090178"}}, {"type": "Feature", "geometry": {"type": "Point", "coordinates": [-3.6243772, 37.1998801]}, "properties": {"name": null, "kind": "recycling", "categoria": "reciclaje", "osm_id": "node/10743090179"}}, {"type": "Feature", "geometry": {"type": "Point", "coordinates": [-3.6243683, 37.1998675]}, "properties": {"name": null, "kind": "recycling", "categoria": "reciclaje", "osm_id": "node/10743090180"}}, {"type": "Feature", "geometry": {"type": "Point", "coordinates": [-3.6243529, 37.199836]}, "properties": {"name": null, "kind": "recycling", "categoria": "reciclaje", "osm_id": "node/10743090181"}}, {"type": "Feature", "geometry": {"type": "Point", "coordinates": [-3.608445, 37.178729]}, "properties": {"name": null, "kind": "recycling", "categoria": "reciclaje", "osm_id": "node/10855985715"}}, {"type": "Feature", "geometry": {"type": "Point", "coordinates": [-3.6076806, 37.1782266]}, "properties": {"name": null, "kind": "recycling", "categoria": "reciclaje", "osm_id": "node/10855985756"}}, {"type": "Feature", "geometry": {"type": "Point", "coordinates": [-3.6026808, 37.1719543]}, "properties": {"name": null, "kind": "recycling", "categoria": "reciclaje", "osm_id": "node/10860130377"}}, {"type": "Feature", "geometry": {"type": "Point", "coordinates": [-3.5912031, 37.1817986]}, "properties": {"name": null, "kind": "waste_disposal", "categoria": "reciclaje", "osm_id": "node/10885778520"}}, {"type": "Feature", "geometry": {"type": "Point", "coordinates": [-3.5911745, 37.1818551]}, "properties": {"name": null, "kind": "recycling", "categoria": "reciclaje", "osm_id": "node/10885778522"}}, {"type": "Feature", "geometry": {"type": "Point", "coordinates": [-3.5911815, 37.1818412]}, "properties": {"name": null, "kind": "recycling", "categoria": "reciclaje", "osm_id": "node/10885778523"}}, {"type": "Feature", "geometry": {"type": "Point", "coordinates": [-3.591198, 37.181809]}, "properties": {"name": null, "kind": "waste_disposal", "categoria": "reciclaje", "osm_id": "node/10885778524"}}, {"type": "Feature", "geometry": {"type": "Point", "coordinates": [-3.5911934, 37.1818182]}, "properties": {"name": null, "kind": "waste_disposal", "categoria": "reciclaje", "osm_id": "node/10885778525"}}, {"type": "Feature", "geometry": {"type": "Point", "coordinates": [-3.6233879, 37.1981324]}, "properties": {"name": null, "kind": "waste_disposal", "categoria": "reciclaje", "osm_id": "node/10921341095"}}, {"type": "Feature", "geometry": {"type": "Point", "coordinates": [-3.6233628, 37.198087]}, "properties": {"name": null, "kind": "recycling", "categoria": "reciclaje", "osm_id": "node/10921341096"}}, {"type": "Feature", "geometry": {"type": "Point", "coordinates": [-3.6233739, 37.198107]}, "properties": {"name": null, "kind": "recycling", "categoria": "reciclaje", "osm_id": "node/10921341097"}}, {"type": "Feature", "geometry": {"type": "Point", "coordinates": [-3.6233688, 37.1975142]}, "properties": {"name": null, "kind": "recycling", "categoria": "reciclaje", "osm_id": "node/10921341098"}}, {"type": "Feature", "geometry": {"type": "Point", "coordinates": [-3.6232874, 37.1975103]}, "properties": {"name": null, "kind": "waste_disposal", "categoria": "reciclaje", "osm_id": "node/10921341099"}}, {"type": "Feature", "geometry": {"type": "Point", "coordinates": [-3.6233411, 37.1975129]}, "properties": {"name": null, "kind": "recycling", "categoria": "reciclaje", "osm_id": "node/10921341100"}}, {"type": "Feature", "geometry": {"type": "Point", "coordinates": [-3.6233126, 37.1975115]}, "properties": {"name": null, "kind": "recycling", "categoria": "reciclaje", "osm_id": "node/10921341101"}}, {"type": "Feature", "geometry": {"type": "Point", "coordinates": [-3.606367, 37.1531224]}, "properties": {"name": null, "kind": "recycling", "categoria": "reciclaje", "osm_id": "node/10945818993"}}, {"type": "Feature", "geometry": {"type": "Point", "coordinates": [-3.6063981, 37.1530709]}, "properties": {"name": null, "kind": "waste_disposal", "categoria": "reciclaje", "osm_id": "node/10945818994"}}, {"type": "Feature", "geometry": {"type": "Point", "coordinates": [-3.6063764, 37.1531068]}, "properties": {"name": null, "kind": "recycling", "categoria": "reciclaje", "osm_id": "node/10945818995"}}, {"type": "Feature", "geometry": {"type": "Point", "coordinates": [-3.6063866, 37.15309]}, "properties": {"name": null, "kind": "recycling", "categoria": "reciclaje", "osm_id": "node/10945818996"}}, {"type": "Feature", "geometry": {"type": "Point", "coordinates": [-3.6060155, 37.1543585]}, "properties": {"name": null, "kind": "recycling", "categoria": "reciclaje", "osm_id": "node/10945994438"}}, {"type": "Feature", "geometry": {"type": "Point", "coordinates": [-3.6120384, 37.1788017]}, "properties": {"name": null, "kind": "recycling", "categoria": "reciclaje", "osm_id": "node/11022975564"}}, {"type": "Feature", "geometry": {"type": "Point", "coordinates": [-3.6050832, 37.152783]}, "properties": {"name": null, "kind": "recycling", "categoria": "reciclaje", "osm_id": "node/11032226031"}}, {"type": "Feature", "geometry": {"type": "Point", "coordinates": [-3.6050374, 37.1528499]}, "properties": {"name": null, "kind": "waste_disposal", "categoria": "reciclaje", "osm_id": "node/11032226032"}}, {"type": "Feature", "geometry": {"type": "Point", "coordinates": [-3.6050703, 37.1528018]}, "properties": {"name": null, "kind": "recycling", "categoria": "reciclaje", "osm_id": "node/11032226033"}}, {"type": "Feature", "geometry": {"type": "Point", "coordinates": [-3.6050579, 37.15282]}, "properties": {"name": null, "kind": "waste_disposal", "categoria": "reciclaje", "osm_id": "node/11032226034"}}, {"type": "Feature", "geometry": {"type": "Point", "coordinates": [-3.6050475, 37.1528351]}, "properties": {"name": null, "kind": "waste_disposal", "categoria": "reciclaje", "osm_id": "node/11032226035"}}, {"type": "Feature", "geometry": {"type": "Point", "coordinates": [-3.6050252, 37.1528763]}, "properties": {"name": null, "kind": "recycling", "categoria": "reciclaje", "osm_id": "node/11032226036"}}, {"type": "Feature", "geometry": {"type": "Point", "coordinates": [-3.6053657, 37.1522761]}, "properties": {"name": null, "kind": "recycling", "categoria": "reciclaje", "osm_id": "node/11032226037"}}, {"type": "Feature", "geometry": {"type": "Point", "coordinates": [-3.605357, 37.1522946]}, "properties": {"name": null, "kind": "recycling", "categoria": "reciclaje", "osm_id": "node/11032226038"}}, {"type": "Feature", "geometry": {"type": "Point", "coordinates": [-3.6053479, 37.1523136]}, "properties": {"name": null, "kind": "waste_disposal", "categoria": "reciclaje", "osm_id": "node/11032226039"}}, {"type": "Feature", "geometry": {"type": "Point", "coordinates": [-3.6053394, 37.1523318]}, "properties": {"name": null, "kind": "waste_disposal", "categoria": "reciclaje", "osm_id": "node/11032226040"}}, {"type": "Feature", "geometry": {"type": "Point", "coordinates": [-3.6053308, 37.1523499]}, "properties": {"name": null, "kind": "recycling", "categoria": "reciclaje", "osm_id": "node/11032226041"}}, {"type": "Feature", "geometry": {"type": "Point", "coordinates": [-3.6115035, 37.1777681]}, "properties": {"name": null, "kind": "recycling", "categoria": "reciclaje", "osm_id": "node/11034439748"}}, {"type": "Feature", "geometry": {"type": "Point", "coordinates": [-3.6132744, 37.178864]}, "properties": {"name": null, "kind": "recycling", "categoria": "reciclaje", "osm_id": "node/11049830805"}}, {"type": "Feature", "geometry": {"type": "Point", "coordinates": [-3.6133031, 37.1788733]}, "properties": {"name": null, "kind": "recycling", "categoria": "reciclaje", "osm_id": "node/11049830806"}}, {"type": "Feature", "geometry": {"type": "Point", "coordinates": [-3.613327, 37.1788812]}, "properties": {"name": null, "kind": "waste_disposal", "categoria": "reciclaje", "osm_id": "node/11049830807"}}, {"type": "Feature", "geometry": {"type": "Point", "coordinates": [-3.61335, 37.1788887]}, "properties": {"name": null, "kind": "recycling", "categoria": "reciclaje", "osm_id": "node/11049830808"}}, {"type": "Feature", "geometry": {"type": "Point", "coordinates": [-3.614196, 37.1791654]}, "properties": {"name": null, "kind": "recycling", "categoria": "reciclaje", "osm_id": "node/11049830841"}}, {"type": "Feature", "geometry": {"type": "Point", "coordinates": [-3.6142213, 37.1791737]}, "properties": {"name": null, "kind": "recycling", "categoria": "reciclaje", "osm_id": "node/11049830842"}}, {"type": "Feature", "geometry": {"type": "Point", "coordinates": [-3.6142432, 37.1791808]}, "properties": {"name": null, "kind": "waste_disposal", "categoria": "reciclaje", "osm_id": "node/11049830843"}}, {"type": "Feature", "geometry": {"type": "Point", "coordinates": [-3.6142651, 37.179188]}, "properties": {"name": null, "kind": "waste_disposal", "categoria": "reciclaje", "osm_id": "node/11049830844"}}, {"type": "Feature", "geometry": {"type": "Point", "coordinates": [-3.5868125, 37.1556788]}, "properties": {"name": null, "kind": "recycling", "categoria": "reciclaje", "osm_id": "node/11160284861"}}, {"type": "Feature", "geometry": {"type": "Point", "coordinates": [-3.5868738, 37.1556491]}, "properties": {"name": null, "kind": "recycling", "categoria": "reciclaje", "osm_id": "node/11160284862"}}, {"type": "Feature", "geometry": {"type": "Point", "coordinates": [-3.5868534, 37.155659]}, "properties": {"name": null, "kind": "waste_disposal", "categoria": "reciclaje", "osm_id": "node/11160284863"}}, {"type": "Feature", "geometry": {"type": "Point", "coordinates": [-3.586833, 37.1556689]}, "properties": {"name": null, "kind": "recycling", "categoria": "reciclaje", "osm_id": "node/11160284864"}}, {"type": "Feature", "geometry": {"type": "Point", "coordinates": [-3.5878117, 37.1552579]}, "properties": {"name": null, "kind": "waste_disposal", "categoria": "reciclaje", "osm_id": "node/11160284865"}}, {"type": "Feature", "geometry": {"type": "Point", "coordinates": [-3.5877285, 37.1552991]}, "properties": {"name": null, "kind": "waste_disposal", "categoria": "reciclaje", "osm_id": "node/11160284866"}}, {"type": "Feature", "geometry": {"type": "Point", "coordinates": [-3.5877493, 37.1552888]}, "properties": {"name": null, "kind": "recycling", "categoria": "reciclaje", "osm_id": "node/11160284867"}}, {"type": "Feature", "geometry": {"type": "Point", "coordinates": [-3.5877701, 37.1552785]}, "properties": {"name": null, "kind": "recycling", "categoria": "reciclaje", "osm_id": "node/11160284868"}}, {"type": "Feature", "geometry": {"type": "Point", "coordinates": [-3.5877909, 37.1552682]}, "properties": {"name": null, "kind": "recycling", "categoria": "reciclaje", "osm_id": "node/11160284869"}}, {"type": "Feature", "geometry": {"type": "Point", "coordinates": [-3.5963243, 37.1591715]}, "properties": {"name": null, "kind": "recycling", "categoria": "reciclaje", "osm_id": "node/11207121708"}}, {"type": "Feature", "geometry": {"type": "Point", "coordinates": [-3.5963126, 37.1591909]}, "properties": {"name": null, "kind": "recycling", "categoria": "reciclaje", "osm_id": "node/11207121709"}}, {"type": "Feature", "geometry": {"type": "Point", "coordinates": [-3.5963355, 37.1591984]}, "properties": {"name": null, "kind": "recycling", "categoria": "reciclaje", "osm_id": "node/11207121710"}}, {"type": "Feature", "geometry": {"type": "Point", "coordinates": [-3.5997438, 37.1609861]}, "properties": {"name": null, "kind": "recycling", "categoria": "reciclaje", "osm_id": "node/11217622774"}}, {"type": "Feature", "geometry": {"type": "Point", "coordinates": [-3.5929131, 37.1815318]}, "properties": {"name": null, "kind": "waste_disposal", "categoria": "reciclaje", "osm_id": "node/11346151420"}}, {"type": "Feature", "geometry": {"type": "Point", "coordinates": [-3.5929639, 37.1816202]}, "properties": {"name": null, "kind": "recycling", "categoria": "reciclaje", "osm_id": "node/11346151421"}}, {"type": "Feature", "geometry": {"type": "Point", "coordinates": [-3.5929552, 37.1816051]}, "properties": {"name": null, "kind": "recycling", "categoria": "reciclaje", "osm_id": "node/11346151422"}}, {"type": "Feature", "geometry": {"type": "Point", "coordinates": [-3.5929468, 37.1815905]}, "properties": {"name": null, "kind": "recycling", "categoria": "reciclaje", "osm_id": "node/11346151423"}}, {"type": "Feature", "geometry": {"type": "Point", "coordinates": [-3.5929193, 37.1815426]}, "properties": {"name": null, "kind": "waste_disposal", "categoria": "reciclaje", "osm_id": "node/11346151424"}}, {"type": "Feature", "geometry": {"type": "Point", "coordinates": [-3.5929253, 37.1815531]}, "properties": {"name": null, "kind": "waste_disposal", "categoria": "reciclaje", "osm_id": "node/11346151425"}}, {"type": "Feature", "geometry": {"type": "Point", "coordinates": [-3.592931, 37.181563]}, "properties": {"name": null, "kind": "waste_disposal", "categoria": "reciclaje", "osm_id": "node/11346151426"}}, {"type": "Feature", "geometry": {"type": "Point", "coordinates": [-3.5928999, 37.181664]}, "properties": {"name": null, "kind": "recycling", "categoria": "reciclaje", "osm_id": "node/11346151427"}}, {"type": "Feature", "geometry": {"type": "Point", "coordinates": [-3.5928827, 37.1816613]}, "properties": {"name": null, "kind": "recycling", "categoria": "reciclaje", "osm_id": "node/11346151428"}}, {"type": "Feature", "geometry": {"type": "Point", "coordinates": [-3.6098024, 37.1582187]}, "properties": {"name": null, "kind": "waste_disposal", "categoria": "reciclaje", "osm_id": "node/11348145664"}}, {"type": "Feature", "geometry": {"type": "Point", "coordinates": [-3.6097041, 37.158333]}, "properties": {"name": null, "kind": "recycling", "categoria": "reciclaje", "osm_id": "node/11348145665"}}, {"type": "Feature", "geometry": {"type": "Point", "coordinates": [-3.60979, 37.158233]}, "properties": {"name": null, "kind": "waste_disposal", "categoria": "reciclaje", "osm_id": "node/11348145666"}}, {"type": "Feature", "geometry": {"type": "Point", "coordinates": [-3.6097786, 37.1582463]}, "properties": {"name": null, "kind": "recycling", "categoria": "reciclaje", "osm_id": "node/11348145667"}}, {"type": "Feature", "geometry": {"type": "Point", "coordinates": [-3.6097644, 37.1582629]}, "properties": {"name": null, "kind": "recycling", "categoria": "reciclaje", "osm_id": "node/11348145668"}}, {"type": "Feature", "geometry": {"type": "Point", "coordinates": [-3.6097495, 37.1582801]}, "properties": {"name": null, "kind": "recycling", "categoria": "reciclaje", "osm_id": "node/11348145669"}}, {"type": "Feature", "geometry": {"type": "Point", "coordinates": [-3.6097355, 37.1582965]}, "properties": {"name": null, "kind": "recycling", "categoria": "reciclaje", "osm_id": "node/11348145670"}}, {"type": "Feature", "geometry": {"type": "Point", "coordinates": [-3.6097196, 37.158315]}, "properties": {"name": null, "kind": "recycling", "categoria": "reciclaje", "osm_id": "node/11348145671"}}, {"type": "Feature", "geometry": {"type": "Point", "coordinates": [-3.6274241, 37.199629]}, "properties": {"name": null, "kind": "waste_disposal", "categoria": "reciclaje", "osm_id": "node/11387535911"}}, {"type": "Feature", "geometry": {"type": "Point", "coordinates": [-3.6274447, 37.1996189]}, "properties": {"name": null, "kind": "recycling", "categoria": "reciclaje", "osm_id": "node/11391683652"}}, {"type": "Feature", "geometry": {"type": "Point", "coordinates": [-3.6274651, 37.199609]}, "properties": {"name": null, "kind": "recycling", "categoria": "reciclaje", "osm_id": "node/11391683653"}}, {"type": "Feature", "geometry": {"type": "Point", "coordinates": [-3.6274851, 37.1995992]}, "properties": {"name": null, "kind": "recycling", "categoria": "reciclaje", "osm_id": "node/11391683654"}}, {"type": "Feature", "geometry": {"type": "Point", "coordinates": [-3.609888, 37.1870004]}, "properties": {"name": null, "kind": "recycling", "categoria": "reciclaje", "osm_id": "node/11428556444"}}, {"type": "Feature", "geometry": {"type": "Point", "coordinates": [-3.5792733, 37.1580561]}, "properties": {"name": null, "kind": "recycling", "categoria": "reciclaje", "osm_id": "node/11428621820"}}, {"type": "Feature", "geometry": {"type": "Point", "coordinates": [-3.5791666, 37.1580241]}, "properties": {"name": null, "kind": "recycling", "categoria": "reciclaje", "osm_id": "node/11428621821"}}, {"type": "Feature", "geometry": {"type": "Point", "coordinates": [-3.5792461, 37.1580479]}, "properties": {"name": null, "kind": "waste_disposal", "categoria": "reciclaje", "osm_id": "node/11428621822"}}, {"type": "Feature", "geometry": {"type": "Point", "coordinates": [-3.5792192, 37.1580399]}, "properties": {"name": null, "kind": "recycling", "categoria": "reciclaje", "osm_id": "node/11428621823"}}, {"type": "Feature", "geometry": {"type": "Point", "coordinates": [-3.5791929, 37.158032]}, "properties": {"name": null, "kind": "recycling", "categoria": "reciclaje", "osm_id": "node/11428621824"}}, {"type": "Feature", "geometry": {"type": "Point", "coordinates": [-3.6138354, 37.1827499]}, "properties": {"name": null, "kind": "recycling", "categoria": "reciclaje", "osm_id": "node/11469065434"}}, {"type": "Feature", "geometry": {"type": "Point", "coordinates": [-3.6134167, 37.1828469]}, "properties": {"name": null, "kind": "recycling", "categoria": "reciclaje", "osm_id": "node/11469065435"}}, {"type": "Feature", "geometry": {"type": "Point", "coordinates": [-3.5953486, 37.1730083]}, "properties": {"name": null, "kind": "recycling", "categoria": "reciclaje", "osm_id": "node/11638362114"}}, {"type": "Feature", "geometry": {"type": "Point", "coordinates": [-3.5774658, 37.159242]}, "properties": {"name": null, "kind": "recycling", "categoria": "reciclaje", "osm_id": "node/11918133211"}}, {"type": "Feature", "geometry": {"type": "Point", "coordinates": [-3.577443, 37.1592407]}, "properties": {"name": null, "kind": "recycling", "categoria": "reciclaje", "osm_id": "node/11918143107"}}, {"type": "Feature", "geometry": {"type": "Point", "coordinates": [-3.5774184, 37.159243]}, "properties": {"name": null, "kind": "waste_disposal", "categoria": "reciclaje", "osm_id": "node/11918163838"}}, {"type": "Feature", "geometry": {"type": "Point", "coordinates": [-3.5773145, 37.1592455]}, "properties": {"name": null, "kind": "recycling", "categoria": "reciclaje", "osm_id": "node/11918172144"}}, {"type": "Feature", "geometry": {"type": "Point", "coordinates": [-3.5760559, 37.1568421]}, "properties": {"name": null, "kind": "recycling", "categoria": "reciclaje", "osm_id": "node/11918174733"}}, {"type": "Feature", "geometry": {"type": "Point", "coordinates": [-3.5760317, 37.1568356]}, "properties": {"name": null, "kind": "recycling", "categoria": "reciclaje", "osm_id": "node/11918174734"}}, {"type": "Feature", "geometry": {"type": "Point", "coordinates": [-3.5760038, 37.1568309]}, "properties": {"name": null, "kind": "waste_disposal", "categoria": "reciclaje", "osm_id": "node/11918174735"}}, {"type": "Feature", "geometry": {"type": "Point", "coordinates": [-3.5770121, 37.1572085]}, "properties": {"name": null, "kind": "waste_disposal", "categoria": "reciclaje", "osm_id": "node/11918177102"}}, {"type": "Feature", "geometry": {"type": "Point", "coordinates": [-3.5769845, 37.1572013]}, "properties": {"name": null, "kind": "recycling", "categoria": "reciclaje", "osm_id": "node/11918177103"}}, {"type": "Feature", "geometry": {"type": "Point", "coordinates": [-3.5769617, 37.1571916]}, "properties": {"name": null, "kind": "recycling", "categoria": "reciclaje", "osm_id": "node/11918177104"}}, {"type": "Feature", "geometry": {"type": "Point", "coordinates": [-3.577903, 37.1575533]}, "properties": {"name": null, "kind": "recycling", "categoria": "reciclaje", "osm_id": "node/11918186297"}}, {"type": "Feature", "geometry": {"type": "Point", "coordinates": [-3.5779221, 37.1575634]}, "properties": {"name": null, "kind": "recycling", "categoria": "reciclaje", "osm_id": "node/11918186298"}}, {"type": "Feature", "geometry": {"type": "Point", "coordinates": [-3.5778527, 37.157542]}, "properties": {"name": null, "kind": "recycling", "categoria": "reciclaje", "osm_id": "node/11918186299"}}, {"type": "Feature", "geometry": {"type": "Point", "coordinates": [-3.5778768, 37.1575454]}, "properties": {"name": null, "kind": "waste_disposal", "categoria": "reciclaje", "osm_id": "node/11918186300"}}, {"type": "Feature", "geometry": {"type": "Point", "coordinates": [-3.5754395, 37.1565968]}, "properties": {"name": null, "kind": "recycling", "categoria": "reciclaje", "osm_id": "node/11918186791"}}, {"type": "Feature", "geometry": {"type": "Point", "coordinates": [-3.5754142, 37.1565869]}, "properties": {"name": null, "kind": "recycling", "categoria": "reciclaje", "osm_id": "node/11918186792"}}, {"type": "Feature", "geometry": {"type": "Point", "coordinates": [-3.5753901, 37.1565814]}, "properties": {"name": null, "kind": "waste_disposal", "categoria": "reciclaje", "osm_id": "node/11918186793"}}, {"type": "Feature", "geometry": {"type": "Point", "coordinates": [-3.5761326, 37.1582454]}, "properties": {"name": null, "kind": "recycling", "categoria": "reciclaje", "osm_id": "node/11918187655"}}, {"type": "Feature", "geometry": {"type": "Point", "coordinates": [-3.5761151, 37.1582275]}, "properties": {"name": null, "kind": "recycling", "categoria": "reciclaje", "osm_id": "node/11918187656"}}, {"type": "Feature", "geometry": {"type": "Point", "coordinates": [-3.5760987, 37.1582113]}, "properties": {"name": null, "kind": "waste_disposal", "categoria": "reciclaje", "osm_id": "node/11918187657"}}, {"type": "Feature", "geometry": {"type": "Point", "coordinates": [-3.5767855, 37.1564699]}, "properties": {"name": null, "kind": "recycling", "categoria": "reciclaje", "osm_id": "node/11933212829"}}, {"type": "Feature", "geometry": {"type": "Point", "coordinates": [-3.5767559, 37.1564597]}, "properties": {"name": null, "kind": "recycling", "categoria": "reciclaje", "osm_id": "node/11933212830"}}, {"type": "Feature", "geometry": {"type": "Point", "coordinates": [-3.5767318, 37.1564516]}, "properties": {"name": null, "kind": "recycling", "categoria": "reciclaje", "osm_id": "node/11933212831"}}, {"type": "Feature", "geometry": {"type": "Point", "coordinates": [-3.5767112, 37.1564367]}, "properties": {"name": null, "kind": "waste_disposal", "categoria": "reciclaje", "osm_id": "node/11933212832"}}, {"type": "Feature", "geometry": {"type": "Point", "coordinates": [-3.5739806, 37.1549697]}, "properties": {"name": null, "kind": "recycling", "categoria": "reciclaje", "osm_id": "node/11933225425"}}, {"type": "Feature", "geometry": {"type": "Point", "coordinates": [-3.5740022, 37.1550017]}, "properties": {"name": null, "kind": "recycling", "categoria": "reciclaje", "osm_id": "node/11933225426"}}, {"type": "Feature", "geometry": {"type": "Point", "coordinates": [-3.5740145, 37.1550279]}, "properties": {"name": null, "kind": "recycling", "categoria": "reciclaje", "osm_id": "node/11933225427"}}, {"type": "Feature", "geometry": {"type": "Point", "coordinates": [-3.5740304, 37.1550495]}, "properties": {"name": null, "kind": "waste_disposal", "categoria": "reciclaje", "osm_id": "node/11933225428"}}, {"type": "Feature", "geometry": {"type": "Point", "coordinates": [-3.5786678, 37.1573537]}, "properties": {"name": null, "kind": "recycling", "categoria": "reciclaje", "osm_id": "node/11933277289"}}, {"type": "Feature", "geometry": {"type": "Point", "coordinates": [-3.5786966, 37.1573693]}, "properties": {"name": null, "kind": "recycling", "categoria": "reciclaje", "osm_id": "node/11933277290"}}, {"type": "Feature", "geometry": {"type": "Point", "coordinates": [-3.5787207, 37.1573817]}, "properties": {"name": null, "kind": "waste_disposal", "categoria": "reciclaje", "osm_id": "node/11933277291"}}, {"type": "Feature", "geometry": {"type": "Point", "coordinates": [-3.5768239, 37.1557844]}, "properties": {"name": null, "kind": "recycling", "categoria": "reciclaje", "osm_id": "node/11933279316"}}, {"type": "Feature", "geometry": {"type": "Point", "coordinates": [-3.5767998, 37.1557793]}, "properties": {"name": null, "kind": "recycling", "categoria": "reciclaje", "osm_id": "node/11933279317"}}, {"type": "Feature", "geometry": {"type": "Point", "coordinates": [-3.5767768, 37.1557661]}, "properties": {"name": null, "kind": "waste_disposal", "categoria": "reciclaje", "osm_id": "node/11933279318"}}, {"type": "Feature", "geometry": {"type": "Point", "coordinates": [-3.5755952, 37.1552067]}, "properties": {"name": null, "kind": "recycling", "categoria": "reciclaje", "osm_id": "node/11933284403"}}, {"type": "Feature", "geometry": {"type": "Point", "coordinates": [-3.5755718, 37.1551968]}, "properties": {"name": null, "kind": "recycling", "categoria": "reciclaje", "osm_id": "node/11933284404"}}, {"type": "Feature", "geometry": {"type": "Point", "coordinates": [-3.5755492, 37.155185]}, "properties": {"name": null, "kind": "recycling", "categoria": "reciclaje", "osm_id": "node/11933284405"}}, {"type": "Feature", "geometry": {"type": "Point", "coordinates": [-3.5756232, 37.155224]}, "properties": {"name": null, "kind": "waste_disposal", "categoria": "reciclaje", "osm_id": "node/11933284406"}}, {"type": "Feature", "geometry": {"type": "Point", "coordinates": [-3.5806906, 37.1576002]}, "properties": {"name": null, "kind": "recycling", "categoria": "reciclaje", "osm_id": "node/11933288696"}}, {"type": "Feature", "geometry": {"type": "Point", "coordinates": [-3.5807089, 37.157611]}, "properties": {"name": null, "kind": "recycling", "categoria": "reciclaje", "osm_id": "node/11933288697"}}, {"type": "Feature", "geometry": {"type": "Point", "coordinates": [-3.580733, 37.1576214]}, "properties": {"name": null, "kind": "waste_disposal", "categoria": "reciclaje", "osm_id": "node/11933288698"}}, {"type": "Feature", "geometry": {"type": "Point", "coordinates": [-3.5779703, 37.1563245]}, "properties": {"name": null, "kind": "recycling", "categoria": "reciclaje", "osm_id": "node/11933291771"}}, {"type": "Feature", "geometry": {"type": "Point", "coordinates": [-3.5779483, 37.1563176]}, "properties": {"name": null, "kind": "recycling", "categoria": "reciclaje", "osm_id": "node/11933291772"}}, {"type": "Feature", "geometry": {"type": "Point", "coordinates": [-3.5779265, 37.1563073]}, "properties": {"name": null, "kind": "recycling", "categoria": "reciclaje", "osm_id": "node/11933291773"}}, {"type": "Feature", "geometry": {"type": "Point", "coordinates": [-3.5779024, 37.1562961]}, "properties": {"name": null, "kind": "waste_disposal", "categoria": "reciclaje", "osm_id": "node/11933291774"}}, {"type": "Feature", "geometry": {"type": "Point", "coordinates": [-3.5820071, 37.158847]}, "properties": {"name": null, "kind": "recycling", "categoria": "reciclaje", "osm_id": "node/11933310403"}}, {"type": "Feature", "geometry": {"type": "Point", "coordinates": [-3.5819383, 37.1588437]}, "properties": {"name": null, "kind": "recycling", "categoria": "reciclaje", "osm_id": "node/11933310404"}}, {"type": "Feature", "geometry": {"type": "Point", "coordinates": [-3.5819632, 37.1588505]}, "properties": {"name": null, "kind": "waste_disposal", "categoria": "reciclaje", "osm_id": "node/11933310405"}}, {"type": "Feature", "geometry": {"type": "Point", "coordinates": [-3.5819842, 37.1588474]}, "properties": {"name": null, "kind": "recycling", "categoria": "reciclaje", "osm_id": "node/11933310406"}}, {"type": "Feature", "geometry": {"type": "Point", "coordinates": [-3.5847672, 37.1609907]}, "properties": {"name": null, "kind": "waste_disposal", "categoria": "reciclaje", "osm_id": "node/12533770895"}}, {"type": "Feature", "geometry": {"type": "Point", "coordinates": [-3.5820756, 37.159505]}, "properties": {"name": null, "kind": "recycling", "categoria": "reciclaje", "osm_id": "node/12533772722"}}, {"type": "Feature", "geometry": {"type": "Point", "coordinates": [-3.5828741, 37.1599172]}, "properties": {"name": null, "kind": "recycling", "categoria": "reciclaje", "osm_id": "node/12533774443"}}, {"type": "Feature", "geometry": {"type": "Point", "coordinates": [-3.5875739, 37.1635978]}, "properties": {"name": null, "kind": "recycling", "categoria": "reciclaje", "osm_id": "node/12533783031"}}, {"type": "Feature", "geometry": {"type": "Point", "coordinates": [-3.5876031, 37.1636348]}, "properties": {"name": null, "kind": "recycling", "categoria": "reciclaje", "osm_id": "node/12533790185"}}, {"type": "Feature", "geometry": {"type": "Point", "coordinates": [-3.5875887, 37.1636163]}, "properties": {"name": null, "kind": "recycling", "categoria": "reciclaje", "osm_id": "node/12533808003"}}, {"type": "Feature", "geometry": {"type": "Point", "coordinates": [-3.5858388, 37.1621177]}, "properties": {"name": null, "kind": "waste_disposal", "categoria": "reciclaje", "osm_id": "node/12533808053"}}, {"type": "Feature", "geometry": {"type": "Point", "coordinates": [-3.5863514, 37.1624686]}, "properties": {"name": null, "kind": "recycling", "categoria": "reciclaje", "osm_id": "node/12533816300"}}, {"type": "Feature", "geometry": {"type": "Point", "coordinates": [-3.5863757, 37.1624979]}, "properties": {"name": null, "kind": "waste_disposal", "categoria": "reciclaje", "osm_id": "node/12533816609"}}, {"type": "Feature", "geometry": {"type": "Point", "coordinates": [-3.5876264, 37.1636673]}, "properties": {"name": null, "kind": "recycling", "categoria": "reciclaje", "osm_id": "node/12533816799"}}, {"type": "Feature", "geometry": {"type": "Point", "coordinates": [-3.5864809, 37.1626224]}, "properties": {"name": null, "kind": "recycling", "categoria": "reciclaje", "osm_id": "node/12533817891"}}, {"type": "Feature", "geometry": {"type": "Point", "coordinates": [-3.5859169, 37.1618992]}, "properties": {"name": null, "kind": "waste_disposal", "categoria": "reciclaje", "osm_id": "node/12533817893"}}, {"type": "Feature", "geometry": {"type": "Point", "coordinates": [-3.5803591, 37.1586277]}, "properties": {"name": null, "kind": "recycling", "categoria": "reciclaje", "osm_id": "node/12533822861"}}, {"type": "Feature", "geometry": {"type": "Point", "coordinates": [-3.5876752, 37.1637204]}, "properties": {"name": null, "kind": "recycling", "categoria": "reciclaje", "osm_id": "node/12533824780"}}, {"type": "Feature", "geometry": {"type": "Point", "coordinates": [-3.5876512, 37.1636933]}, "properties": {"name": null, "kind": "waste_disposal", "categoria": "reciclaje", "osm_id": "node/12533825406"}}, {"type": "Feature", "geometry": {"type": "Point", "coordinates": [-3.5858205, 37.1621265]}, "properties": {"name": null, "kind": "recycling", "categoria": "reciclaje", "osm_id": "node/12533825415"}}, {"type": "Feature", "geometry": {"type": "Point", "coordinates": [-3.5864552, 37.1625925]}, "properties": {"name": null, "kind": "recycling", "categoria": "reciclaje", "osm_id": "node/12533829016"}}, {"type": "Feature", "geometry": {"type": "Point", "coordinates": [-3.5864029, 37.1625282]}, "properties": {"name": null, "kind": "recycling", "categoria": "reciclaje", "osm_id": "node/12533829017"}}, {"type": "Feature", "geometry": {"type": "Point", "coordinates": [-3.5846862, 37.1609491]}, "properties": {"name": null, "kind": "recycling", "categoria": "reciclaje", "osm_id": "node/12533829027"}}, {"type": "Feature", "geometry": {"type": "Point", "coordinates": [-3.5821282, 37.1595342]}, "properties": {"name": null, "kind": "recycling", "categoria": "reciclaje", "osm_id": "node/12533829029"}}, {"type": "Feature", "geometry": {"type": "Point", "coordinates": [-3.586429, 37.1625585]}, "properties": {"name": null, "kind": "recycling", "categoria": "reciclaje", "osm_id": "node/12533832436"}}, {"type": "Feature", "geometry": {"type": "Point", "coordinates": [-3.5858744, 37.1618533]}, "properties": {"name": null, "kind": "recycling", "categoria": "reciclaje", "osm_id": "node/12533832474"}}, {"type": "Feature", "geometry": {"type": "Point", "coordinates": [-3.58033, 37.1586114]}, "properties": {"name": null, "kind": "recycling", "categoria": "reciclaje", "osm_id": "node/12533833717"}}, {"type": "Feature", "geometry": {"type": "Point", "coordinates": [-3.5847997, 37.1610062]}, "properties": {"name": null, "kind": "recycling", "categoria": "reciclaje", "osm_id": "node/12533833833"}}, {"type": "Feature", "geometry": {"type": "Point", "coordinates": [-3.5840758, 37.1605201]}, "properties": {"name": null, "kind": "recycling", "categoria": "reciclaje", "osm_id": "node/12533833835"}}, {"type": "Feature", "geometry": {"type": "Point", "coordinates": [-3.5835948, 37.1602805]}, "properties": {"name": null, "kind": "recycling", "categoria": "reciclaje", "osm_id": "node/12533833838"}}, {"type": "Feature", "geometry": {"type": "Point", "coordinates": [-3.5858048, 37.1621347]}, "properties": {"name": null, "kind": "recycling", "categoria": "reciclaje", "osm_id": "node/12533844072"}}, {"type": "Feature", "geometry": {"type": "Point", "coordinates": [-3.5847142, 37.1609636]}, "properties": {"name": null, "kind": "recycling", "categoria": "reciclaje", "osm_id": "node/12533844263"}}, {"type": "Feature", "geometry": {"type": "Point", "coordinates": [-3.5840371, 37.1604974]}, "properties": {"name": null, "kind": "waste_disposal", "categoria": "reciclaje", "osm_id": "node/12533844264"}}, {"type": "Feature", "geometry": {"type": "Point", "coordinates": [-3.5834269, 37.1602005]}, "properties": {"name": null, "kind": "recycling", "categoria": "reciclaje", "osm_id": "node/12533844947"}}, {"type": "Feature", "geometry": {"type": "Point", "coordinates": [-3.5804187, 37.1586638]}, "properties": {"name": null, "kind": "waste_disposal", "categoria": "reciclaje", "osm_id": "node/12533845877"}}, {"type": "Feature", "geometry": {"type": "Point", "coordinates": [-3.5858533, 37.1618263]}, "properties": {"name": null, "kind": "recycling", "categoria": "reciclaje", "osm_id": "node/12533846487"}}, {"type": "Feature", "geometry": {"type": "Point", "coordinates": [-3.5840985, 37.1605325]}, "properties": {"name": null, "kind": "recycling", "categoria": "reciclaje", "osm_id": "node/12533846492"}}, {"type": "Feature", "geometry": {"type": "Point", "coordinates": [-3.5828078, 37.1598814]}, "properties": {"name": null, "kind": "recycling", "categoria": "reciclaje", "osm_id": "node/12533846493"}}, {"type": "Feature", "geometry": {"type": "Point", "coordinates": [-3.5858958, 37.1618766]}, "properties": {"name": null, "kind": "recycling", "categoria": "reciclaje", "osm_id": "node/12533847581"}}, {"type": "Feature", "geometry": {"type": "Point", "coordinates": [-3.5836285, 37.1602982]}, "properties": {"name": null, "kind": "recycling", "categoria": "reciclaje", "osm_id": "node/12533847584"}}, {"type": "Feature", "geometry": {"type": "Point", "coordinates": [-3.5835668, 37.1602661]}, "properties": {"name": null, "kind": "recycling", "categoria": "reciclaje", "osm_id": "node/12533849716"}}, {"type": "Feature", "geometry": {"type": "Point", "coordinates": [-3.5803878, 37.1586438]}, "properties": {"name": null, "kind": "recycling", "categoria": "reciclaje", "osm_id": "node/12533849717"}}, {"type": "Feature", "geometry": {"type": "Point", "coordinates": [-3.5847422, 37.1609767]}, "properties": {"name": null, "kind": "recycling", "categoria": "reciclaje", "osm_id": "node/12533850061"}}, {"type": "Feature", "geometry": {"type": "Point", "coordinates": [-3.5835271, 37.1602474]}, "properties": {"name": null, "kind": "waste_disposal", "categoria": "reciclaje", "osm_id": "node/12533856867"}}, {"type": "Feature", "geometry": {"type": "Point", "coordinates": [-3.5840559, 37.1605077]}, "properties": {"name": null, "kind": "recycling", "categoria": "reciclaje", "osm_id": "node/12533857326"}}, {"type": "Feature", "geometry": {"type": "Point", "coordinates": [-3.5820544, 37.1594917]}, "properties": {"name": null, "kind": "waste_disposal", "categoria": "reciclaje", "osm_id": "node/12533857327"}}, {"type": "Feature", "geometry": {"type": "Point", "coordinates": [-3.5829103, 37.1599351]}, "properties": {"name": null, "kind": "recycling", "categoria": "reciclaje", "osm_id": "node/12533865237"}}, {"type": "Feature", "geometry": {"type": "Point", "coordinates": [-3.582103, 37.1595211]}, "properties": {"name": null, "kind": "recycling", "categoria": "reciclaje", "osm_id": "node/12533867497"}}, {"type": "Feature", "geometry": {"type": "Point", "coordinates": [-3.5828408, 37.1599004]}, "properties": {"name": null, "kind": "waste_disposal", "categoria": "reciclaje", "osm_id": "node/12533868467"}}, {"type": "Feature", "geometry": {"type": "Point", "coordinates": [-3.5820298, 37.1594813]}, "properties": {"name": null, "kind": "recycling", "categoria": "reciclaje", "osm_id": "node/12533869625"}}, {"type": "Feature", "geometry": {"type": "Point", "coordinates": [-3.5773953, 37.1592425]}, "properties": {"name": null, "kind": "recycling", "categoria": "reciclaje", "osm_id": "node/12533883729"}}, {"type": "Feature", "geometry": {"type": "Point", "coordinates": [-3.5737678, 37.1584454]}, "properties": {"name": null, "kind": "waste_disposal", "categoria": "reciclaje", "osm_id": "node/12568555272"}}, {"type": "Feature", "geometry": {"type": "Point", "coordinates": [-3.5737457, 37.1584318]}, "properties": {"name": null, "kind": "recycling", "categoria": "reciclaje", "osm_id": "node/12568565956"}}, {"type": "Feature", "geometry": {"type": "Point", "coordinates": [-3.5737281, 37.1584211]}, "properties": {"name": null, "kind": "recycling", "categoria": "reciclaje", "osm_id": "node/12568580006"}}, {"type": "Feature", "geometry": {"type": "Point", "coordinates": [-3.5737927, 37.1584606]}, "properties": {"name": null, "kind": "recycling", "categoria": "reciclaje", "osm_id": "node/12568584604"}}, {"type": "Feature", "geometry": {"type": "Point", "coordinates": [-3.5740472, 37.159461]}, "properties": {"name": null, "kind": "recycling", "categoria": "reciclaje", "osm_id": "node/12568609025"}}, {"type": "Feature", "geometry": {"type": "Point", "coordinates": [-3.5740885, 37.1594842]}, "properties": {"name": null, "kind": "waste_disposal", "categoria": "reciclaje", "osm_id": "node/12568639110"}}, {"type": "Feature", "geometry": {"type": "Point", "coordinates": [-3.5741219, 37.1595076]}, "properties": {"name": null, "kind": "recycling", "categoria": "reciclaje", "osm_id": "node/12568661130"}}, {"type": "Feature", "geometry": {"type": "Point", "coordinates": [-3.5741475, 37.159523]}, "properties": {"name": null, "kind": "recycling", "categoria": "reciclaje", "osm_id": "node/12568668169"}}, {"type": "Feature", "geometry": {"type": "Point", "coordinates": [-3.5757537, 37.1603379]}, "properties": {"name": null, "kind": "waste_disposal", "categoria": "reciclaje", "osm_id": "node/12568747392"}}, {"type": "Feature", "geometry": {"type": "Point", "coordinates": [-3.575758, 37.1594438]}, "properties": {"name": null, "kind": "recycling", "categoria": "reciclaje", "osm_id": "node/12568759732"}}, {"type": "Feature", "geometry": {"type": "Point", "coordinates": [-3.575754, 37.1603621]}, "properties": {"name": null, "kind": "waste_disposal", "categoria": "reciclaje", "osm_id": "node/12568774713"}}, {"type": "Feature", "geometry": {"type": "Point", "coordinates": [-3.5757206, 37.1593986]}, "properties": {"name": null, "kind": "recycling", "categoria": "reciclaje", "osm_id": "node/12568774714"}}, {"type": "Feature", "geometry": {"type": "Point", "coordinates": [-3.5757079, 37.1593814]}, "properties": {"name": null, "kind": "recycling", "categoria": "reciclaje", "osm_id": "node/12568775070"}}, {"type": "Feature", "geometry": {"type": "Point", "coordinates": [-3.5757374, 37.1594202]}, "properties": {"name": null, "kind": "waste_disposal", "categoria": "reciclaje", "osm_id": "node/12568777175"}}, {"type": "Feature", "geometry": {"type": "Point", "coordinates": [-3.5756961, 37.1593657]}, "properties": {"name": null, "kind": "recycling", "categoria": "reciclaje", "osm_id": "node/12568779901"}}, {"type": "Feature", "geometry": {"type": "Point", "coordinates": [-3.5766673, 37.1588326]}, "properties": {"name": null, "kind": "recycling", "categoria": "reciclaje", "osm_id": "node/12569000964"}}, {"type": "Feature", "geometry": {"type": "Point", "coordinates": [-3.5766525, 37.1588162]}, "properties": {"name": null, "kind": "recycling", "categoria": "reciclaje", "osm_id": "node/12569048703"}}, {"type": "Feature", "geometry": {"type": "Point", "coordinates": [-3.5767009, 37.1588683]}, "properties": {"name": null, "kind": "waste_disposal", "categoria": "reciclaje", "osm_id": "node/12569057758"}}, {"type": "Feature", "geometry": {"type": "Point", "coordinates": [-3.5766857, 37.1588527]}, "properties": {"name": null, "kind": "recycling", "categoria": "reciclaje", "osm_id": "node/12569061730"}}, {"type": "Feature", "geometry": {"type": "Point", "coordinates": [-3.5767158, 37.1588851]}, "properties": {"name": null, "kind": "waste_disposal", "categoria": "reciclaje", "osm_id": "node/12569062728"}}, {"type": "Feature", "geometry": {"type": "Point", "coordinates": [-3.6042786, 37.1726764]}, "properties": {"name": null, "kind": "waste_disposal", "categoria": "reciclaje", "osm_id": "node/12574627767"}}, {"type": "Feature", "geometry": {"type": "Point", "coordinates": [-3.6043276, 37.1726356]}, "properties": {"name": null, "kind": "recycling", "categoria": "reciclaje", "osm_id": "node/12574632225"}}, {"type": "Feature", "geometry": {"type": "Point", "coordinates": [-3.6042999, 37.1726588]}, "properties": {"name": null, "kind": "recycling", "categoria": "reciclaje", "osm_id": "node/12574640330"}}, {"type": "Feature", "geometry": {"type": "Point", "coordinates": [-3.6042162, 37.1727206]}, "properties": {"name": null, "kind": "recycling", "categoria": "reciclaje", "osm_id": "node/12574640910"}}, {"type": "Feature", "geometry": {"type": "Point", "coordinates": [-3.6042273, 37.172831]}, "properties": {"name": null, "kind": "recycling", "categoria": "reciclaje", "osm_id": "node/12574669356"}}, {"type": "Feature", "geometry": {"type": "Point", "coordinates": [-3.6042496, 37.1726987]}, "properties": {"name": null, "kind": "waste_disposal", "categoria": "reciclaje", "osm_id": "node/12574672468"}}, {"type": "Feature", "geometry": {"type": "Point", "coordinates": [-3.5998244, 37.1778264]}, "properties": {"name": null, "kind": "recycling", "categoria": "reciclaje", "osm_id": "node/12719097029"}}, {"type": "Feature", "geometry": {"type": "Point", "coordinates": [-3.6023903, 37.1823256]}, "properties": {"name": null, "kind": "recycling", "categoria": "reciclaje", "osm_id": "node/12749469574"}}, {"type": "Feature", "geometry": {"type": "Point", "coordinates": [-3.6023979, 37.1822683]}, "properties": {"name": null, "kind": "recycling", "categoria": "reciclaje", "osm_id": "node/12749470448"}}, {"type": "Feature", "geometry": {"type": "Point", "coordinates": [-3.6023946, 37.1822985]}, "properties": {"name": null, "kind": "recycling", "categoria": "reciclaje", "osm_id": "node/12749481345"}}, {"type": "Feature", "geometry": {"type": "Point", "coordinates": [-3.6024028, 37.1822374]}, "properties": {"name": null, "kind": "recycling", "categoria": "reciclaje", "osm_id": "node/12749482467"}}, {"type": "Feature", "geometry": {"type": "Point", "coordinates": [-3.5817652, 37.1606048]}, "properties": {"name": null, "kind": "recycling", "categoria": "reciclaje", "osm_id": "node/12760048088"}}, {"type": "Feature", "geometry": {"type": "Point", "coordinates": [-3.5816992, 37.1605602]}, "properties": {"name": null, "kind": "recycling", "categoria": "reciclaje", "osm_id": "node/12760073120"}}, {"type": "Feature", "geometry": {"type": "Point", "coordinates": [-3.5817444, 37.1605931]}, "properties": {"name": null, "kind": "waste_disposal", "categoria": "reciclaje", "osm_id": "node/12760078607"}}, {"type": "Feature", "geometry": {"type": "Point", "coordinates": [-3.5817203, 37.160577]}, "properties": {"name": null, "kind": "recycling", "categoria": "reciclaje", "osm_id": "node/12760079205"}}, {"type": "Feature", "geometry": {"type": "Point", "coordinates": [-3.593566, 37.1515492]}, "properties": {"name": null, "kind": "recycling", "categoria": "reciclaje", "osm_id": "node/12994291241"}}, {"type": "Feature", "geometry": {"type": "Point", "coordinates": [-3.5935404, 37.1515474]}, "properties": {"name": null, "kind": "recycling", "categoria": "reciclaje", "osm_id": "node/12994291242"}}, {"type": "Feature", "geometry": {"type": "Point", "coordinates": [-3.5935151, 37.1515455]}, "properties": {"name": null, "kind": "waste_disposal", "categoria": "reciclaje", "osm_id": "node/12994291243"}}, {"type": "Feature", "geometry": {"type": "Point", "coordinates": [-3.5934867, 37.1515435]}, "properties": {"name": null, "kind": "waste_disposal", "categoria": "reciclaje", "osm_id": "node/12994291244"}}, {"type": "Feature", "geometry": {"type": "Point", "coordinates": [-3.6126407, 37.1790729]}, "properties": {"name": null, "kind": "recycling", "categoria": "reciclaje", "osm_id": "node/13004788930"}}, {"type": "Feature", "geometry": {"type": "Point", "coordinates": [-3.6126537, 37.1790944]}, "properties": {"name": null, "kind": "recycling", "categoria": "reciclaje", "osm_id": "node/13004788931"}}, {"type": "Feature", "geometry": {"type": "Point", "coordinates": [-3.5955557, 37.169641]}, "properties": {"name": null, "kind": "recycling", "categoria": "reciclaje", "osm_id": "node/13009961070"}}, {"type": "Feature", "geometry": {"type": "Point", "coordinates": [-3.5955895, 37.1696392]}, "properties": {"name": null, "kind": "recycling", "categoria": "reciclaje", "osm_id": "node/13009962792"}}, {"type": "Feature", "geometry": {"type": "Point", "coordinates": [-3.5956423, 37.1696344]}, "properties": {"name": null, "kind": "waste_disposal", "categoria": "reciclaje", "osm_id": "node/13009987542"}}, {"type": "Feature", "geometry": {"type": "Point", "coordinates": [-3.5956244, 37.1696361]}, "properties": {"name": null, "kind": "waste_disposal", "categoria": "reciclaje", "osm_id": "node/13010020052"}}, {"type": "Feature", "geometry": {"type": "Point", "coordinates": [-3.5956596, 37.1696323]}, "properties": {"name": null, "kind": "waste_disposal", "categoria": "reciclaje", "osm_id": "node/13010023646"}}, {"type": "Feature", "geometry": {"type": "Point", "coordinates": [-3.5956076, 37.1696374]}, "properties": {"name": null, "kind": "recycling", "categoria": "reciclaje", "osm_id": "node/13010027305"}}, {"type": "Feature", "geometry": {"type": "Point", "coordinates": [-3.5883239, 37.1645026]}, "properties": {"name": null, "kind": "recycling", "categoria": "reciclaje", "osm_id": "node/13155772529"}}, {"type": "Feature", "geometry": {"type": "Point", "coordinates": [-3.5883387, 37.1645201]}, "properties": {"name": null, "kind": "recycling", "categoria": "reciclaje", "osm_id": "node/13155772530"}}, {"type": "Feature", "geometry": {"type": "Point", "coordinates": [-3.5883104, 37.1644858]}, "properties": {"name": null, "kind": "recycling", "categoria": "reciclaje", "osm_id": "node/13155776214"}}, {"type": "Feature", "geometry": {"type": "Point", "coordinates": [-3.5897036, 37.1660942]}, "properties": {"name": null, "kind": "waste_disposal", "categoria": "reciclaje", "osm_id": "node/13155817626"}}, {"type": "Feature", "geometry": {"type": "Point", "coordinates": [-3.589689, 37.1660777]}, "properties": {"name": null, "kind": "recycling", "categoria": "reciclaje", "osm_id": "node/13155822377"}}, {"type": "Feature", "geometry": {"type": "Point", "coordinates": [-3.5897343, 37.1661327]}, "properties": {"name": null, "kind": "recycling", "categoria": "reciclaje", "osm_id": "node/13155828117"}}, {"type": "Feature", "geometry": {"type": "Point", "coordinates": [-3.5897585, 37.1661585]}, "properties": {"name": null, "kind": "recycling", "categoria": "reciclaje", "osm_id": "node/13155838436"}}, {"type": "Feature", "geometry": {"type": "Point", "coordinates": [-3.6250596, 37.1975706]}, "properties": {"name": null, "kind": "waste_disposal", "categoria": "reciclaje", "osm_id": "node/13284634701"}}, {"type": "Feature", "geometry": {"type": "Point", "coordinates": [-3.6251535, 37.1975674]}, "properties": {"name": null, "kind": "recycling", "categoria": "reciclaje", "osm_id": "node/13284634801"}}, {"type": "Feature", "geometry": {"type": "Point", "coordinates": [-3.6045311, 37.1754142]}, "properties": {"name": null, "kind": "recycling", "categoria": "reciclaje", "osm_id": "node/13302587426"}}, {"type": "Feature", "geometry": {"type": "Point", "coordinates": [-3.6045601, 37.1753967]}, "properties": {"name": null, "kind": "waste_disposal", "categoria": "reciclaje", "osm_id": "node/13302587427"}}, {"type": "Feature", "geometry": {"type": "Point", "coordinates": [-3.6152061, 37.1931925]}, "properties": {"name": null, "kind": "recycling", "categoria": "reciclaje", "osm_id": "node/13343309267"}}, {"type": "Feature", "geometry": {"type": "Point", "coordinates": [-3.6240823, 37.1930457]}, "properties": {"name": null, "kind": "waste_disposal", "categoria": "reciclaje", "osm_id": "node/13406769661"}}, {"type": "Feature", "geometry": {"type": "Point", "coordinates": [-3.6245974, 37.1966313]}, "properties": {"name": null, "kind": "recycling", "categoria": "reciclaje", "osm_id": "node/13653235867"}}]}