{"type": "FeatureCollection", "name": "secciones_censales", "crs": {"type": "name", "properties": {"name": "urn:ogc:def:crs:OGC:1.3:CRS84"}}, "features": [{"type": "Feature", "properties": {"CUSEC": "1808703006", "CDIS": "03", "CSEC": "006", "NMUN": "Granada", "poblaciones": {"2015": 1150, "2016": 1129, "2017": 1127, "2018": 1122, "2019": 1118, "2020": 1103, "2021": 1096, "2022": 1092, "2023": 1111, "2024": 1078, "2025": 1052}, "superficie_verde_m2": 7376, "estacion_cercana": {"name": "Granada Norte", "distancia_m": 906}, "superficie_verde_desglose": {"parques": 5513, "jardines": 1347, "arbolado": 515}, "centroide": [-3.605048, 37.190662], "equipamientos": {"sanidad": {"n_dentro": 2}, "educacion": {"n_dentro": 3}, "agua": {"n_dentro": 2}, "reciclaje": {"n_dentro": 14}, "aparcabicis": {"n_dentro": 2}, "patrimonio": {"n_dentro": 0, "mas_cercana_m": 716, "mas_cercana_name": "Cripta de Fray Leopoldo de Alpandeire"}}, "renta": {"2015": 21000, "2016": 20650, "2017": 22050, "2018": 23450, "2019": 23450, "2020": 24150, "2021": 24850, "2022": 25550, "2023": 27650}, "vft": {"n_vfts": 11, "n_plazas": 49, "viviendas_total": 727, "viviendas_fuente": "censo2021", "ratio_vft_pct": 1.51, "serie": {"2015": 0, "2016": 0, "2017": 0, "2018": 0, "2019": 0, "2020": 0, "2021": 0, "2022": 0, "2023": 1, "2024": 8, "2025": 11}}, "renta_med_uc": {"2015": 21000, "2016": 20650, "2017": 22050, "2018": 23450, "2019": 23450, "2020": 24150, "2021": 24850, "2022": 25550, "2023": 27650}, "renta_hogar": {"2015": 37550, "2016": 37118, "2017": 37600, "2018": 39264, "2019": 39589, "2020": 39422, "2021": 40325, "2022": 41832, "2023": 43418}, "renta_persona": {"2015": 15895, "2016": 15865, "2017": 16196, "2018": 16999, "2019": 17412, "2020": 17677, "2021": 18316, "2022": 18994, "2023": 20176}}, "geometry": {"type": "MultiPolygon", "coordinates": [[[[-3.604424144775421, 37.19365677105629], [-3.604230477138809, 37.19270712549586], [-3.604102597023468, 37.19211673595011], [-3.604098937138975, 37.192100011105694], [-3.60406318169167, 37.192020941422705], [-3.603962604966195, 37.19179870741185], [-3.603904918717478, 37.191590245314515], [-3.603896937253516, 37.19156126542057], [-3.603841340627508, 37.19135694808606], [-3.603813884453033, 37.191006685809334], [-3.60381408382758, 37.19094753400648], [-3.603815845621251, 37.19053389406357], [-3.603797333053181, 37.1902172399342], [-3.603781166027606, 37.18993987488956], [-3.603746858186398, 37.18935143341903], [-3.60374448288234, 37.18930852083094], [-3.603741283063421, 37.1892482280336], [-3.603741040836901, 37.189243983671474], [-3.603715655150485, 37.18877646551756], [-3.603690620886745, 37.18831554288132], [-3.603654272855503, 37.187644543303904], [-3.603628021308595, 37.18716080329703], [-3.603947645840223, 37.18708625380146], [-3.603998391376531, 37.187217420255465], [-3.604025301706227, 37.187262019586555], [-3.604186595805021, 37.187528964578576], [-3.604577548837567, 37.188176349214125], [-3.604578433427339, 37.18817778243416], [-3.604983605120148, 37.1887549821418], [-3.605207671049671, 37.18898216071356], [-3.605520737785762, 37.18929947114336], [-3.605538463684509, 37.18931751221586], [-3.605547766428756, 37.18932693387993], [-3.606174274184656, 37.18994080438632], [-3.60669892910281, 37.19045491142999], [-3.60691309315684, 37.1906648521297], [-3.607128955568617, 37.1908763846136], [-3.607483260874855, 37.19122348145844], [-3.607591395406214, 37.19132948324107], [-3.607169234706519, 37.19154456815242], [-3.607139735984428, 37.191560579462106], [-3.607023137704334, 37.191624012632104], [-3.606888410312602, 37.19169729170518], [-3.606796337352957, 37.191746145066894], [-3.606671906775464, 37.191811560523846], [-3.606563217936805, 37.19186873758564], [-3.606443982047139, 37.19193144995056], [-3.606323550909576, 37.19199477585623], [-3.606188898300926, 37.19206559653517], [-3.606093073453798, 37.19211598380132], [-3.605949134543847, 37.19219167059977], [-3.605821646389864, 37.19225872332282], [-3.605714106068298, 37.19231526275306], [-3.605585449518312, 37.192382934147766], [-3.605337386395298, 37.19251336620265], [-3.605665265599362, 37.19292346253635], [-3.605448723604159, 37.19319246902261], [-3.605237258194241, 37.1930563447531], [-3.604932226078262, 37.193393316284286], [-3.604652678328024, 37.19370203869048], [-3.604424144775421, 37.19365677105629]]]]}}, {"type": "Feature", "properties": {"CUSEC": "1808703007", "CDIS": "03", "CSEC": "007", "NMUN": "Granada", "poblaciones": {"2015": 1156, "2016": 1127, "2017": 1136, "2018": 1153, "2019": 1161, "2020": 1117, "2021": 1133, "2022": 1094, "2023": 1125, "2024": 1178, "2025": 1182}, "superficie_verde_m2": 4376, "estacion_cercana": {"name": "Granada Norte", "distancia_m": 794}, "superficie_verde_desglose": {"parques": 4140, "jardines": 236, "arbolado": 0}, "centroide": [-3.608689, 37.189687], "equipamientos": {"sanidad": {"n_dentro": 5}, "educacion": {"n_dentro": 0, "mas_cercana_m": 163, "mas_cercana_name": "Academia Enrique Romero"}, "agua": {"n_dentro": 1}, "reciclaje": {"n_dentro": 20}, "aparcabicis": {"n_dentro": 0, "mas_cercana_m": 264, "mas_cercana_name": "bicycle_parking"}, "patrimonio": {"n_dentro": 0, "mas_cercana_m": 814, "mas_cercana_name": "Cripta de Fray Leopoldo de Alpandeire"}}, "renta": {"2015": 15050, "2016": 15050, "2017": 15750, "2018": 16450, "2019": 15750, "2020": 16450, "2021": 17150, "2022": 17850, "2023": 17150}, "vft": {"n_vfts": 11, "n_plazas": 66, "viviendas_total": 1391, "viviendas_fuente": "censo2021", "ratio_vft_pct": 0.79, "serie": {"2015": 0, "2016": 0, "2017": 0, "2018": 1, "2019": 1, "2020": 2, "2021": 3, "2022": 3, "2023": 5, "2024": 11, "2025": 11}}, "renta_med_uc": {"2015": 15050, "2016": 15050, "2017": 15750, "2018": 16450, "2019": 15750, "2020": 16450, "2021": 17150, "2022": 17850, "2023": 17150}, "renta_hogar": {"2015": 23380, "2016": 23681, "2017": 24454, "2018": 24998, "2019": 24419, "2020": 24271, "2021": 25102, "2022": 25985, "2023": 28121}, "renta_persona": {"2015": 12064, "2016": 12415, "2017": 12778, "2018": 12997, "2019": 12819, "2020": 12772, "2021": 13826, "2022": 14721, "2023": 15547}}, "geometry": {"type": "MultiPolygon", "coordinates": [[[[-3.6064882731787, 37.18941783285138], [-3.606547776843347, 37.189318834804105], [-3.606562462855273, 37.18929415138589], [-3.6072792404843, 37.18808793739145], [-3.608087223438757, 37.18841262313523], [-3.608984034966362, 37.18877301184981], [-3.609652000693909, 37.189041431648455], [-3.609672953129873, 37.18905007642644], [-3.609842278692866, 37.189119669222755], [-3.609844729432804, 37.18912067699288], [-3.609814226826161, 37.18915779591696], [-3.609649369066313, 37.18941622037757], [-3.609667331083569, 37.189425667466075], [-3.610840602308701, 37.18993456422062], [-3.610833633226563, 37.189945970413014], [-3.610649179893118, 37.19022220345558], [-3.61044769855883, 37.190524186801746], [-3.610416643029137, 37.19057061117052], [-3.610304076011465, 37.19066962308037], [-3.610080787133414, 37.19086602807698], [-3.609978707561079, 37.19095577426394], [-3.609815136914501, 37.191045411429094], [-3.609689537085523, 37.19111417575445], [-3.609632011638642, 37.19114566923212], [-3.609491598338119, 37.19119154640873], [-3.609411692486409, 37.19121765547336], [-3.608935326708914, 37.19132691266834], [-3.608692243073865, 37.19098619410548], [-3.608521344000399, 37.190746747951394], [-3.608302889107456, 37.19044057078954], [-3.60821444086397, 37.19031663527635], [-3.608305522181951, 37.19016471890502], [-3.608360763211429, 37.19007250145268], [-3.608219733144159, 37.190018153603994], [-3.608190591048282, 37.190064621658436], [-3.607949765295202, 37.18997312795057], [-3.607370883299658, 37.18975325197817], [-3.6064882731787, 37.18941783285138]]]]}}, {"type": "Feature", "properties": {"CUSEC": "1808703008", "CDIS": "03", "CSEC": "008", "NMUN": "Granada", "poblaciones": {"2015": 1049, "2016": 1051, "2017": 1056, "2018": 1029, "2019": 1037, "2020": 1022, "2021": 1071, "2022": 1076, "2023": 1140, "2024": 1106, "2025": 1111}, "superficie_verde_m2": 2518, "estacion_cercana": {"name": "Granada Norte", "distancia_m": 933}, "superficie_verde_desglose": {"parques": 0, "jardines": 730, "arbolado": 1787}, "centroide": [-3.609828, 37.188009], "equipamientos": {"sanidad": {"n_dentro": 5}, "educacion": {"n_dentro": 2}, "agua": {"n_dentro": 2}, "reciclaje": {"n_dentro": 12}, "aparcabicis": {"n_dentro": 1}, "patrimonio": {"n_dentro": 0, "mas_cercana_m": 789, "mas_cercana_name": "Cripta de Fray Leopoldo de Alpandeire"}}, "renta": {"2015": 20650, "2016": 22050, "2017": 22750, "2018": 22750, "2019": 23100, "2020": 24150, "2021": 24850, "2022": 25550, "2023": 26250}, "vft": {"n_vfts": 4, "n_plazas": 27, "viviendas_total": 761, "viviendas_fuente": "censo2021", "ratio_vft_pct": 0.53, "serie": {"2015": 0, "2016": 0, "2017": 0, "2018": 0, "2019": 0, "2020": 0, "2021": 0, "2022": 0, "2023": 1, "2024": 4, "2025": 4}}, "renta_med_uc": {"2015": 20650, "2016": 22050, "2017": 22750, "2018": 22750, "2019": 23100, "2020": 24150, "2021": 24850, "2022": 25550, "2023": 26250}, "renta_hogar": {"2015": 37478, "2016": 38976, "2017": 39685, "2018": 39266, "2019": 40372, "2020": 41017, "2021": 38852, "2022": 42319, "2023": 43524}, "renta_persona": {"2015": 15914, "2016": 16677, "2017": 17149, "2018": 17357, "2019": 17651, "2020": 18360, "2021": 17272, "2022": 18830, "2023": 19610}}, "geometry": {"type": "MultiPolygon", "coordinates": [[[[-3.6072792404843, 37.18808793739145], [-3.607602536660767, 37.187543796229484], [-3.607884667311091, 37.187068943311004], [-3.607906260256745, 37.18703375902026], [-3.607949943217879, 37.18696244140526], [-3.608469739416992, 37.186114883813694], [-3.609385571319848, 37.18655394544556], [-3.609607212738395, 37.18666019180712], [-3.609653936949397, 37.18668291907631], [-3.6097782134985, 37.186743476512326], [-3.609909322004837, 37.18680723106947], [-3.610404520559408, 37.1870037280984], [-3.610447323363655, 37.18702071620666], [-3.610485215469936, 37.187035786183344], [-3.61085117250351, 37.18719299623167], [-3.612555869399483, 37.18829178151605], [-3.611664759953448, 37.189015493723495], [-3.611646358016647, 37.18899971506973], [-3.611640783013338, 37.18899228476456], [-3.611364026883204, 37.18919524647271], [-3.611296902587125, 37.189269858292306], [-3.6112684279043, 37.18930157224385], [-3.611091982003019, 37.18952248180807], [-3.611039783759874, 37.18960803700895], [-3.610848456564133, 37.18992170942096], [-3.610840602308701, 37.18993456422062], [-3.609667331083569, 37.189425667466075], [-3.609649369066313, 37.18941622037757], [-3.609814226826161, 37.18915779591696], [-3.609844729432804, 37.18912067699288], [-3.609842278692866, 37.189119669222755], [-3.609672953129873, 37.18905007642644], [-3.609652000693909, 37.189041431648455], [-3.608984034966362, 37.18877301184981], [-3.608087223438757, 37.18841262313523], [-3.6072792404843, 37.18808793739145]]]]}}, {"type": "Feature", "properties": {"CUSEC": "1808703009", "CDIS": "03", "CSEC": "009", "NMUN": "Granada", "poblaciones": {"2015": 1411, "2016": 1418, "2017": 1456, "2018": 1458, "2019": 1446, "2020": 1401, "2021": 1435, "2022": 1439, "2023": 1441, "2024": 1450, "2025": 1468}, "superficie_verde_m2": 5043, "estacion_cercana": {"name": "Granada Norte", "distancia_m": 443}, "superficie_verde_desglose": {"parques": 2709, "jardines": 2334, "arbolado": 0}, "centroide": [-3.611273, 37.19227], "equipamientos": {"sanidad": {"n_dentro": 2}, "educacion": {"n_dentro": 1}, "agua": {"n_dentro": 1}, "reciclaje": {"n_dentro": 0, "mas_cercana_m": 215, "mas_cercana_name": "recycling"}, "aparcabicis": {"n_dentro": 0, "mas_cercana_m": 517, "mas_cercana_name": "bicycle_parking"}, "patrimonio": {"n_dentro": 0, "mas_cercana_m": 1178, "mas_cercana_name": "Cripta de Fray Leopoldo de Alpandeire"}}, "renta": {"2015": 18550, "2016": 18550, "2017": 18550, "2018": 18550, "2019": 19250, "2020": 19250, "2021": 21350, "2022": 22050, "2023": 23450}, "vft": {"n_vfts": 7, "n_plazas": 35, "viviendas_total": 898, "viviendas_fuente": "censo2021", "ratio_vft_pct": 0.78, "serie": {"2015": 0, "2016": 0, "2017": 1, "2018": 2, "2019": 4, "2020": 4, "2021": 4, "2022": 5, "2023": 6, "2024": 6, "2025": 6}}, "renta_med_uc": {"2015": 18550, "2016": 18550, "2017": 18550, "2018": 18550, "2019": 19250, "2020": 19250, "2021": 21350, "2022": 22050, "2023": 23450}, "renta_hogar": {"2015": 32560, "2016": 33298, "2017": 33608, "2018": 34029, "2019": 34166, "2020": 34162, "2021": 36271, "2022": 38259, "2023": 40405}, "renta_persona": {"2015": 13164, "2016": 13536, "2017": 13710, "2018": 13767, "2019": 14111, "2020": 14552, "2021": 15265, "2022": 16496, "2023": 17300}}, "geometry": {"type": "MultiPolygon", "coordinates": [[[[-3.608600886895852, 37.19431585648317], [-3.608600304368781, 37.194313470766936], [-3.608599467056496, 37.194310225523], [-3.608589277179945, 37.19427673679255], [-3.608453467227951, 37.19383121634604], [-3.608441623587427, 37.19379157051984], [-3.60834703751839, 37.193472481235084], [-3.608266190248393, 37.19320012289176], [-3.608165892547636, 37.19286199363781], [-3.607825899459421, 37.19171570026828], [-3.607767027863063, 37.19159668758521], [-3.607836433962173, 37.191579183277334], [-3.607990821595836, 37.19154036191188], [-3.608852086891644, 37.19134604362839], [-3.608935326708914, 37.19132691266834], [-3.609411692486409, 37.19121765547336], [-3.609491598338119, 37.19119154640873], [-3.609632011638642, 37.19114566923212], [-3.609689537085523, 37.19111417575445], [-3.609815136914501, 37.191045411429094], [-3.609978707561079, 37.19095577426394], [-3.610080787133414, 37.19086602807698], [-3.610304076011465, 37.19066962308037], [-3.610416643029137, 37.19057061117052], [-3.61044769855883, 37.190524186801746], [-3.610649179893118, 37.19022220345558], [-3.610833633226563, 37.189945970413014], [-3.610840602308701, 37.18993456422062], [-3.610848456564133, 37.18992170942096], [-3.611039783759874, 37.18960803700895], [-3.611091982003019, 37.18952248180807], [-3.6112684279043, 37.18930157224385], [-3.611296902587125, 37.189269858292306], [-3.611364026883204, 37.18919524647271], [-3.611640783013338, 37.18899228476456], [-3.611646358016647, 37.18899971506973], [-3.611664759953448, 37.189015493723495], [-3.611956413948324, 37.18926645988986], [-3.611983109816143, 37.18928939783954], [-3.612326486878558, 37.18958159634859], [-3.612784481077262, 37.189885771986006], [-3.612880222786214, 37.1899493725949], [-3.614934984357135, 37.191305353782845], [-3.614935570728049, 37.19130610791505], [-3.615029078087839, 37.191415373348555], [-3.61510461382932, 37.19150370236002], [-3.615096535227864, 37.19158980994338], [-3.615072647943504, 37.191842772954374], [-3.615074779065314, 37.19193742687766], [-3.615060707905298, 37.1919494254471], [-3.614942298168192, 37.19205063091108], [-3.614649465000296, 37.19230072318543], [-3.614359516507616, 37.192548302897094], [-3.614059328970056, 37.192804687556794], [-3.613758652363145, 37.193061592291045], [-3.613453693319352, 37.19332198792045], [-3.613434668962001, 37.19333822147952], [-3.613104633265481, 37.19354860660696], [-3.612793237767987, 37.193747283472476], [-3.612758639159062, 37.19376935742274], [-3.612708251058683, 37.19380142391134], [-3.612390361161915, 37.193999822322425], [-3.612065563842641, 37.194202420933784], [-3.612043437174725, 37.194213928034614], [-3.61163195734678, 37.19442722125851], [-3.611587845311782, 37.19444557613267], [-3.611505760354576, 37.19447970678896], [-3.610876413651799, 37.19474147497274], [-3.610765584010386, 37.194787588706774], [-3.610276604353349, 37.19493160218676], [-3.609837622903829, 37.195060888828564], [-3.609721525447667, 37.19509506713466], [-3.609677206415363, 37.1951081041076], [-3.60960726308469, 37.19512360213822], [-3.609134106665892, 37.195228616076335], [-3.608924160808302, 37.194949884773], [-3.608795423415758, 37.19475776230241], [-3.608780148312416, 37.194729464742544], [-3.608704016873809, 37.1945880423605], [-3.608615786339438, 37.19437682271775], [-3.608600886895852, 37.19431585648317]]]]}}, {"type": "Feature", "properties": {"CUSEC": "1808703010", "CDIS": "03", "CSEC": "010", "NMUN": "Granada", "poblaciones": {"2015": 1926, "2016": 1910, "2017": 1884, "2018": 1925, "2019": 1891, "2020": 1837, "2021": 1863, "2022": 1799, "2023": 1838, "2024": 1857, "2025": 1831}, "superficie_verde_m2": 4005, "estacion_cercana": {"name": "Granada Norte", "distancia_m": 143}, "superficie_verde_desglose": {"parques": 2748, "jardines": 1258, "arbolado": 0}, "centroide": [-3.612635, 37.194813], "equipamientos": {"sanidad": {"n_dentro": 1}, "educacion": {"n_dentro": 0, "mas_cercana_m": 209, "mas_cercana_name": "Escuela Infantil Gaviota"}, "agua": {"n_dentro": 0, "mas_cercana_m": 225, "mas_cercana_name": "fountain"}, "reciclaje": {"n_dentro": 0, "mas_cercana_m": 290, "mas_cercana_name": "recycling"}, "aparcabicis": {"n_dentro": 0, "mas_cercana_m": 250, "mas_cercana_name": "bicycle_parking"}, "patrimonio": {"n_dentro": 0, "mas_cercana_m": 1434, "mas_cercana_name": "Mecánicas de la memoria. Diario Patria."}}, "renta": {"2015": 17850, "2016": 18550, "2017": 18550, "2018": 18550, "2019": 19950, "2020": 19950, "2021": 20650, "2022": 22050, "2023": 22750}, "vft": {"n_vfts": 12, "n_plazas": 47, "viviendas_total": 1060, "viviendas_fuente": "censo2021", "ratio_vft_pct": 1.13, "serie": {"2015": 0, "2016": 10, "2017": 10, "2018": 10, "2019": 10, "2020": 10, "2021": 10, "2022": 11, "2023": 11, "2024": 11, "2025": 11}}, "renta_med_uc": {"2015": 17850, "2016": 18550, "2017": 18550, "2018": 18550, "2019": 19950, "2020": 19950, "2021": 20650, "2022": 22050, "2023": 22750}, "renta_hogar": {"2015": 32614, "2016": 33439, "2017": 34380, "2018": 37201, "2019": 36282, "2020": 35242, "2021": 36650, "2022": 38458, "2023": 38768}, "renta_persona": {"2015": 13742, "2016": 13949, "2017": 14515, "2018": 15719, "2019": 15441, "2020": 15437, "2021": 16268, "2022": 17143, "2023": 16936}}, "geometry": {"type": "MultiPolygon", "coordinates": [[[[-3.609134106665892, 37.195228616076335], [-3.60960726308469, 37.19512360213822], [-3.609677206415363, 37.1951081041076], [-3.609721525447667, 37.19509506713466], [-3.609837622903829, 37.195060888828564], [-3.610276604353349, 37.19493160218676], [-3.610765584010386, 37.194787588706774], [-3.610876413651799, 37.19474147497274], [-3.611505760354576, 37.19447970678896], [-3.611587845311782, 37.19444557613267], [-3.61163195734678, 37.19442722125851], [-3.612043437174725, 37.194213928034614], [-3.612065563842641, 37.194202420933784], [-3.612390361161915, 37.193999822322425], [-3.612708251058683, 37.19380142391134], [-3.612758639159062, 37.19376935742274], [-3.612793237767987, 37.193747283472476], [-3.613104633265481, 37.19354860660696], [-3.613434668962001, 37.19333822147952], [-3.613453693319352, 37.19332198792045], [-3.613758652363145, 37.193061592291045], [-3.614059328970056, 37.192804687556794], [-3.614359516507616, 37.192548302897094], [-3.614649465000296, 37.19230072318543], [-3.614942298168192, 37.19205063091108], [-3.615060707905298, 37.1919494254471], [-3.615074779065314, 37.19193742687766], [-3.615084850656444, 37.19238619135081], [-3.615092823269418, 37.19274633658308], [-3.615080451459189, 37.19275310452372], [-3.615220187767302, 37.19478970908872], [-3.614991004291255, 37.19496567222272], [-3.614949745621662, 37.19493747519589], [-3.614036462335637, 37.19546266941634], [-3.613088986708316, 37.195881270943495], [-3.612041258894559, 37.19628707282217], [-3.611592162623833, 37.19644953651532], [-3.610211135173701, 37.196839926674784], [-3.609854741536207, 37.1962920030554], [-3.609729598847698, 37.19609965583403], [-3.609713826609959, 37.19607547134243], [-3.609702888552857, 37.19605552558756], [-3.609693710236097, 37.196038625617135], [-3.609576154615402, 37.195822970454586], [-3.609558959927509, 37.19579142792654], [-3.609240441494189, 37.19536975664415], [-3.609237064146183, 37.19536521743884], [-3.609134106665892, 37.195228616076335]]]]}}, {"type": "Feature", "properties": {"CUSEC": "1808703012", "CDIS": "03", "CSEC": "012", "NMUN": "Granada", "poblaciones": {"2015": 1102, "2016": 1085, "2017": 1088, "2018": 1073, "2019": 1069, "2020": 1058, "2021": 915, "2022": 903, "2023": 893, "2024": 928, "2025": 932}, "superficie_verde_m2": 7029, "estacion_cercana": {"name": "Granada Norte", "distancia_m": 616}, "superficie_verde_desglose": {"parques": 0, "jardines": 4117, "arbolado": 2912}, "centroide": [-3.606404, 37.193708], "equipamientos": {"sanidad": {"n_dentro": 3}, "educacion": {"n_dentro": 0, "mas_cercana_m": 316, "mas_cercana_name": "Colegio Ave Maria San Isidro"}, "agua": {"n_dentro": 2}, "reciclaje": {"n_dentro": 0, "mas_cercana_m": 274, "mas_cercana_name": "recycling"}, "aparcabicis": {"n_dentro": 0, "mas_cercana_m": 164, "mas_cercana_name": "bicycle_parking"}, "patrimonio": {"n_dentro": 0, "mas_cercana_m": 874, "mas_cercana_name": "Mecánicas de la memoria. Diario Patria."}}, "renta": {"2015": 15750, "2016": 16450, "2017": 16450, "2018": 17850, "2019": 18550, "2020": 19250, "2021": 19950, "2022": 20650, "2023": 20650}, "vft": {"n_vfts": 3, "n_plazas": 19, "viviendas_total": 720, "viviendas_fuente": "censo2021", "ratio_vft_pct": 0.42, "serie": {"2015": 0, "2016": 0, "2017": 0, "2018": 0, "2019": 0, "2020": 0, "2021": 0, "2022": 0, "2023": 0, "2024": 3, "2025": 3}}, "renta_med_uc": {"2015": 15750, "2016": 16450, "2017": 16450, "2018": 17850, "2019": 18550, "2020": 19250, "2021": 19950, "2022": 20650, "2023": 20650}, "renta_hogar": {"2015": 26969, "2016": 27095, "2017": 27333, "2018": 29468, "2019": 30058, "2020": 30253, "2021": 32413, "2022": 32935, "2023": 34178}, "renta_persona": {"2015": 11647, "2016": 11911, "2017": 12154, "2018": 13209, "2019": 13460, "2020": 13866, "2021": 14817, "2022": 15645, "2023": 15947}}, "geometry": {"type": "MultiPolygon", "coordinates": [[[[-3.604487946849436, 37.19442264705149], [-3.604462399046793, 37.19384434287094], [-3.604455791503298, 37.19381193971196], [-3.604424144775421, 37.19365677105629], [-3.604652678328024, 37.19370203869048], [-3.604932226078262, 37.193393316284286], [-3.605237258194241, 37.1930563447531], [-3.605448723604159, 37.19319246902261], [-3.605665265599362, 37.19292346253635], [-3.605337386395298, 37.19251336620265], [-3.605585449518312, 37.192382934147766], [-3.605714106068298, 37.19231526275306], [-3.605821646389864, 37.19225872332282], [-3.605949134543847, 37.19219167059977], [-3.606093073453798, 37.19211598380132], [-3.606188898300926, 37.19206559653517], [-3.606323550909576, 37.19199477585623], [-3.606443982047139, 37.19193144995056], [-3.606563217936805, 37.19186873758564], [-3.606671906775464, 37.191811560523846], [-3.606796337352957, 37.191746145066894], [-3.606888410312602, 37.19169729170518], [-3.607023137704334, 37.191624012632104], [-3.607139735984428, 37.191560579462106], [-3.607169234706519, 37.19154456815242], [-3.607591395406214, 37.19132948324107], [-3.607807607549108, 37.19154130020335], [-3.607836433962173, 37.191579183277334], [-3.607767027863063, 37.19159668758521], [-3.607825899459421, 37.19171570026828], [-3.608165892547636, 37.19286199363781], [-3.608266190248393, 37.19320012289176], [-3.60834703751839, 37.193472481235084], [-3.608441623587427, 37.19379157051984], [-3.608453467227951, 37.19383121634604], [-3.608589277179945, 37.19427673679255], [-3.608599467056496, 37.194310225523], [-3.608600304368781, 37.194313470766936], [-3.608600886895852, 37.19431585648317], [-3.60820161960669, 37.19440017675663], [-3.60644479353549, 37.19475009228724], [-3.606586548496451, 37.19519168331025], [-3.60650132945884, 37.19520852418982], [-3.606571753820304, 37.19543615099676], [-3.606208280501545, 37.19550836298829], [-3.605920731403483, 37.19556543416442], [-3.605629908852762, 37.19562324339908], [-3.605333478322133, 37.19568209374897], [-3.605045016745603, 37.19573935766041], [-3.604735011724943, 37.19580098004086], [-3.604351948215205, 37.195877022645206], [-3.60438978359047, 37.195612195853904], [-3.604436128357121, 37.19528832541632], [-3.604446859998532, 37.1951092923635], [-3.604474017924493, 37.194655703803605], [-3.604487946849436, 37.19442264705149]]]]}}, {"type": "Feature", "properties": {"CUSEC": "1808703013", "CDIS": "03", "CSEC": "013", "NMUN": "Granada", "poblaciones": {"2015": 1997, "2016": 2039, "2017": 2010, "2018": 1981, "2019": 1990, "2020": 1999, "2021": 1999, "2022": 1995, "2023": 1993, "2024": 2074, "2025": 2083}, "superficie_verde_m2": 22460, "estacion_cercana": {"name": "Granada Norte", "distancia_m": 1926}, "superficie_verde_desglose": {"parques": 22031, "jardines": 392, "arbolado": 37}, "centroide": [-3.633603, 37.200638], "equipamientos": {"sanidad": {"n_dentro": 2}, "educacion": {"n_dentro": 2}, "agua": {"n_dentro": 9}, "reciclaje": {"n_dentro": 0, "mas_cercana_m": 555, "mas_cercana_name": "recycling"}, "aparcabicis": {"n_dentro": 3}, "patrimonio": {"n_dentro": 0, "mas_cercana_m": 3319, "mas_cercana_name": "Cripta de Fray Leopoldo de Alpandeire"}}, "renta": {"2015": 10850, "2016": 11550, "2017": 11550, "2018": 12250, "2019": 12950, "2020": 13650, "2021": 14350, "2022": 15050, "2023": 16450}, "vft": {"n_vfts": 5, "n_plazas": 29, "viviendas_total": 1133, "viviendas_fuente": "censo2021", "ratio_vft_pct": 0.44, "serie": {"2015": 0, "2016": 0, "2017": 0, "2018": 1, "2019": 2, "2020": 2, "2021": 2, "2022": 2, "2023": 3, "2024": 4, "2025": 5}}, "renta_med_uc": {"2015": 10850, "2016": 11550, "2017": 11550, "2018": 12250, "2019": 12950, "2020": 13650, "2021": 14350, "2022": 15050, "2023": 16450}, "renta_hogar": {"2015": 20516, "2016": 21594, "2017": 21851, "2018": 22212, "2019": 23925, "2020": 24344, "2021": 25261, "2022": 26390, "2023": 29013}, "renta_persona": {"2015": 8637, "2016": 9062, "2017": 9219, "2018": 9387, "2019": 10181, "2020": 10537, "2021": 10931, "2022": 11566, "2023": 12442}}, "geometry": {"type": "MultiPolygon", "coordinates": [[[[-3.624034857841324, 37.20092847904113], [-3.624069943594634, 37.200907139305016], [-3.624094107661166, 37.20094517177965], [-3.624014225858414, 37.20069654267755], [-3.623873798807363, 37.20025946523259], [-3.625746003089712, 37.19949825834122], [-3.625752787068423, 37.19950991724409], [-3.626006726422762, 37.19939737103731], [-3.626121210262056, 37.199345700007974], [-3.626526111783843, 37.199162949766446], [-3.627111533742798, 37.199910501188164], [-3.6272385809604, 37.199863494012746], [-3.627295550238645, 37.1998173139117], [-3.627295169700381, 37.19981680934115], [-3.628386620352425, 37.19928306614775], [-3.628767992056114, 37.19979502050285], [-3.629839109047494, 37.19926419146099], [-3.630016494323005, 37.19916605680275], [-3.630027467316194, 37.199180560527275], [-3.630805917181787, 37.1988349215679], [-3.631875184565368, 37.19648229101993], [-3.632306384907498, 37.19665859513492], [-3.632522692519429, 37.19671496493403], [-3.633151428182604, 37.19687890215845], [-3.633740445687243, 37.19703930230116], [-3.634611725267084, 37.19734125675662], [-3.635867285787835, 37.197763797740635], [-3.636737723344777, 37.19796350805516], [-3.637146541958884, 37.197961312696165], [-3.637965148919077, 37.19807953144425], [-3.638578042273056, 37.19803535088541], [-3.639856126204629, 37.19808981809848], [-3.640878701032004, 37.19814560718564], [-3.642207820043562, 37.19819976389087], [-3.643205339386172, 37.19831697724315], [-3.643998991615248, 37.19849662890332], [-3.644638772419909, 37.19861580681043], [-3.645303606100794, 37.19867350110205], [-3.646019840049256, 37.1987476638333], [-3.645509560565189, 37.1992744744523], [-3.64536088996412, 37.19939022070645], [-3.644994612651576, 37.19967392284612], [-3.643381319901683, 37.20077337532841], [-3.642483201482933, 37.20117486708661], [-3.642068558039622, 37.20144752256793], [-3.641208388128574, 37.20233555508666], [-3.640601582943723, 37.20281028304044], [-3.640570259917379, 37.202834781122846], [-3.63930170696315, 37.202066371417345], [-3.638203890265822, 37.2015044333772], [-3.638023188450865, 37.20144180688781], [-3.637917124597805, 37.201405053041206], [-3.637051163492493, 37.20110497235233], [-3.634904677065545, 37.20045846789943], [-3.633962828533458, 37.201022385638936], [-3.633499237589113, 37.20136318896973], [-3.632641256885169, 37.201993933367966], [-3.631869891936249, 37.20273717356033], [-3.631222333910111, 37.203461803126466], [-3.630450317743433, 37.20381359678318], [-3.630301768901381, 37.2038812880762], [-3.629978551754394, 37.20431568524103], [-3.629790819088944, 37.204776390558024], [-3.629545102271305, 37.20504812839439], [-3.629469752195443, 37.20508908176914], [-3.628433517671629, 37.205644186148504], [-3.628288578810064, 37.20572182431398], [-3.627796120159287, 37.206130065685294], [-3.627445362037546, 37.20636427539381], [-3.62501655122162, 37.20207896306205], [-3.6240530844409, 37.200939264700146], [-3.624034857841324, 37.20092847904113]]]]}}, {"type": "Feature", "properties": {"CUSEC": "1808703014", "CDIS": "03", "CSEC": "014", "NMUN": "Granada", "poblaciones": {"2015": 697, "2016": 1011, "2017": 963, "2018": 1002, "2019": 1031, "2020": 1029, "2021": 1039, "2022": 1023, "2023": 1049, "2024": 1042, "2025": 1091}, "superficie_verde_m2": 1073, "estacion_cercana": {"name": "Granada Norte", "distancia_m": 867}, "superficie_verde_desglose": {"parques": 0, "jardines": 411, "arbolado": 662}, "centroide": [-3.602907, 37.196609], "equipamientos": {"sanidad": {"n_dentro": 1}, "educacion": {"n_dentro": 1}, "agua": {"n_dentro": 1}, "reciclaje": {"n_dentro": 0, "mas_cercana_m": 592, "mas_cercana_name": "recycling"}, "aparcabicis": {"n_dentro": 1}, "patrimonio": {"n_dentro": 0, "mas_cercana_m": 660, "mas_cercana_name": "Mecánicas de la memoria. Diario Patria."}}, "renta": {"2015": 12600, "2016": 12950, "2017": 13650, "2018": 12950, "2019": 13650, "2020": 13300, "2021": 13650, "2022": 13650, "2023": 15400}, "vft": {"n_vfts": 2, "n_plazas": 11, "viviendas_total": 747, "viviendas_fuente": "censo2021", "ratio_vft_pct": 0.27, "serie": {"2015": 0, "2016": 0, "2017": 0, "2018": 0, "2019": 0, "2020": 0, "2021": 1, "2022": 1, "2023": 1, "2024": 1, "2025": 2}}, "renta_med_uc": {"2015": 12600, "2016": 12950, "2017": 13650, "2018": 12950, "2019": 13650, "2020": 13300, "2021": 13650, "2022": 13650, "2023": 15400}, "renta_hogar": {"2015": 20780, "2016": 22607, "2017": 22678, "2018": 22530, "2019": 23896, "2020": 23483, "2021": 24058, "2022": 24730, "2023": 26901}, "renta_persona": {"2015": 9359, "2016": 9884, "2017": 10240, "2018": 10023, "2019": 10430, "2020": 10314, "2021": 10908, "2022": 11284, "2023": 12367}}, "geometry": {"type": "MultiPolygon", "coordinates": [[[[-3.600533724258648, 37.197549749466546], [-3.600864714557317, 37.19681215599429], [-3.600972991905697, 37.19657086097551], [-3.601172842762684, 37.19612527671352], [-3.601191649277083, 37.19608200423582], [-3.601371825392389, 37.195667974696086], [-3.601416969146226, 37.19556408005828], [-3.60140902654259, 37.19552516188516], [-3.601397137603894, 37.19546673401882], [-3.602606704605024, 37.19519001983203], [-3.603331677351616, 37.19495006047417], [-3.603489263273098, 37.194877169287416], [-3.604040277635234, 37.19462206383923], [-3.604083735807208, 37.19460271454927], [-3.604487946849436, 37.19442264705149], [-3.604474017924493, 37.194655703803605], [-3.604446859998532, 37.1951092923635], [-3.604436128357121, 37.19528832541632], [-3.60438978359047, 37.195612195853904], [-3.604351948215205, 37.195877022645206], [-3.604324907225054, 37.196066089414444], [-3.604318617067434, 37.196110276554506], [-3.604306288908056, 37.19619084793421], [-3.604247303237324, 37.19657584895649], [-3.604221872501113, 37.19674151615506], [-3.604192210353287, 37.19693472915383], [-3.604191556727511, 37.196938960050325], [-3.604166725450561, 37.19711907901016], [-3.604153685740763, 37.19753048645739], [-3.604255008307379, 37.198319958648426], [-3.604260375567166, 37.19836211675094], [-3.604325438064455, 37.19865276280678], [-3.604358305310872, 37.19880105556315], [-3.604117732974828, 37.19887239614425], [-3.604076707012079, 37.198884621001184], [-3.603299956799311, 37.19915704566426], [-3.603263471971729, 37.198211246433075], [-3.603267043600884, 37.19791072337883], [-3.603271638895035, 37.19773898341986], [-3.603282539703803, 37.19761014048668], [-3.603282160141352, 37.197562443073316], [-3.602401074266765, 37.19756692667948], [-3.602401131006811, 37.197571372993856], [-3.602364526213623, 37.19757129771811], [-3.601864240031541, 37.19757140218187], [-3.601814531045917, 37.197571393311016], [-3.601322690827189, 37.197571430046295], [-3.601097301505069, 37.19757150392571], [-3.600612396247306, 37.197552988680954], [-3.600533724258648, 37.197549749466546]]]]}}, {"type": "Feature", "properties": {"CUSEC": "1808703015", "CDIS": "03", "CSEC": "015", "NMUN": "Granada", "poblaciones": {"2015": 1414, "2016": 1394, "2017": 1389, "2018": 1386, "2019": 1393, "2020": 1391, "2021": 1397, "2022": 1419, "2023": 1408, "2024": 1399, "2025": 1406}, "superficie_verde_m2": 1750, "estacion_cercana": {"name": "Granada Norte", "distancia_m": 1260}, "superficie_verde_desglose": {"parques": 1094, "jardines": 656, "arbolado": 0}, "centroide": [-3.600173, 37.201507], "equipamientos": {"sanidad": {"n_dentro": 2}, "educacion": {"n_dentro": 2}, "agua": {"n_dentro": 0, "mas_cercana_m": 125, "mas_cercana_name": "fountain"}, "reciclaje": {"n_dentro": 0, "mas_cercana_m": 526, "mas_cercana_name": "waste_disposal"}, "aparcabicis": {"n_dentro": 0, "mas_cercana_m": 112, "mas_cercana_name": "bicycle_parking"}, "patrimonio": {"n_dentro": 0, "mas_cercana_m": 903, "mas_cercana_name": "viewpoint"}}, "renta": {"2015": 8750, "2016": 8050, "2017": 8750, "2018": 8050, "2019": 9450, "2020": 9450, "2021": 9450, "2022": 10850, "2023": 11550}, "vft": {"n_vfts": 0, "n_plazas": 0, "viviendas_total": 700, "viviendas_fuente": "censo2021", "ratio_vft_pct": 0.0, "serie": {"2015": 0, "2016": 0, "2017": 0, "2018": 0, "2019": 0, "2020": 0, "2021": 0, "2022": 0, "2023": 0, "2024": 0, "2025": 0}}, "renta_med_uc": {"2015": 8750, "2016": 8050, "2017": 8750, "2018": 8050, "2019": 9450, "2020": 9450, "2021": 9450, "2022": 10850, "2023": 11550}, "renta_hogar": {"2015": 17184, "2016": 16811, "2017": 17496, "2018": 17443, "2019": 18406, "2020": 18466, "2021": 19576, "2022": 20390, "2023": 22272}, "renta_persona": {"2015": 6501, "2016": 6451, "2017": 6774, "2018": 6591, "2019": 7120, "2020": 7159, "2021": 7595, "2022": 7986, "2023": 8764}}, "geometry": {"type": "MultiPolygon", "coordinates": [[[[-3.599035774064565, 37.20072141248766], [-3.599316191410025, 37.200639266662634], [-3.59943296639364, 37.20059789743719], [-3.600435821570954, 37.200242645868364], [-3.600437002626486, 37.200164844639396], [-3.60043196354931, 37.20016315752198], [-3.600701568343194, 37.20006860138442], [-3.600763867131366, 37.20004674292888], [-3.601352146508614, 37.199840379967306], [-3.601787406320933, 37.19968764324668], [-3.602633542032788, 37.19939085775967], [-3.602651149542452, 37.20031424963732], [-3.602559996424937, 37.200317592389474], [-3.602561696886127, 37.200430155843456], [-3.60256399049499, 37.20058203890268], [-3.602564293804876, 37.200600349277934], [-3.602560418950088, 37.20115240095283], [-3.602159637141844, 37.201157130440244], [-3.601931575126176, 37.20115970739367], [-3.60137472541336, 37.2011662267897], [-3.600891375210022, 37.20117194350612], [-3.600916210341903, 37.20209008869811], [-3.60093653874399, 37.202843791022644], [-3.600938587031699, 37.202921774145466], [-3.60094248888995, 37.20310278312925], [-3.600825519232011, 37.2031043355427], [-3.600331222913092, 37.20311124941094], [-3.600266913039073, 37.20311214769156], [-3.599646464574819, 37.203120841756466], [-3.599137886963548, 37.20312789504886], [-3.598604779414456, 37.20313540453484], [-3.598517206879499, 37.20313654921637], [-3.598491776249162, 37.20313695262832], [-3.597694621123809, 37.20315232330098], [-3.597712615770801, 37.20307550995587], [-3.597757630944546, 37.20288340206788], [-3.597765197839154, 37.20285981033548], [-3.597925685449361, 37.20236189248311], [-3.598111945956434, 37.20194296454084], [-3.598185757975615, 37.201829575350985], [-3.598480794157157, 37.20137657535202], [-3.598503112082541, 37.201350231888526], [-3.599035774064565, 37.20072141248766]]]]}}, {"type": "Feature", "properties": {"CUSEC": "1808703016", "CDIS": "03", "CSEC": "016", "NMUN": "Granada", "poblaciones": {"2015": 1172, "2016": 1090, "2017": 1103, "2018": 1041, "2019": 1011, "2020": 1004, "2021": 1017, "2022": 945, "2023": 926, "2024": 914, "2025": 908}, "superficie_verde_m2": 2586, "estacion_cercana": {"name": "Granada Norte", "distancia_m": 1304}, "superficie_verde_desglose": {"parques": 2288, "jardines": 0, "arbolado": 299}, "centroide": [-3.602151, 37.204316], "equipamientos": {"sanidad": {"n_dentro": 0, "mas_cercana_m": 219, "mas_cercana_name": "Farmacia Marina Serrano Peñuela"}, "educacion": {"n_dentro": 0, "mas_cercana_m": 395, "mas_cercana_name": "Instituto de Educación Secundaria Cartuja"}, "agua": {"n_dentro": 0, "mas_cercana_m": 254, "mas_cercana_name": "fountain"}, "reciclaje": {"n_dentro": 0, "mas_cercana_m": 526, "mas_cercana_name": "waste_disposal"}, "aparcabicis": {"n_dentro": 1}, "patrimonio": {"n_dentro": 0, "mas_cercana_m": 1258, "mas_cercana_name": "viewpoint"}}, "renta": {"2015": 3850, "2016": 3850, "2017": 4550, "2018": 5250, "2019": 5250, "2020": 5950, "2021": 6650, "2022": 6650, "2023": 7350}, "vft": {"n_vfts": 0, "n_plazas": 0, "viviendas_total": 459, "viviendas_fuente": "censo2021", "ratio_vft_pct": 0.0, "serie": {"2015": 0, "2016": 0, "2017": 0, "2018": 0, "2019": 0, "2020": 0, "2021": 0, "2022": 0, "2023": 0, "2024": 0, "2025": 0}}, "renta_med_uc": {"2015": 3850, "2016": 3850, "2017": 4550, "2018": 5250, "2019": 5250, "2020": 5950, "2021": 6650, "2022": 6650, "2023": 7350}, "renta_hogar": {"2015": 11388, "2016": 11550, "2017": 12087, "2018": 12537, "2019": 13605, "2020": 13646, "2021": 14650, "2022": 15640, "2023": 17450}, "renta_persona": {"2015": 3281, "2016": 3268, "2017": 3431, "2018": 3719, "2019": 4053, "2020": 4189, "2021": 4687, "2022": 4996, "2023": 5522}}, "geometry": {"type": "MultiPolygon", "coordinates": [[[[-3.600266913039073, 37.20311214769156], [-3.600331222913092, 37.20311124941094], [-3.600825519232011, 37.2031043355427], [-3.60094248888995, 37.20310278312925], [-3.601426424056989, 37.20309595537102], [-3.602177502741311, 37.203085407179294], [-3.602247514656857, 37.20308451582989], [-3.602507307879575, 37.20308083489947], [-3.6025369867925, 37.203080427946404], [-3.602799426887824, 37.20307672840525], [-3.603177857302596, 37.20307148405616], [-3.6034587819606, 37.203067544708745], [-3.603590918091462, 37.20306569157557], [-3.603901177577327, 37.203061305144935], [-3.60407101776853, 37.203067751331716], [-3.604151140175811, 37.20306715884502], [-3.604245000008934, 37.20306651335901], [-3.604153317309175, 37.20334043821668], [-3.604122729238779, 37.2034319374191], [-3.603989552892539, 37.20397532682571], [-3.603935521870461, 37.20432256852577], [-3.603924522993973, 37.204393385264034], [-3.603920889155818, 37.20446768801814], [-3.60391408082112, 37.20461256389995], [-3.603908645910983, 37.20472671763303], [-3.603914670427615, 37.20481681411765], [-3.603932340324396, 37.20508211457763], [-3.603934022617606, 37.20509382868345], [-3.603947623348661, 37.2051899926052], [-3.603991007602127, 37.20549673441183], [-3.604000057873511, 37.20556121124033], [-3.603077856926889, 37.2055709405635], [-3.602781032611344, 37.205574076579], [-3.602053076107848, 37.205581756498034], [-3.601892664607341, 37.205583345976024], [-3.601437666640859, 37.20558820344635], [-3.60139054156308, 37.20558869960211], [-3.60075791523839, 37.205595338593305], [-3.600322397869847, 37.205599868533724], [-3.600312389096636, 37.205192324096096], [-3.600310230571498, 37.20510049607081], [-3.600302059712042, 37.204727352264314], [-3.600297272794933, 37.204507696727305], [-3.60029002415166, 37.20417484973308], [-3.600281045632328, 37.20376087750916], [-3.600266913039073, 37.20311214769156]]]]}}, {"type": "Feature", "properties": {"CUSEC": "1808703018", "CDIS": "03", "CSEC": "018", "NMUN": "Granada", "poblaciones": {"2015": 1541, "2016": 1339, "2017": 1325, "2018": 1268, "2019": 1255, "2020": 1230, "2021": 1225, "2022": 1206, "2023": 1172, "2024": 1095, "2025": 1056}, "superficie_verde_m2": 2297, "estacion_cercana": {"name": "Granada Norte", "distancia_m": 1313}, "superficie_verde_desglose": {"parques": 2297, "jardines": 0, "arbolado": 0}, "centroide": [-3.606458, 37.206854], "equipamientos": {"sanidad": {"n_dentro": 2}, "educacion": {"n_dentro": 1}, "agua": {"n_dentro": 0, "mas_cercana_m": 518, "mas_cercana_name": "fountain"}, "reciclaje": {"n_dentro": 0, "mas_cercana_m": 615, "mas_cercana_name": "waste_disposal"}, "aparcabicis": {"n_dentro": 0, "mas_cercana_m": 648, "mas_cercana_name": "bicycle_parking"}, "patrimonio": {"n_dentro": 0, "mas_cercana_m": 1715, "mas_cercana_name": "viewpoint"}}, "renta": {"2015": 3850, "2016": 3850, "2017": 4550, "2018": 5250, "2019": 5250, "2020": 5950, "2021": 6650, "2022": 6650, "2023": 7350}, "vft": {"n_vfts": 0, "n_plazas": 0, "viviendas_total": 673, "viviendas_fuente": "censo2021", "ratio_vft_pct": 0.0, "serie": {"2015": 0, "2016": 0, "2017": 0, "2018": 0, "2019": 0, "2020": 0, "2021": 0, "2022": 0, "2023": 0, "2024": 0, "2025": 0}}, "renta_med_uc": {"2015": 3850, "2016": 3850, "2017": 4550, "2018": 5250, "2019": 5250, "2020": 5950, "2021": 6650, "2022": 6650, "2023": 7350}, "renta_hogar": {"2015": 11388, "2016": 11550, "2017": 12087, "2018": 12537, "2019": 13605, "2020": 13646, "2021": 14650, "2022": 15640, "2023": 17450}, "renta_persona": {"2015": 3735, "2016": 3310, "2017": 3431, "2018": 3719, "2019": 4053, "2020": 4189, "2021": 4687, "2022": 4996, "2023": 5522}}, "geometry": {"type": "MultiPolygon", "coordinates": [[[[-3.604048561728881, 37.20590451464568], [-3.604112303758858, 37.20590419048851], [-3.604173725196887, 37.205902421473844], [-3.604449676392292, 37.20589458943222], [-3.604631961266606, 37.205889361279176], [-3.605117536472296, 37.20587560439641], [-3.605264911796076, 37.20587142254223], [-3.605498702252107, 37.20586472650564], [-3.60575579807283, 37.20585739793709], [-3.605829128453701, 37.20585530575903], [-3.605916670921337, 37.20585284428034], [-3.606340086892117, 37.20584080650207], [-3.606500863297444, 37.20583618043395], [-3.606510362012799, 37.20609456347384], [-3.606673046073228, 37.20609110913535], [-3.606930091683086, 37.20608573340473], [-3.607216854128112, 37.20607976400562], [-3.607368503796928, 37.20607666183472], [-3.607500681848409, 37.206073916229464], [-3.607563656621069, 37.206072616132666], [-3.607623818395528, 37.20607129347445], [-3.607765225823946, 37.20606838845809], [-3.607826835778846, 37.20606707629454], [-3.608104755218679, 37.206066463861426], [-3.608261087188866, 37.20627832979466], [-3.608710515784317, 37.2062713375044], [-3.609025910206424, 37.20669848781056], [-3.609352352684013, 37.20730789346596], [-3.609361282044004, 37.20732450085116], [-3.609371452777462, 37.20734412603835], [-3.609327108160038, 37.2073541748799], [-3.609266201510578, 37.20737440815012], [-3.609124728908838, 37.207421376515526], [-3.608693352789787, 37.20758143049084], [-3.608378788643587, 37.20765002214029], [-3.608264191614043, 37.2076749384702], [-3.608206811646764, 37.20767774259344], [-3.60805802670223, 37.20768489193955], [-3.607580708011346, 37.207708087747314], [-3.607364044423696, 37.207710193109264], [-3.607197791792669, 37.20771174672472], [-3.607051546703529, 37.207713252559756], [-3.606898600951042, 37.207714643814555], [-3.606752243147253, 37.207716148956166], [-3.60646620916154, 37.207718869392835], [-3.606358153962566, 37.20771991743474], [-3.605315565999582, 37.207730040693555], [-3.604188370890995, 37.20774091987031], [-3.60413961104298, 37.20774135335112], [-3.604095098192833, 37.207745825048406], [-3.604139981814387, 37.207367725698965], [-3.604142831799718, 37.207343543787694], [-3.604146247742517, 37.20733451689487], [-3.604177140606545, 37.20725208514886], [-3.604184297620433, 37.20722958130444], [-3.604202877148507, 37.20717114807186], [-3.604213399254823, 37.20706384068142], [-3.604215381428615, 37.20704318856069], [-3.604217051654242, 37.20688220390898], [-3.604217190026649, 37.206862102031145], [-3.604180379287367, 37.20673780584361], [-3.604153490218009, 37.20664715329204], [-3.604120911093709, 37.20641665533128], [-3.604079086372493, 37.20612049709659], [-3.604048561728881, 37.20590451464568]]]]}}, {"type": "Feature", "properties": {"CUSEC": "1808703020", "CDIS": "03", "CSEC": "020", "NMUN": "Granada", "poblaciones": {"2015": 1378, "2016": 1365, "2017": 1405, "2018": 1331, "2019": 1416, "2020": 1445, "2021": 1468, "2022": 1467, "2023": 1492, "2024": 1549, "2025": 1598}, "superficie_verde_m2": 47, "estacion_cercana": {"name": "Granada Norte", "distancia_m": 1164}, "superficie_verde_desglose": {"parques": 0, "jardines": 47, "arbolado": 0}, "centroide": [-3.59966, 37.197508], "equipamientos": {"sanidad": {"n_dentro": 1}, "educacion": {"n_dentro": 0, "mas_cercana_m": 190, "mas_cercana_name": "Colegio de Educación Infantil y Primaria Juan Ramón Jiménez"}, "agua": {"n_dentro": 0, "mas_cercana_m": 399, "mas_cercana_name": "drinking_water"}, "reciclaje": {"n_dentro": 0, "mas_cercana_m": 782, "mas_cercana_name": "recycling"}, "aparcabicis": {"n_dentro": 1}, "patrimonio": {"n_dentro": 0, "mas_cercana_m": 523, "mas_cercana_name": "Mecánicas de la memoria. Diario Patria."}}, "renta": {"2015": 6650, "2016": 7350, "2017": 6650, "2018": 6650, "2019": 8050, "2020": 7350, "2021": 8050, "2022": 8750, "2023": 9450}, "vft": {"n_vfts": 0, "n_plazas": 0, "viviendas_total": 744, "viviendas_fuente": "censo2021", "ratio_vft_pct": 0.0, "serie": {"2015": 0, "2016": 0, "2017": 0, "2018": 0, "2019": 0, "2020": 0, "2021": 0, "2022": 0, "2023": 0, "2024": 0, "2025": 0}}, "renta_med_uc": {"2015": 6650, "2016": 7350, "2017": 6650, "2018": 6650, "2019": 8050, "2020": 7350, "2021": 8050, "2022": 8750, "2023": 9450}, "renta_hogar": {"2015": 14803, "2016": 14527, "2017": 15063, "2018": 15625, "2019": 15984, "2020": 15968, "2021": 17053, "2022": 17772, "2023": 19840}, "renta_persona": {"2015": 5226, "2016": 5150, "2017": 5308, "2018": 5675, "2019": 5792, "2020": 5738, "2021": 6314, "2022": 6677, "2023": 7368}}, "geometry": {"type": "MultiPolygon", "coordinates": [[[[-3.599428399646326, 37.199835993153364], [-3.599514776201397, 37.19963110520939], [-3.599154599311525, 37.19944074551367], [-3.599057787642168, 37.199552110824115], [-3.598937462549967, 37.19948483846509], [-3.598704935614378, 37.1997484102639], [-3.598411067289351, 37.199590708887904], [-3.598317638016639, 37.19953957930251], [-3.598368849772069, 37.199481411148135], [-3.598016410889421, 37.19927432398745], [-3.598166016401594, 37.19910951039863], [-3.598297458286591, 37.19896472189863], [-3.598398691805875, 37.19885319063746], [-3.598482699019959, 37.19875989058427], [-3.598559368612954, 37.19867292472111], [-3.598641500528015, 37.19857978276002], [-3.598667992534335, 37.19854974045401], [-3.598514954292606, 37.19846359991224], [-3.598451022407207, 37.19842766771024], [-3.598381167724132, 37.19840154557356], [-3.598311557436194, 37.19837640108079], [-3.598097695661679, 37.19822099085229], [-3.598422352165971, 37.19786501750017], [-3.598444249011177, 37.197841127969696], [-3.599001697259432, 37.19760094962829], [-3.599241113076574, 37.19749780045939], [-3.59912861618109, 37.19733421468753], [-3.598850841767203, 37.19726784924933], [-3.598633025228125, 37.19721581531753], [-3.598500522901187, 37.19718414078273], [-3.598435672017969, 37.19716868488921], [-3.598361854771246, 37.197152313356575], [-3.598398521244438, 37.19703231862683], [-3.59841226448596, 37.197007586913344], [-3.598533889476167, 37.196820888452486], [-3.598597992300687, 37.19685580478465], [-3.598729770855311, 37.196804318842986], [-3.598795854523015, 37.19674463308288], [-3.598864449416335, 37.19668205822497], [-3.598909720343683, 37.19664010898651], [-3.598961530014235, 37.19657591528297], [-3.599029676843873, 37.19649146562472], [-3.599089644150312, 37.19641713584029], [-3.599148717860595, 37.19634395442058], [-3.599201304499717, 37.19627889133732], [-3.599231628034371, 37.196247040239534], [-3.599322901808065, 37.19615122936791], [-3.599360373603419, 37.1961128294612], [-3.599489907328063, 37.195999121396504], [-3.599366481739727, 37.19583758680465], [-3.599654853261378, 37.195668614071955], [-3.599763161624166, 37.19580142878557], [-3.599950358281799, 37.19581903353457], [-3.600364059904786, 37.19566006533731], [-3.600855000955091, 37.1953871871027], [-3.60134065939909, 37.195188302511674], [-3.601397137603894, 37.19546673401882], [-3.60140902654259, 37.19552516188516], [-3.601416969146226, 37.19556408005828], [-3.601371825392389, 37.195667974696086], [-3.601191649277083, 37.19608200423582], [-3.601172842762684, 37.19612527671352], [-3.600972991905697, 37.19657086097551], [-3.600864714557317, 37.19681215599429], [-3.600533724258648, 37.197549749466546], [-3.600178963673592, 37.19834064493647], [-3.600161705121514, 37.19837904184287], [-3.599671226359566, 37.19971379372887], [-3.599605166966697, 37.19989360117965], [-3.599428399646326, 37.199835993153364]]]]}}, {"type": "Feature", "properties": {"CUSEC": "1808703021", "CDIS": "03", "CSEC": "021", "NMUN": "Granada", "poblaciones": {"2015": 1262, "2016": 1264, "2017": 1286, "2018": 1368, "2019": 1391, "2020": 1402, "2021": 1440, "2022": 1388, "2023": 1377, "2024": 1449, "2025": 1478}, "superficie_verde_m2": 3301, "estacion_cercana": {"name": "Granada Norte", "distancia_m": 2863}, "superficie_verde_desglose": {"parques": 2371, "jardines": 929, "arbolado": 0}, "centroide": [-3.581834, 37.203734], "equipamientos": {"sanidad": {"n_dentro": 0, "mas_cercana_m": 1094, "mas_cercana_name": "Farmacia Parque Nueva Granada Soledad Avila Rojas"}, "educacion": {"n_dentro": 3}, "agua": {"n_dentro": 0, "mas_cercana_m": 1184, "mas_cercana_name": "fountain"}, "reciclaje": {"n_dentro": 0, "mas_cercana_m": 1278, "mas_cercana_name": "recycling"}, "aparcabicis": {"n_dentro": 0, "mas_cercana_m": 1280, "mas_cercana_name": "bicycle_parking"}, "patrimonio": {"n_dentro": 0, "mas_cercana_m": 961, "mas_cercana_name": "Albayzin"}}, "renta": {"2015": 6650, "2016": 6650, "2017": 7350, "2018": 7350, "2019": 7350, "2020": 7350, "2021": 8050, "2022": 8750, "2023": 9450}, "vft": {"n_vfts": 2, "n_plazas": 13, "viviendas_total": 654, "viviendas_fuente": "censo2021", "ratio_vft_pct": 0.31, "serie": {"2015": 0, "2016": 0, "2017": 0, "2018": 0, "2019": 0, "2020": 0, "2021": 0, "2022": 0, "2023": 0, "2024": 2, "2025": 2}}, "renta_med_uc": {"2015": 6650, "2016": 6650, "2017": 7350, "2018": 7350, "2019": 7350, "2020": 7350, "2021": 8050, "2022": 8750, "2023": 9450}, "renta_hogar": {"2015": 13868, "2016": 14390, "2017": 15344, "2018": 15983, "2019": 16619, "2020": 16836, "2021": 16856, "2022": 18033, "2023": 19450}, "renta_persona": {"2015": 5025, "2016": 5135, "2017": 5458, "2018": 5557, "2019": 5688, "2020": 5741, "2021": 6040, "2022": 6610, "2023": 6899}}, "geometry": {"type": "MultiPolygon", "coordinates": [[[[-3.568457818095794, 37.20977162055975], [-3.568242493671831, 37.20972440633181], [-3.567835681257065, 37.20960214351221], [-3.567896016442928, 37.209433546838945], [-3.568204243388336, 37.209206720754224], [-3.568247874224416, 37.20901719060608], [-3.568499943660402, 37.20881770124605], [-3.568576058134739, 37.20844773523312], [-3.568856596822277, 37.208284178839904], [-3.56897936947099, 37.20812583080303], [-3.56957495294383, 37.207897614200576], [-3.569826811675976, 37.20767105940771], [-3.569984138835537, 37.20761168989884], [-3.570395667209691, 37.20763680414386], [-3.570614065601771, 37.2074554372925], [-3.570702992415394, 37.20729279308023], [-3.570938478216584, 37.20713387918346], [-3.571372808358635, 37.207199389923524], [-3.571648142216248, 37.20709438889474], [-3.571859474017498, 37.20672834722224], [-3.571953085460275, 37.20643490443559], [-3.5720417699937, 37.2062406978765], [-3.572147352607913, 37.206046369066705], [-3.572303983802965, 37.205892388960635], [-3.57276913063974, 37.20555663561458], [-3.573103921485428, 37.20512682998013], [-3.5730684518541, 37.20490164178925], [-3.573163374140706, 37.20478855267326], [-3.57315148045604, 37.20470521724291], [-3.573139593484963, 37.20462187186222], [-3.573392185313074, 37.20449445984625], [-3.57342525961198, 37.204399670821], [-3.573379059683674, 37.20425113557786], [-3.573451551508597, 37.204156156643215], [-3.573704646716291, 37.20408733249639], [-3.573788724687926, 37.20403283228115], [-3.573737197342326, 37.20392492652147], [-3.573957128915902, 37.20394639881074], [-3.574394843515684, 37.20371440947339], [-3.57459153168346, 37.20364585152331], [-3.574912617697838, 37.20363528686585], [-3.575080536230535, 37.203485719225654], [-3.575743528754901, 37.20323916143614], [-3.57593385649294, 37.203075976195436], [-3.57595019494289, 37.20299926877352], [-3.576214348357096, 37.20291688704753], [-3.576511907096488, 37.20277117207463], [-3.576709527383223, 37.20282880743945], [-3.5766094934181, 37.20300959686664], [-3.576746176731465, 37.203202716171056], [-3.576920867691245, 37.20320636981834], [-3.577060906902141, 37.203097538697044], [-3.577047582368042, 37.20283166727646], [-3.577114774995828, 37.202772762490326], [-3.577435617694784, 37.202730647711306], [-3.577547569856993, 37.202630956999826], [-3.577433113625311, 37.202401652640766], [-3.577808962966438, 37.202183472334845], [-3.577983805509534, 37.20220967219779], [-3.578140945337263, 37.20212777130628], [-3.57832668921911, 37.20209533549288], [-3.578522109600871, 37.20186449371541], [-3.578792303186338, 37.20183614721402], [-3.578971907457655, 37.20174064150571], [-3.578976773450734, 37.20163695224598], [-3.578767702717339, 37.20156137113075], [-3.578806522805098, 37.20148001041172], [-3.579009398160488, 37.201488066336125], [-3.579489388533477, 37.20162543175553], [-3.579625326295115, 37.20171939654317], [-3.579997311781989, 37.20173563449951], [-3.580260054320162, 37.2014639197775], [-3.580275848006561, 37.20131960944342], [-3.580636339247782, 37.201308836275416], [-3.580765561526276, 37.20125863575862], [-3.580848480723294, 37.201050898260064], [-3.581039263107082, 37.20095079155653], [-3.581128308696314, 37.20080165625693], [-3.581274881671766, 37.200814431996754], [-3.58144461728309, 37.20090376332723], [-3.581579663442193, 37.200885046273555], [-3.581861654692573, 37.20091523125447], [-3.581905114471471, 37.20070772288151], [-3.58214872325223, 37.2008822556743], [-3.582576912955298, 37.200875669833074], [-3.58271107017268, 37.200744289911796], [-3.582806647061404, 37.200712289675394], [-3.583072574010879, 37.20085970572513], [-3.58313206456831, 37.2008470411871], [-3.583224457572464, 37.20082742799768], [-3.583442811395363, 37.200646065630025], [-3.583464123112672, 37.200488196785464], [-3.58361665167891, 37.20053703324199], [-3.583863851464771, 37.20044570851638], [-3.584004726371771, 37.20044949947342], [-3.584123872991426, 37.20055705927061], [-3.584253566919702, 37.20056998215693], [-3.584449960545741, 37.20046982877729], [-3.584601808002774, 37.20043304787471], [-3.5848217903652, 37.200463494845906], [-3.584980065755097, 37.200530319251], [-3.585639035752576, 37.20050005923834], [-3.585831092290963, 37.2005666983694], [-3.586106911261205, 37.20052927986737], [-3.586332782762829, 37.20059125739815], [-3.586501148973406, 37.20050479279062], [-3.586653511574144, 37.20053557021582], [-3.586940163721502, 37.20044855069864], [-3.586990549910799, 37.20040770741419], [-3.586972468199539, 37.200254571696135], [-3.587186498348927, 37.20024900581141], [-3.587287037457602, 37.20013132187209], [-3.587675571201599, 37.200106876298065], [-3.587862779123397, 37.20026817863814], [-3.587997793465697, 37.20024498889955], [-3.588092789730776, 37.20013634038034], [-3.588318234033873, 37.20015323725604], [-3.588606378448774, 37.200250998619595], [-3.588803524532902, 37.20025002070162], [-3.588949518141949, 37.20018167738802], [-3.589004749967441, 37.20003718787261], [-3.589312980065028, 37.19982380080456], [-3.589442523067536, 37.19982316261508], [-3.58971374200538, 37.199921000096545], [-3.589871534969381, 37.199924700760825], [-3.590119179920015, 37.19989193823854], [-3.590485349535773, 37.199885595806755], [-3.590754827149839, 37.19975805454672], [-3.591041654084642, 37.19969805271383], [-3.59133379515152, 37.19958841513872], [-3.591380342343399, 37.199549842653724], [-3.591982223159008, 37.19969383311698], [-3.593332827653022, 37.19973575901445], [-3.59419551040949, 37.19960492998061], [-3.59525143378742, 37.19893809912921], [-3.59597605942881, 37.19831994391703], [-3.596059772840376, 37.198254320909456], [-3.596456472795489, 37.198043314937955], [-3.59669368403042, 37.19791714313631], [-3.597056917729768, 37.197552046305866], [-3.597220036256173, 37.19739617074633], [-3.597385522928727, 37.19746969912989], [-3.597745220419937, 37.1970768143427], [-3.597890790742225, 37.19705018344242], [-3.597903182706645, 37.19705054455848], [-3.598361854771246, 37.197152313356575], [-3.598435672017969, 37.19716868488921], [-3.598500522901187, 37.19718414078273], [-3.598633025228125, 37.19721581531753], [-3.598850841767203, 37.19726784924933], [-3.59912861618109, 37.19733421468753], [-3.599241113076574, 37.19749780045939], [-3.599001697259432, 37.19760094962829], [-3.598444249011177, 37.197841127969696], [-3.598422352165971, 37.19786501750017], [-3.598097695661679, 37.19822099085229], [-3.598311557436194, 37.19837640108079], [-3.598381167724132, 37.19840154557356], [-3.598451022407207, 37.19842766771024], [-3.598514954292606, 37.19846359991224], [-3.598667992534335, 37.19854974045401], [-3.598641500528015, 37.19857978276002], [-3.598559368612954, 37.19867292472111], [-3.598482699019959, 37.19875989058427], [-3.598398691805875, 37.19885319063746], [-3.598297458286591, 37.19896472189863], [-3.598166016401594, 37.19910951039863], [-3.598016410889421, 37.19927432398745], [-3.598368849772069, 37.199481411148135], [-3.598317638016639, 37.19953957930251], [-3.598411067289351, 37.199590708887904], [-3.598704935614378, 37.1997484102639], [-3.598937462549967, 37.19948483846509], [-3.599057787642168, 37.199552110824115], [-3.599154599311525, 37.19944074551367], [-3.599514776201397, 37.19963110520939], [-3.599428399646326, 37.199835993153364], [-3.599393101187312, 37.199884409231814], [-3.599142626655638, 37.20021617338053], [-3.59898317221896, 37.2003224830886], [-3.598913953096319, 37.20036863314708], [-3.598826856034343, 37.20042670800724], [-3.598742005272807, 37.20048329315547], [-3.598692671389732, 37.200516182151404], [-3.598618246296123, 37.20056580980395], [-3.598522448738708, 37.20063035177489], [-3.598497599348523, 37.20064860445651], [-3.598438192066635, 37.20069230604196], [-3.59841709726964, 37.200709412990676], [-3.598366455489062, 37.20075209314396], [-3.598329866580011, 37.20078292011143], [-3.598284497136705, 37.200821161251646], [-3.598228648784773, 37.200868221398316], [-3.598201575989521, 37.20089104632477], [-3.598032380171747, 37.200799059198935], [-3.597948521087552, 37.20075349674006], [-3.597797869534751, 37.200671682605304], [-3.597641623785798, 37.20058575907751], [-3.597451480839637, 37.20047942285317], [-3.59738365567213, 37.200441496001254], [-3.597595473179344, 37.20017874788583], [-3.596841212487093, 37.19975554948069], [-3.596325435279045, 37.19946609356404], [-3.596117744866631, 37.19934950353872], [-3.595861024229237, 37.19920549131702], [-3.595715377892541, 37.19933132812869], [-3.595459897497423, 37.19945570587075], [-3.595205131093547, 37.199668971872704], [-3.594984377871076, 37.19986154974792], [-3.594771950041255, 37.200026733350114], [-3.59462744201449, 37.20013004164298], [-3.594457050448398, 37.200206104151235], [-3.594107282526025, 37.20029676561183], [-3.593911040009258, 37.20034561663704], [-3.59377479777282, 37.20041467434728], [-3.59361318280288, 37.200518071655274], [-3.593579305512134, 37.200559259582505], [-3.593273284649403, 37.20077962255734], [-3.593137362177805, 37.20088971954218], [-3.593026882756028, 37.20097233063614], [-3.592865003631389, 37.201041515636426], [-3.592754447761519, 37.20111729875958], [-3.592575735948373, 37.201220756761366], [-3.592457016875499, 37.201344445640174], [-3.592057799716474, 37.20167466984328], [-3.59168419371369, 37.20199793307284], [-3.59149701561862, 37.20211511587195], [-3.591232018500577, 37.202116436048925], [-3.591060208708275, 37.20200787527692], [-3.590879089408516, 37.20180364110664], [-3.590732360622193, 37.20162657910477], [-3.590637013356812, 37.20145608433459], [-3.590516375126775, 37.20133358977386], [-3.590369782807982, 37.20117020535689], [-3.590181060723544, 37.20108908503324], [-3.590018594476103, 37.20108306442879], [-3.589882984751706, 37.201234174312454], [-3.589772400455027, 37.20130310416858], [-3.589696790337457, 37.201474444477654], [-3.589544128543319, 37.201632488584885], [-3.589433914419133, 37.20174928058334], [-3.589307536011059, 37.201989253382465], [-3.589231468281343, 37.20209904811829], [-3.589138437539416, 37.202229433097806], [-3.589028618835823, 37.20240092505844], [-3.589003461658161, 37.202462597683116], [-3.588714042576955, 37.202621319704484], [-3.588236322706164, 37.20275361694257], [-3.587881677759024, 37.20284358117851], [-3.587608799050789, 37.20296019969476], [-3.587178178896467, 37.2031755528201], [-3.586799767408841, 37.203621180402685], [-3.586097570437988, 37.204120287411996], [-3.585667602853556, 37.20442208139201], [-3.585404499702455, 37.20487291770385], [-3.585096516811666, 37.205110716720746], [-3.584802198940745, 37.20525047442223], [-3.584284394024311, 37.20537405232016], [-3.583975523206556, 37.205496603539046], [-3.583638130726808, 37.20565962848039], [-3.583221820612756, 37.205863395766976], [-3.582891535799837, 37.206014844781116], [-3.582625970572417, 37.20614871368334], [-3.582532497546947, 37.20617221314765], [-3.582251379410455, 37.20615631274409], [-3.581905628912308, 37.206169528886406], [-3.581653690507526, 37.206199582161496], [-3.581538325772873, 37.20618862779743], [-3.581221710164901, 37.20624203651238], [-3.580753042524909, 37.2061982331112], [-3.580010544336935, 37.206149990083716], [-3.579363311344032, 37.206308756025884], [-3.578975438305528, 37.20646625826552], [-3.578667823539053, 37.206755910707486], [-3.578237245285824, 37.206982769965705], [-3.577928155073931, 37.20707648428004], [-3.577662708979017, 37.2072276258196], [-3.577101347551271, 37.20731102823376], [-3.576369064545148, 37.20766037472828], [-3.575528370162932, 37.207964149544914], [-3.575112170830295, 37.208190927592376], [-3.574378015461026, 37.2082924528791], [-3.573830130414438, 37.20825476526365], [-3.573282545390486, 37.20825741216621], [-3.572864647651744, 37.20825943032054], [-3.572526284458414, 37.208295641180115], [-3.572303661418827, 37.208394688234364], [-3.572344868310786, 37.20843862704276], [-3.572065613131461, 37.208656328000835], [-3.571717481758374, 37.20920136124511], [-3.571404340374458, 37.20953398758359], [-3.571035127315717, 37.209921176463936], [-3.570840934936524, 37.21010909323254], [-3.570322127948645, 37.210271861025255], [-3.570198145066292, 37.21028009005615], [-3.569892442134652, 37.210231954555965], [-3.569696983843611, 37.21025197378457], [-3.569582428101082, 37.210244893444006], [-3.56946249866518, 37.21015770356635], [-3.569361079864376, 37.20999410585172], [-3.56925514912491, 37.20986487302672], [-3.56915927535116, 37.209804279280945], [-3.569049490684849, 37.209797174595494], [-3.568892342804338, 37.209836089256896], [-3.56876827453165, 37.20983286853169], [-3.568572387496596, 37.20979565002931], [-3.568457818095794, 37.20977162055975]]]]}}, {"type": "Feature", "properties": {"CUSEC": "1808703023", "CDIS": "03", "CSEC": "023", "NMUN": "Granada", "poblaciones": {"2015": 1721, "2016": 1629, "2017": 1663, "2018": 1646, "2019": 1652, "2020": 1705, "2021": 1729, "2022": 1597, "2023": 1590, "2024": 1606, "2025": 1642}, "superficie_verde_m2": 3072, "estacion_cercana": {"name": "Granada Norte", "distancia_m": 1584}, "superficie_verde_desglose": {"parques": 2803, "jardines": 269, "arbolado": 0}, "centroide": [-3.598772, 37.205068], "equipamientos": {"sanidad": {"n_dentro": 0, "mas_cercana_m": 276, "mas_cercana_name": "Farmacia Marina Serrano Peñuela"}, "educacion": {"n_dentro": 0, "mas_cercana_m": 264, "mas_cercana_name": "Colegio de Educación Infantil y Primaria Parque Nueva Granada"}, "agua": {"n_dentro": 0, "mas_cercana_m": 328, "mas_cercana_name": "fountain"}, "reciclaje": {"n_dentro": 0, "mas_cercana_m": 219, "mas_cercana_name": "waste_disposal"}, "aparcabicis": {"n_dentro": 0, "mas_cercana_m": 228, "mas_cercana_name": "bicycle_parking"}, "patrimonio": {"n_dentro": 0, "mas_cercana_m": 1188, "mas_cercana_name": "viewpoint"}}, "renta": {"2015": 5250, "2016": 5250, "2017": 5950, "2018": 5950, "2019": 7350, "2020": 6650, "2021": 7350, "2022": 7350, "2023": 8750}, "vft": {"n_vfts": 1, "n_plazas": 8, "viviendas_total": 825, "viviendas_fuente": "censo2021", "ratio_vft_pct": 0.12, "serie": {"2015": 0, "2016": 0, "2017": 0, "2018": 0, "2019": 0, "2020": 0, "2021": 0, "2022": 0, "2023": 0, "2024": 1, "2025": 1}}, "renta_med_uc": {"2015": 5250, "2016": 5250, "2017": 5950, "2018": 5950, "2019": 7350, "2020": 6650, "2021": 7350, "2022": 7350, "2023": 8750}, "renta_hogar": {"2015": 12969, "2016": 13061, "2017": 13914, "2018": 14368, "2019": 15298, "2020": 15576, "2021": 16260, "2022": 17252, "2023": 18807}, "renta_persona": {"2015": 4285, "2016": 4367, "2017": 4549, "2018": 4765, "2019": 5112, "2020": 5069, "2021": 5631, "2022": 6055, "2023": 6722}}, "geometry": {"type": "MultiPolygon", "coordinates": [[[[-3.596919370809786, 37.206743599908854], [-3.597019871001261, 37.20622312997215], [-3.597154870764476, 37.20553161692682], [-3.597196024573746, 37.2053182062069], [-3.597234844831068, 37.20511601521921], [-3.597694621123809, 37.20315232330098], [-3.598491776249162, 37.20313695262832], [-3.598517206879499, 37.20313654921637], [-3.598604779414456, 37.20313540453484], [-3.599137886963548, 37.20312789504886], [-3.599646464574819, 37.203120841756466], [-3.600266913039073, 37.20311214769156], [-3.600281045632328, 37.20376087750916], [-3.60029002415166, 37.20417484973308], [-3.600297272794933, 37.204507696727305], [-3.600302059712042, 37.204727352264314], [-3.600310230571498, 37.20510049607081], [-3.600312389096636, 37.205192324096096], [-3.600322397869847, 37.205599868533724], [-3.600275110786621, 37.20560040112268], [-3.600286779579773, 37.20610926869803], [-3.600287959480519, 37.206159493129896], [-3.60029540635857, 37.206488020410205], [-3.600301048405296, 37.20673394368793], [-3.600301937625955, 37.20677364576533], [-3.599823940644996, 37.20678036683288], [-3.599760314590514, 37.20678120279608], [-3.599108313600877, 37.20679036939056], [-3.598561630396729, 37.20679807723604], [-3.598546103379638, 37.20679835850832], [-3.598514439789325, 37.20679879342395], [-3.598513284744702, 37.20703867481442], [-3.596919370809786, 37.206743599908854]]]]}}, {"type": "Feature", "properties": {"CUSEC": "1808703024", "CDIS": "03", "CSEC": "024", "NMUN": "Granada", "poblaciones": {"2015": 964, "2016": 920, "2017": 878, "2018": 875, "2019": 843, "2020": 853, "2021": 859, "2022": 771, "2023": 733, "2024": 732, "2025": 736}, "superficie_verde_m2": 9500, "estacion_cercana": {"name": "Granada Norte", "distancia_m": 1776}, "superficie_verde_desglose": {"parques": 0, "jardines": 1018, "arbolado": 8482}, "centroide": [-3.600269, 37.208672], "equipamientos": {"sanidad": {"n_dentro": 0, "mas_cercana_m": 405, "mas_cercana_name": "Farmacia M Mercedes Barroinuevo Díaz"}, "educacion": {"n_dentro": 0, "mas_cercana_m": 428, "mas_cercana_name": "Colegio de Educación Infantil y Primaria Parque Nueva Granada"}, "agua": {"n_dentro": 0, "mas_cercana_m": 611, "mas_cercana_name": "fountain"}, "reciclaje": {"n_dentro": 0, "mas_cercana_m": 530, "mas_cercana_name": "waste_disposal"}, "aparcabicis": {"n_dentro": 0, "mas_cercana_m": 467, "mas_cercana_name": "bicycle_parking"}, "patrimonio": {"n_dentro": 0, "mas_cercana_m": 1609, "mas_cercana_name": "viewpoint"}}, "renta": {"2015": 4550, "2016": 3850, "2017": 4550, "2018": 5250, "2019": 5250, "2020": 5950, "2021": 6650, "2022": 6650, "2023": 7350}, "vft": {"n_vfts": 0, "n_plazas": 0, "viviendas_total": 449, "viviendas_fuente": "censo2021", "ratio_vft_pct": 0.0, "serie": {"2015": 0, "2016": 0, "2017": 0, "2018": 0, "2019": 0, "2020": 0, "2021": 0, "2022": 0, "2023": 0, "2024": 0, "2025": 0}}, "renta_med_uc": {"2015": 4550, "2016": 3850, "2017": 4550, "2018": 5250, "2019": 5250, "2020": 5950, "2021": 6650, "2022": 6650, "2023": 7350}, "renta_hogar": {"2015": 11388, "2016": 11550, "2017": 12087, "2018": 12537, "2019": 13605, "2020": 13646, "2021": 14650, "2022": 15640, "2023": 17450}, "renta_persona": {"2015": 3601, "2016": 3380, "2017": 3605, "2018": 3810, "2019": 4053, "2020": 4189, "2021": 4687, "2022": 5042, "2023": 5551}}, "geometry": {"type": "MultiPolygon", "coordinates": [[[[-3.594630543010786, 37.21015497768191], [-3.596553680231195, 37.20787447933156], [-3.596739589422223, 37.20758376688207], [-3.596798061029426, 37.207376655527796], [-3.596799058812223, 37.2073717018252], [-3.596869474473272, 37.20700202529363], [-3.596919370809786, 37.206743599908854], [-3.598513284744702, 37.20703867481442], [-3.598514439789325, 37.20679879342395], [-3.598546103379638, 37.20679835850832], [-3.598561630396729, 37.20679807723604], [-3.599108313600877, 37.20679036939056], [-3.599760314590514, 37.20678120279608], [-3.599823940644996, 37.20678036683288], [-3.600301937625955, 37.20677364576533], [-3.600301048405296, 37.20673394368793], [-3.60029540635857, 37.206488020410205], [-3.600287959480519, 37.206159493129896], [-3.600286779579773, 37.20610926869803], [-3.600275110786621, 37.20560040112268], [-3.600322397869847, 37.205599868533724], [-3.60075791523839, 37.205595338593305], [-3.60139054156308, 37.20558869960211], [-3.601437666640859, 37.20558820344635], [-3.601892664607341, 37.205583345976024], [-3.602053076107848, 37.205581756498034], [-3.602781032611344, 37.205574076579], [-3.603077856926889, 37.2055709405635], [-3.604000057873511, 37.20556121124033], [-3.604048561728881, 37.20590451464568], [-3.604079086372493, 37.20612049709659], [-3.604120911093709, 37.20641665533128], [-3.604153490218009, 37.20664715329204], [-3.604180379287367, 37.20673780584361], [-3.604217190026649, 37.206862102031145], [-3.604217051654242, 37.20688220390898], [-3.604215381428615, 37.20704318856069], [-3.604213399254823, 37.20706384068142], [-3.604202877148507, 37.20717114807186], [-3.604184297620433, 37.20722958130444], [-3.604177140606545, 37.20725208514886], [-3.604146247742517, 37.20733451689487], [-3.604142831799718, 37.207343543787694], [-3.604139981814387, 37.207367725698965], [-3.604095098192833, 37.207745825048406], [-3.604068172585225, 37.207972547603504], [-3.604047909156953, 37.208143673118194], [-3.603978831924013, 37.2085442332837], [-3.603933261747977, 37.20876268948124], [-3.603879809696048, 37.209018251303654], [-3.603715688881761, 37.209590204331036], [-3.603706887636642, 37.20962082008279], [-3.603645313037525, 37.20981312343245], [-3.603580159637147, 37.21001670704035], [-3.602703016352389, 37.21140449915751], [-3.602501912976676, 37.21148898081533], [-3.601705446938149, 37.21154742691715], [-3.600926847665009, 37.21142515954274], [-3.600385867953842, 37.211427916348455], [-3.599180459954245, 37.21148811739778], [-3.598604648502074, 37.21135580019845], [-3.598366321135128, 37.21114970730167], [-3.598070165144054, 37.21075455293776], [-3.597697071611163, 37.210603190433915], [-3.596647533492837, 37.21041917916386], [-3.594630543010786, 37.21015497768191]]]]}}, {"type": "Feature", "properties": {"CUSEC": "1808703025", "CDIS": "03", "CSEC": "025", "NMUN": "Granada", "poblaciones": {"2015": 1301, "2016": 931, "2017": 977, "2018": 954, "2019": 960, "2020": 973, "2021": 981, "2022": 968, "2023": 960, "2024": 946, "2025": 1039}, "superficie_verde_m2": 4334, "estacion_cercana": {"name": "Granada Norte", "distancia_m": 1044}, "superficie_verde_desglose": {"parques": 0, "jardines": 4334, "arbolado": 0}, "centroide": [-3.601398, 37.198827], "equipamientos": {"sanidad": {"n_dentro": 1}, "educacion": {"n_dentro": 1}, "agua": {"n_dentro": 0, "mas_cercana_m": 365, "mas_cercana_name": "fountain"}, "reciclaje": {"n_dentro": 0, "mas_cercana_m": 830, "mas_cercana_name": "waste_disposal"}, "aparcabicis": {"n_dentro": 0, "mas_cercana_m": 232, "mas_cercana_name": "bicycle_parking"}, "patrimonio": {"n_dentro": 0, "mas_cercana_m": 730, "mas_cercana_name": "Mecánicas de la memoria. Diario Patria."}}, "renta": {"2015": 12250, "2016": 12250, "2017": 12250, "2018": 12250, "2019": 12950, "2020": 12250, "2021": 12250, "2022": 13650, "2023": 13650}, "vft": {"n_vfts": 6, "n_plazas": 29, "viviendas_total": 673, "viviendas_fuente": "censo2021", "ratio_vft_pct": 0.89, "serie": {"2015": 0, "2016": 1, "2017": 1, "2018": 1, "2019": 1, "2020": 1, "2021": 1, "2022": 1, "2023": 1, "2024": 6, "2025": 6}}, "renta_med_uc": {"2015": 12250, "2016": 12250, "2017": 12250, "2018": 12250, "2019": 12950, "2020": 12250, "2021": 12250, "2022": 13650, "2023": 13650}, "renta_hogar": {"2015": 21421, "2016": 20752, "2017": 20700, "2018": 21358, "2019": 22048, "2020": 22212, "2021": 24534, "2022": 24131, "2023": 24991}, "renta_persona": {"2015": 9118, "2016": 9011, "2017": 8816, "2018": 9392, "2019": 9823, "2020": 9988, "2021": 11167, "2022": 10961, "2023": 11703}}, "geometry": {"type": "MultiPolygon", "coordinates": [[[[-3.600533724258648, 37.197549749466546], [-3.600612396247306, 37.197552988680954], [-3.601097301505069, 37.19757150392571], [-3.601322690827189, 37.197571430046295], [-3.601814531045917, 37.197571393311016], [-3.601864240031541, 37.19757140218187], [-3.602364526213623, 37.19757129771811], [-3.602401131006811, 37.197571372993856], [-3.602401074266765, 37.19756692667948], [-3.603282160141352, 37.197562443073316], [-3.603282539703803, 37.19761014048668], [-3.603271638895035, 37.19773898341986], [-3.603267043600884, 37.19791072337883], [-3.603263471971729, 37.198211246433075], [-3.603299956799311, 37.19915704566426], [-3.603267056270534, 37.199168584360464], [-3.602633542032788, 37.19939085775967], [-3.601787406320933, 37.19968764324668], [-3.601352146508614, 37.199840379967306], [-3.600763867131366, 37.20004674292888], [-3.600701568343194, 37.20006860138442], [-3.60043196354931, 37.20016315752198], [-3.600437002626486, 37.200164844639396], [-3.600435821570954, 37.200242645868364], [-3.59943296639364, 37.20059789743719], [-3.599316191410025, 37.200639266662634], [-3.599035774064565, 37.20072141248766], [-3.599101146548107, 37.20063265465404], [-3.599126801574948, 37.20059944356204], [-3.599374202709795, 37.20027856678726], [-3.599437441060077, 37.20017438761008], [-3.599601043308672, 37.19990506982021], [-3.599605166966697, 37.19989360117965], [-3.599671226359566, 37.19971379372887], [-3.600161705121514, 37.19837904184287], [-3.600178963673592, 37.19834064493647], [-3.600533724258648, 37.197549749466546]]]]}}, {"type": "Feature", "properties": {"CUSEC": "1808703026", "CDIS": "03", "CSEC": "026", "NMUN": "Granada", "poblaciones": {"2015": 1574, "2016": 1510, "2017": 1540, "2018": 1587, "2019": 1593, "2020": 1630, "2021": 1653, "2022": 1611, "2023": 1715, "2024": 1759, "2025": 1775}, "superficie_verde_m2": 17668, "estacion_cercana": {"name": "Granada Norte", "distancia_m": 1038}, "superficie_verde_desglose": {"parques": 16936, "jardines": 165, "arbolado": 567}, "centroide": [-3.602987, 37.201372], "equipamientos": {"sanidad": {"n_dentro": 0, "mas_cercana_m": 128, "mas_cercana_name": "Farmacia Mónica Revilla"}, "educacion": {"n_dentro": 2}, "agua": {"n_dentro": 1}, "reciclaje": {"n_dentro": 0, "mas_cercana_m": 723, "mas_cercana_name": "waste_disposal"}, "aparcabicis": {"n_dentro": 3}, "patrimonio": {"n_dentro": 0, "mas_cercana_m": 1043, "mas_cercana_name": "Mecánicas de la memoria. Diario Patria."}}, "renta": {"2015": 8750, "2016": 8750, "2017": 8750, "2018": 9450, "2019": 9450, "2020": 8750, "2021": 9450, "2022": 10150, "2023": 10850}, "vft": {"n_vfts": 0, "n_plazas": 0, "viviendas_total": 858, "viviendas_fuente": "censo2021", "ratio_vft_pct": 0.0, "serie": {"2015": 0, "2016": 0, "2017": 0, "2018": 0, "2019": 0, "2020": 0, "2021": 0, "2022": 0, "2023": 0, "2024": 0, "2025": 0}}, "renta_med_uc": {"2015": 8750, "2016": 8750, "2017": 8750, "2018": 9450, "2019": 9450, "2020": 8750, "2021": 9450, "2022": 10150, "2023": 10850}, "renta_hogar": {"2015": 17064, "2016": 17585, "2017": 17946, "2018": 18343, "2019": 19028, "2020": 18739, "2021": 19465, "2022": 20786, "2023": 22901}, "renta_persona": {"2015": 6504, "2016": 6829, "2017": 6890, "2018": 7045, "2019": 7160, "2020": 6964, "2021": 7458, "2022": 7963, "2023": 8544}}, "geometry": {"type": "MultiPolygon", "coordinates": [[[[-3.602633542032788, 37.19939085775967], [-3.603267056270534, 37.199168584360464], [-3.603299956799311, 37.19915704566426], [-3.604076707012079, 37.198884621001184], [-3.604117732974828, 37.19887239614425], [-3.604358305310872, 37.19880105556315], [-3.604416760556822, 37.1990649501803], [-3.60458721232068, 37.19954451973867], [-3.604649714707165, 37.199665638101955], [-3.604463111679333, 37.199932384987875], [-3.604442734489124, 37.20057248393797], [-3.604441540469695, 37.20060800964946], [-3.604417196986776, 37.20113285699514], [-3.604387929249778, 37.2017661550488], [-3.604368193873495, 37.20219205028507], [-3.604359468395595, 37.20238537718118], [-3.604345794319389, 37.202691008413034], [-3.60432030811913, 37.20282660510079], [-3.60431388435258, 37.202860458341156], [-3.604245000008934, 37.20306651335901], [-3.604151140175811, 37.20306715884502], [-3.60407101776853, 37.203067751331716], [-3.603901177577327, 37.203061305144935], [-3.603590918091462, 37.20306569157557], [-3.6034587819606, 37.203067544708745], [-3.603177857302596, 37.20307148405616], [-3.602799426887824, 37.20307672840525], [-3.6025369867925, 37.203080427946404], [-3.602507307879575, 37.20308083489947], [-3.602247514656857, 37.20308451582989], [-3.602177502741311, 37.203085407179294], [-3.601426424056989, 37.20309595537102], [-3.60094248888995, 37.20310278312925], [-3.600938587031699, 37.202921774145466], [-3.60093653874399, 37.202843791022644], [-3.600916210341903, 37.20209008869811], [-3.600891375210022, 37.20117194350612], [-3.60137472541336, 37.2011662267897], [-3.601931575126176, 37.20115970739367], [-3.602159637141844, 37.201157130440244], [-3.602560418950088, 37.20115240095283], [-3.602564293804876, 37.200600349277934], [-3.60256399049499, 37.20058203890268], [-3.602561696886127, 37.200430155843456], [-3.602559996424937, 37.200317592389474], [-3.602651149542452, 37.20031424963732], [-3.602633542032788, 37.19939085775967]]]]}}, {"type": "Feature", "properties": {"CUSEC": "1808703027", "CDIS": "03", "CSEC": "027", "NMUN": "Granada", "poblaciones": {"2015": 1244, "2016": 1197, "2017": 1186, "2018": 1210, "2019": 1186, "2020": 1170, "2021": 1306, "2022": 1289, "2023": 1275, "2024": 1292, "2025": 1330}, "superficie_verde_m2": 15632, "estacion_cercana": {"name": "Granada Norte", "distancia_m": 509}, "superficie_verde_desglose": {"parques": 13886, "jardines": 1019, "arbolado": 727}, "centroide": [-3.606957, 37.196579], "equipamientos": {"sanidad": {"n_dentro": 3}, "educacion": {"n_dentro": 0, "mas_cercana_m": 278, "mas_cercana_name": "Colegio Padre Manjón"}, "agua": {"n_dentro": 0, "mas_cercana_m": 249, "mas_cercana_name": "drinking_water"}, "reciclaje": {"n_dentro": 0, "mas_cercana_m": 595, "mas_cercana_name": "recycling"}, "aparcabicis": {"n_dentro": 0, "mas_cercana_m": 331, "mas_cercana_name": "bicycle_parking"}, "patrimonio": {"n_dentro": 0, "mas_cercana_m": 984, "mas_cercana_name": "Mecánicas de la memoria. Diario Patria."}}, "renta": {"2015": 15050, "2016": 16450, "2017": 15750, "2018": 15750, "2019": 17150, "2020": 17850, "2021": 17850, "2022": 18550, "2023": 21350}, "vft": {"n_vfts": 6, "n_plazas": 41, "viviendas_total": 868, "viviendas_fuente": "censo2021", "ratio_vft_pct": 0.69, "serie": {"2015": 0, "2016": 0, "2017": 0, "2018": 1, "2019": 1, "2020": 1, "2021": 1, "2022": 2, "2023": 2, "2024": 6, "2025": 6}}, "renta_med_uc": {"2015": 15050, "2016": 16450, "2017": 15750, "2018": 15750, "2019": 17150, "2020": 17850, "2021": 17850, "2022": 18550, "2023": 21350}, "renta_hogar": {"2015": 25843, "2016": 26430, "2017": 26678, "2018": 27443, "2019": 28951, "2020": 28910, "2021": 29856, "2022": 30632, "2023": 34076}, "renta_persona": {"2015": 11022, "2016": 11547, "2017": 11978, "2018": 12141, "2019": 13230, "2020": 13219, "2021": 13802, "2022": 14631, "2023": 16253}}, "geometry": {"type": "MultiPolygon", "coordinates": [[[[-3.604221872501113, 37.19674151615506], [-3.604247303237324, 37.19657584895649], [-3.604306288908056, 37.19619084793421], [-3.604318617067434, 37.196110276554506], [-3.604324907225054, 37.196066089414444], [-3.604351948215205, 37.195877022645206], [-3.604735011724943, 37.19580098004086], [-3.605045016745603, 37.19573935766041], [-3.605333478322133, 37.19568209374897], [-3.605629908852762, 37.19562324339908], [-3.605920731403483, 37.19556543416442], [-3.606208280501545, 37.19550836298829], [-3.606571753820304, 37.19543615099676], [-3.60650132945884, 37.19520852418982], [-3.606586548496451, 37.19519168331025], [-3.60644479353549, 37.19475009228724], [-3.60820161960669, 37.19440017675663], [-3.608600886895852, 37.19431585648317], [-3.608615786339438, 37.19437682271775], [-3.608704016873809, 37.1945880423605], [-3.608780148312416, 37.194729464742544], [-3.608795423415758, 37.19475776230241], [-3.608924160808302, 37.194949884773], [-3.609134106665892, 37.195228616076335], [-3.609237064146183, 37.19536521743884], [-3.609240441494189, 37.19536975664415], [-3.609558959927509, 37.19579142792654], [-3.609576154615402, 37.195822970454586], [-3.609693710236097, 37.196038625617135], [-3.609702888552857, 37.19605552558756], [-3.609713826609959, 37.19607547134243], [-3.609729598847698, 37.19609965583403], [-3.609854741536207, 37.1962920030554], [-3.610211135173701, 37.196839926674784], [-3.610337319846868, 37.197033889602864], [-3.609738695649018, 37.1972315797413], [-3.609703295638853, 37.197243281817464], [-3.608378497749285, 37.197626421372426], [-3.608210103836166, 37.1976751710572], [-3.607250384800728, 37.19795276944184], [-3.606011738813967, 37.1983109994956], [-3.605938754903112, 37.19833212303062], [-3.604358305310872, 37.19880105556315], [-3.604325438064455, 37.19865276280678], [-3.604260375567166, 37.19836211675094], [-3.604255008307379, 37.198319958648426], [-3.604153685740763, 37.19753048645739], [-3.604166725450561, 37.19711907901016], [-3.604191556727511, 37.196938960050325], [-3.604192210353287, 37.19693472915383], [-3.604221872501113, 37.19674151615506]]]]}}, {"type": "Feature", "properties": {"CUSEC": "1808701001", "CDIS": "01", "CSEC": "001", "NMUN": "Granada", "poblaciones": {"2015": 1233, "2016": 1184, "2017": 1216, "2018": 1181, "2019": 1187, "2020": 1218, "2021": 1226, "2022": 1199, "2023": 1230, "2024": 1256, "2025": 1270}, "superficie_verde_m2": 2899, "estacion_cercana": {"name": "Granada Palacio de Congresos", "distancia_m": 1136}, "superficie_verde_desglose": {"parques": 2709, "jardines": 190, "arbolado": 0}, "centroide": [-3.599804, 37.176233], "equipamientos": {"sanidad": {"n_dentro": 8}, "educacion": {"n_dentro": 1}, "agua": {"n_dentro": 4}, "reciclaje": {"n_dentro": 7}, "aparcabicis": {"n_dentro": 5}, "patrimonio": {"n_dentro": 8}}, "renta": {"2015": 17150, "2016": 17850, "2017": 18550, "2018": 18550, "2019": 19950, "2020": 17850, "2021": 20650, "2022": 21350, "2023": 22750}, "vft": {"n_vfts": 250, "n_plazas": 1167, "viviendas_total": 1519, "viviendas_fuente": "censo2021", "ratio_vft_pct": 16.46, "serie": {"2015": 0, "2016": 9, "2017": 33, "2018": 66, "2019": 100, "2020": 111, "2021": 122, "2022": 157, "2023": 195, "2024": 247, "2025": 249}}, "renta_med_uc": {"2015": 17150, "2016": 17850, "2017": 18550, "2018": 18550, "2019": 19950, "2020": 17850, "2021": 20650, "2022": 21350, "2023": 22750}, "renta_hogar": {"2015": 29916, "2016": 31345, "2017": 32784, "2018": 31965, "2019": 32432, "2020": 31458, "2021": 31653, "2022": 34687, "2023": 38751}, "renta_persona": {"2015": 14325, "2016": 15252, "2017": 15759, "2018": 15968, "2019": 16202, "2020": 15541, "2021": 16132, "2022": 17960, "2023": 19809}}, "geometry": {"type": "MultiPolygon", "coordinates": [[[[-3.597656125649642, 37.17774998622802], [-3.59829625909828, 37.17752806730846], [-3.598315215054849, 37.17752124262114], [-3.598449034878505, 37.17747297366445], [-3.59843155564501, 37.17744121990005], [-3.598312882909872, 37.177225381625824], [-3.598287207698782, 37.17717866988458], [-3.598219160842544, 37.1770548713849], [-3.598057802640883, 37.17676138427169], [-3.59797897955116, 37.176618025490725], [-3.597921813120873, 37.176514065852466], [-3.597711419166317, 37.17613151017072], [-3.598096511268768, 37.17584141737122], [-3.598128449790569, 37.175815909608176], [-3.598248788403128, 37.17571963711357], [-3.59824933701521, 37.17571921068437], [-3.598300722620344, 37.175682232588976], [-3.598407051152032, 37.17560571280441], [-3.598718442258881, 37.1753817655263], [-3.598645846216125, 37.17533616438033], [-3.598425684273902, 37.17519782314856], [-3.598980113465676, 37.174379556814074], [-3.599141336495206, 37.17414157898864], [-3.599190640857226, 37.17406875772156], [-3.599268124632097, 37.17415227388014], [-3.599385585610391, 37.17404587849596], [-3.59941123543001, 37.17406875255093], [-3.599674650993556, 37.1743032024208], [-3.599687299133293, 37.174318629921025], [-3.599810057688052, 37.17423691025769], [-3.599790390789358, 37.17421210314432], [-3.599864275151159, 37.174105824196815], [-3.599972145511758, 37.17395053871494], [-3.600057037631172, 37.17401426259866], [-3.600066731681837, 37.17402648610862], [-3.600390454883482, 37.1737794510363], [-3.600561202832859, 37.17364917673299], [-3.600632496813912, 37.17370837197042], [-3.600720334071803, 37.17380329603743], [-3.600848624197709, 37.17406274360459], [-3.600876102680814, 37.17411818927727], [-3.601054403047632, 37.1744787457457], [-3.601151538481954, 37.17467504905999], [-3.601157610931875, 37.17468723676775], [-3.601230878811957, 37.17483556584703], [-3.601302337216044, 37.17497997394249], [-3.601519732318705, 37.17528892424733], [-3.601593628408543, 37.17539399608429], [-3.601816039008022, 37.175710081994765], [-3.60187714686559, 37.17579696068473], [-3.601899688473533, 37.175829004622535], [-3.60203651433981, 37.176009042534844], [-3.602189385671793, 37.17621026282301], [-3.601958761128936, 37.17627582456243], [-3.601762989550966, 37.176331424130375], [-3.601547277088134, 37.17639262767487], [-3.601390265991221, 37.17643724906918], [-3.601390946156553, 37.17643849856662], [-3.60154317143648, 37.17674233050667], [-3.601700017345674, 37.176985180524184], [-3.601640240725681, 37.17702578576405], [-3.601491381104917, 37.17712713262374], [-3.600959925420752, 37.17748873618316], [-3.60087763907278, 37.17754481509925], [-3.600620533574129, 37.17771972244184], [-3.600648770345956, 37.17774544054106], [-3.600809345207908, 37.17789153880198], [-3.600835976922551, 37.17791584618663], [-3.600553781516509, 37.17805717176045], [-3.600510810609119, 37.178078653630635], [-3.600218550520679, 37.178228056403064], [-3.600145594015083, 37.17826536992719], [-3.600018727566282, 37.17831559317574], [-3.600006758427391, 37.17828427056222], [-3.599913164638675, 37.17808931953573], [-3.599900657135024, 37.17807110692788], [-3.599857419138583, 37.17807664320443], [-3.59957767595196, 37.17823065119789], [-3.599520127816301, 37.178259151778114], [-3.599370028769302, 37.178154093716714], [-3.599336341692828, 37.178109346334004], [-3.598948924727094, 37.178380479409356], [-3.598883293756428, 37.17826203245629], [-3.598322299653005, 37.17842026386987], [-3.598271055951371, 37.17843475576518], [-3.598105517811966, 37.17849896728707], [-3.598028886270999, 37.17842107990453], [-3.598012442950006, 37.178404419345625], [-3.597955052204442, 37.17832935083996], [-3.597906469935654, 37.17826559102057], [-3.597846713117603, 37.17818043959318], [-3.597820220948549, 37.17810368272759], [-3.597805061131921, 37.17807104731789], [-3.597800179310317, 37.17806053004586], [-3.597656125649642, 37.17774998622802]]]]}}, {"type": "Feature", "properties": {"CUSEC": "1808701004", "CDIS": "01", "CSEC": "004", "NMUN": "Granada", "poblaciones": {"2015": 1146, "2016": 1152, "2017": 1163, "2018": 1153, "2019": 1133, "2020": 1177, "2021": 1226, "2022": 1214, "2023": 1245, "2024": 1301, "2025": 1316}, "superficie_verde_m2": 0, "estacion_cercana": {"name": "Granada Palacio de Congresos", "distancia_m": 813}, "superficie_verde_desglose": {"parques": 0, "jardines": 0, "arbolado": 0}, "centroide": [-3.60165, 37.172922], "equipamientos": {"sanidad": {"n_dentro": 2}, "educacion": {"n_dentro": 0, "mas_cercana_m": 200, "mas_cercana_name": "Escuela de Arte José Val del Omar"}, "agua": {"n_dentro": 0, "mas_cercana_m": 145, "mas_cercana_name": "fountain"}, "reciclaje": {"n_dentro": 1}, "aparcabicis": {"n_dentro": 0, "mas_cercana_m": 195, "mas_cercana_name": "bicycle_parking"}, "patrimonio": {"n_dentro": 0, "mas_cercana_m": 66, "mas_cercana_name": "Centro Europeo de las Mujeres Mariana Pineda"}}, "renta": {"2015": 20650, "2016": 19950, "2017": 20650, "2018": 22050, "2019": 23450, "2020": 22750, "2021": 24150, "2022": 24150, "2023": 25550}, "vft": {"n_vfts": 73, "n_plazas": 373, "viviendas_total": 982, "viviendas_fuente": "censo2021", "ratio_vft_pct": 7.43, "serie": {"2015": 0, "2016": 1, "2017": 8, "2018": 14, "2019": 19, "2020": 20, "2021": 21, "2022": 33, "2023": 47, "2024": 73, "2025": 73}}, "renta_med_uc": {"2015": 20650, "2016": 19950, "2017": 20650, "2018": 22050, "2019": 23450, "2020": 22750, "2021": 24150, "2022": 24150, "2023": 25550}, "renta_hogar": {"2015": 35390, "2016": 35830, "2017": 36303, "2018": 37511, "2019": 40601, "2020": 38766, "2021": 40886, "2022": 41217, "2023": 45836}, "renta_persona": {"2015": 14704, "2016": 15302, "2017": 15577, "2018": 16377, "2019": 17789, "2020": 16768, "2021": 17953, "2022": 18417, "2023": 20346}}, "geometry": {"type": "MultiPolygon", "coordinates": [[[[-3.600561202832859, 37.17364917673299], [-3.600442816620701, 37.17355068004729], [-3.600370262602478, 37.17349876539989], [-3.600097074222158, 37.17330327920655], [-3.600178115313622, 37.173256037260074], [-3.600278970182722, 37.17319096879312], [-3.600139029460826, 37.17302752131079], [-3.600006591790101, 37.172447158318775], [-3.60033730927944, 37.17241454528583], [-3.600892823649501, 37.172359917795234], [-3.601035009181365, 37.172345960476505], [-3.601139961390701, 37.172286463698214], [-3.601177777390265, 37.17225470470671], [-3.601247906512268, 37.17219030960042], [-3.601366795851442, 37.172081524385675], [-3.601596839245748, 37.17190356176638], [-3.601524324330736, 37.17188773979596], [-3.601619466931915, 37.17144268468538], [-3.601656180886623, 37.17132798400093], [-3.601669404281235, 37.171290959322874], [-3.601775165841124, 37.170995568724905], [-3.601804313035958, 37.17100284465771], [-3.602302784283608, 37.171077999485725], [-3.60234112217693, 37.171083744860596], [-3.602407740764973, 37.17089366981667], [-3.602626322712838, 37.170981245669566], [-3.602800525193947, 37.17106960034784], [-3.60291363769755, 37.17113746032162], [-3.603014471113905, 37.17120996270351], [-3.60309704875601, 37.17128371531565], [-3.603126782997145, 37.171310259034364], [-3.603181080821648, 37.17136697026954], [-3.603330555456052, 37.17153125353097], [-3.603171832411755, 37.171617161250104], [-3.603016047074712, 37.171701414154576], [-3.602578250913555, 37.17193843966879], [-3.601757574417396, 37.172382578758025], [-3.602113361404473, 37.17277919609976], [-3.602144253903218, 37.17276216575535], [-3.602337691040825, 37.17299788836191], [-3.602525750631962, 37.17322708568465], [-3.602775785350365, 37.173538855953254], [-3.602784219348081, 37.17354910256381], [-3.603031846000602, 37.173849726050896], [-3.602661716865796, 37.174051537577704], [-3.602256856831576, 37.17427814990349], [-3.60183057325962, 37.17451664738929], [-3.601495162082329, 37.17469501823382], [-3.601230878811957, 37.17483556584703], [-3.601157610931875, 37.17468723676775], [-3.601151538481954, 37.17467504905999], [-3.601054403047632, 37.1744787457457], [-3.600876102680814, 37.17411818927727], [-3.600848624197709, 37.17406274360459], [-3.600720334071803, 37.17380329603743], [-3.600632496813912, 37.17370837197042], [-3.600561202832859, 37.17364917673299]]]]}}, {"type": "Feature", "properties": {"CUSEC": "1808701005", "CDIS": "01", "CSEC": "005", "NMUN": "Granada", "poblaciones": {"2015": 1181, "2016": 1151, "2017": 1170, "2018": 1200, "2019": 1213, "2020": 1182, "2021": 1186, "2022": 1163, "2023": 1198, "2024": 1201, "2025": 1201}, "superficie_verde_m2": 0, "estacion_cercana": {"name": "Granada Palacio de Congresos", "distancia_m": 1111}, "superficie_verde_desglose": {"parques": 0, "jardines": 0, "arbolado": 0}, "centroide": [-3.60291, 37.175416], "equipamientos": {"sanidad": {"n_dentro": 1}, "educacion": {"n_dentro": 6}, "agua": {"n_dentro": 0, "mas_cercana_m": 136, "mas_cercana_name": "fountain"}, "reciclaje": {"n_dentro": 0, "mas_cercana_m": 102, "mas_cercana_name": "recycling"}, "aparcabicis": {"n_dentro": 2}, "patrimonio": {"n_dentro": 0, "mas_cercana_m": 276, "mas_cercana_name": "Plaza de Bib-Rambla"}}, "renta": {"2015": 17850, "2016": 18550, "2017": 19250, "2018": 20650, "2019": 21350, "2020": 21350, "2021": 21350, "2022": 22750, "2023": 23450}, "vft": {"n_vfts": 76, "n_plazas": 389, "viviendas_total": 933, "viviendas_fuente": "censo2021", "ratio_vft_pct": 8.15, "serie": {"2015": 0, "2016": 8, "2017": 28, "2018": 36, "2019": 39, "2020": 40, "2021": 42, "2022": 45, "2023": 48, "2024": 72, "2025": 75}}, "renta_med_uc": {"2015": 17850, "2016": 18550, "2017": 19250, "2018": 20650, "2019": 21350, "2020": 21350, "2021": 21350, "2022": 22750, "2023": 23450}, "renta_hogar": {"2015": 35979, "2016": 36417, "2017": 37185, "2018": 38599, "2019": 38150, "2020": 37328, "2021": 37458, "2022": 38732, "2023": 42888}, "renta_persona": {"2015": 14600, "2016": 14792, "2017": 15218, "2018": 15714, "2019": 15939, "2020": 15831, "2021": 16279, "2022": 17229, "2023": 18889}}, "geometry": {"type": "MultiPolygon", "coordinates": [[[[-3.602189385671793, 37.17621026282301], [-3.60203651433981, 37.176009042534844], [-3.601899688473533, 37.175829004622535], [-3.60187714686559, 37.17579696068473], [-3.601816039008022, 37.175710081994765], [-3.601593628408543, 37.17539399608429], [-3.601519732318705, 37.17528892424733], [-3.601302337216044, 37.17497997394249], [-3.601230878811957, 37.17483556584703], [-3.601495162082329, 37.17469501823382], [-3.60183057325962, 37.17451664738929], [-3.602256856831576, 37.17427814990349], [-3.602661716865796, 37.174051537577704], [-3.603031846000602, 37.173849726050896], [-3.603274974788032, 37.17415237661751], [-3.603488288913268, 37.17441773424269], [-3.603504905800573, 37.17443847291636], [-3.603614903669953, 37.174575003364914], [-3.603792031747544, 37.17479496982601], [-3.603885994314136, 37.17475147605313], [-3.60392559377101, 37.17473007414068], [-3.604412269007705, 37.17446764075563], [-3.604664210269016, 37.17475933198083], [-3.604032713805038, 37.17508453836098], [-3.603928838270014, 37.17513797476656], [-3.603881831974125, 37.17516219615648], [-3.603414124357701, 37.175376133556874], [-3.603810486797416, 37.175752141041976], [-3.603855212944578, 37.17574002361676], [-3.60390899035489, 37.1757866414058], [-3.603923163292643, 37.175798900357066], [-3.603934154991116, 37.175806339496376], [-3.604574737029466, 37.17624152217449], [-3.604597604012406, 37.17625698623921], [-3.604028215288159, 37.176499284642496], [-3.604004187294783, 37.176463206805735], [-3.603939599769927, 37.176490910714115], [-3.603914474723629, 37.17650168884268], [-3.603693830736215, 37.1765954665587], [-3.60332626811275, 37.176751741707285], [-3.603345308468288, 37.17677898429179], [-3.60295927247588, 37.17694255457277], [-3.602743181843896, 37.177034238631464], [-3.602208618063119, 37.17623551251912], [-3.602189385671793, 37.17621026282301]]]]}}, {"type": "Feature", "properties": {"CUSEC": "1808701006", "CDIS": "01", "CSEC": "006", "NMUN": "Granada", "poblaciones": {"2015": 1422, "2016": 1366, "2017": 1364, "2018": 1356, "2019": 1376, "2020": 1385, "2021": 1410, "2022": 1355, "2023": 1381, "2024": 1382, "2025": 1373}, "superficie_verde_m2": 485, "estacion_cercana": {"name": "Granada Palacio de Congresos", "distancia_m": 990}, "superficie_verde_desglose": {"parques": 0, "jardines": 485, "arbolado": 0}, "centroide": [-3.604883, 37.17335], "equipamientos": {"sanidad": {"n_dentro": 1}, "educacion": {"n_dentro": 1}, "agua": {"n_dentro": 3}, "reciclaje": {"n_dentro": 7}, "aparcabicis": {"n_dentro": 1}, "patrimonio": {"n_dentro": 0, "mas_cercana_m": 227, "mas_cercana_name": "Centro Europeo de las Mujeres Mariana Pineda"}}, "renta": {"2015": 18550, "2016": 19250, "2017": 19250, "2018": 19950, "2019": 20650, "2020": 21350, "2021": 23450, "2022": 23450, "2023": 24850}, "vft": {"n_vfts": 42, "n_plazas": 215, "viviendas_total": 961, "viviendas_fuente": "censo2021", "ratio_vft_pct": 4.37, "serie": {"2015": 0, "2016": 2, "2017": 3, "2018": 9, "2019": 12, "2020": 12, "2021": 13, "2022": 17, "2023": 24, "2024": 42, "2025": 42}}, "renta_med_uc": {"2015": 18550, "2016": 19250, "2017": 19250, "2018": 19950, "2019": 20650, "2020": 21350, "2021": 23450, "2022": 23450, "2023": 24850}, "renta_hogar": {"2015": 34621, "2016": 34874, "2017": 34687, "2018": 35996, "2019": 38780, "2020": 36668, "2021": 38626, "2022": 39395, "2023": 44010}, "renta_persona": {"2015": 15061, "2016": 15359, "2017": 15540, "2018": 16478, "2019": 17438, "2020": 16759, "2021": 17717, "2022": 18474, "2023": 20799}}, "geometry": {"type": "MultiPolygon", "coordinates": [[[[-3.603031846000602, 37.173849726050896], [-3.602784219348081, 37.17354910256381], [-3.60278704372254, 37.173538798681456], [-3.603370491500195, 37.17323289471022], [-3.603870518761696, 37.172974150769704], [-3.60391144880546, 37.172951623437115], [-3.604083604285998, 37.17285680349786], [-3.604042017152762, 37.17284064061496], [-3.60443506991606, 37.17254961767527], [-3.604562400721173, 37.1724553357622], [-3.605082774230649, 37.172070136838904], [-3.605610986326657, 37.17167908602108], [-3.605964255035819, 37.1722556210861], [-3.606165106699961, 37.17258341928131], [-3.606655661359107, 37.17338388477631], [-3.606738197886682, 37.17351866899333], [-3.606779593354295, 37.17358624791913], [-3.606901161783033, 37.173784408971045], [-3.606901692517795, 37.17378527610634], [-3.606125710348045, 37.17407936718421], [-3.606125647531564, 37.17407925933722], [-3.60601666628582, 37.1741206962722], [-3.606011084759693, 37.17412281877657], [-3.605955813915586, 37.17403646672048], [-3.605767454114753, 37.17373664704092], [-3.604985311442258, 37.17415853239622], [-3.604964914535702, 37.17416952908517], [-3.604412269007705, 37.17446764075563], [-3.60392559377101, 37.17473007414068], [-3.603885994314136, 37.17475147605313], [-3.603792031747544, 37.17479496982601], [-3.603614903669953, 37.174575003364914], [-3.603504905800573, 37.17443847291636], [-3.603488288913268, 37.17441773424269], [-3.603274974788032, 37.17415237661751], [-3.603031846000602, 37.173849726050896]]]]}}, {"type": "Feature", "properties": {"CUSEC": "1808701007", "CDIS": "01", "CSEC": "007", "NMUN": "Granada", "poblaciones": {"2015": 1276, "2016": 1310, "2017": 1328, "2018": 1330, "2019": 1328, "2020": 1323, "2021": 1381, "2022": 1386, "2023": 1371, "2024": 1345, "2025": 1342}, "superficie_verde_m2": 2444, "estacion_cercana": {"name": "Granada Palacio de Congresos", "distancia_m": 1210}, "superficie_verde_desglose": {"parques": 0, "jardines": 2444, "arbolado": 0}, "centroide": [-3.605411, 37.175436], "equipamientos": {"sanidad": {"n_dentro": 1}, "educacion": {"n_dentro": 2}, "agua": {"n_dentro": 1}, "reciclaje": {"n_dentro": 3}, "aparcabicis": {"n_dentro": 2}, "patrimonio": {"n_dentro": 0, "mas_cercana_m": 389, "mas_cercana_name": "Centro Europeo de las Mujeres Mariana Pineda"}}, "renta": {"2015": 21350, "2016": 22050, "2017": 22050, "2018": 22750, "2019": 23450, "2020": 22750, "2021": 24850, "2022": 27650, "2023": 28350}, "vft": {"n_vfts": 22, "n_plazas": 118, "viviendas_total": 874, "viviendas_fuente": "censo2021", "ratio_vft_pct": 2.52, "serie": {"2015": 0, "2016": 1, "2017": 2, "2018": 5, "2019": 8, "2020": 8, "2021": 9, "2022": 9, "2023": 13, "2024": 21, "2025": 21}}, "renta_med_uc": {"2015": 21350, "2016": 22050, "2017": 22050, "2018": 22750, "2019": 23450, "2020": 22750, "2021": 24850, "2022": 27650, "2023": 28350}, "renta_hogar": {"2015": 42113, "2016": 42463, "2017": 43282, "2018": 45566, "2019": 46161, "2020": 45610, "2021": 47695, "2022": 53144, "2023": 57238}, "renta_persona": {"2015": 16462, "2016": 16730, "2017": 16832, "2018": 17722, "2019": 18199, "2020": 17819, "2021": 19035, "2022": 21445, "2023": 23550}}, "geometry": {"type": "MultiPolygon", "coordinates": [[[[-3.604597604012406, 37.17625698623921], [-3.604574737029466, 37.17624152217449], [-3.603934154991116, 37.175806339496376], [-3.603923163292643, 37.175798900357066], [-3.60390899035489, 37.1757866414058], [-3.603855212944578, 37.17574002361676], [-3.603810486797416, 37.175752141041976], [-3.603414124357701, 37.175376133556874], [-3.603881831974125, 37.17516219615648], [-3.603928838270014, 37.17513797476656], [-3.604032713805038, 37.17508453836098], [-3.604664210269016, 37.17475933198083], [-3.604412269007705, 37.17446764075563], [-3.604964914535702, 37.17416952908517], [-3.604985311442258, 37.17415853239622], [-3.605767454114753, 37.17373664704092], [-3.605955813915586, 37.17403646672048], [-3.606011084759693, 37.17412281877657], [-3.60601666628582, 37.1741206962722], [-3.60616450961496, 37.17435357731929], [-3.606159989179582, 37.17435527434885], [-3.606530453173225, 37.17497137664375], [-3.606553737168925, 37.175010116920404], [-3.606953087501913, 37.1756742859459], [-3.607097262916993, 37.1756176703056], [-3.606985305327398, 37.175770950459835], [-3.606958990809371, 37.17580686101681], [-3.606575934241611, 37.176237514225285], [-3.606232955457505, 37.176623102850435], [-3.605974255731533, 37.17691394576409], [-3.605824780315883, 37.177082018486054], [-3.605554702136657, 37.176906987421006], [-3.605317523392654, 37.17674594418869], [-3.604979229355679, 37.17651607550485], [-3.604597604012406, 37.17625698623921]]]]}}, {"type": "Feature", "properties": {"CUSEC": "1808701008", "CDIS": "01", "CSEC": "008", "NMUN": "Granada", "poblaciones": {"2015": 791, "2016": 764, "2017": 767, "2018": 764, "2019": 761, "2020": 740, "2021": 757, "2022": 748, "2023": 789, "2024": 801, "2025": 803}, "superficie_verde_m2": 247, "estacion_cercana": {"name": "Granada Palacio de Congresos", "distancia_m": 1390}, "superficie_verde_desglose": {"parques": 247, "jardines": 0, "arbolado": 0}, "centroide": [-3.60732, 37.176386], "equipamientos": {"sanidad": {"n_dentro": 1}, "educacion": {"n_dentro": 1}, "agua": {"n_dentro": 0, "mas_cercana_m": 185, "mas_cercana_name": "fountain"}, "reciclaje": {"n_dentro": 1}, "aparcabicis": {"n_dentro": 0, "mas_cercana_m": 133, "mas_cercana_name": "bicycle_parking"}, "patrimonio": {"n_dentro": 0, "mas_cercana_m": 584, "mas_cercana_name": "Centro Europeo de las Mujeres Mariana Pineda"}}, "renta": {"2015": 19950, "2016": 20650, "2017": 20650, "2018": 21350, "2019": 22050, "2020": 22750, "2021": 23450, "2022": 21350, "2023": 21350}, "vft": {"n_vfts": 5, "n_plazas": 25, "viviendas_total": 654, "viviendas_fuente": "censo2021", "ratio_vft_pct": 0.76, "serie": {"2015": 0, "2016": 0, "2017": 0, "2018": 0, "2019": 1, "2020": 1, "2021": 1, "2022": 2, "2023": 2, "2024": 5, "2025": 5}}, "renta_med_uc": {"2015": 19950, "2016": 20650, "2017": 20650, "2018": 21350, "2019": 22050, "2020": 22750, "2021": 23450, "2022": 21350, "2023": 21350}, "renta_hogar": {"2015": 36273, "2016": 36776, "2017": 36723, "2018": 36598, "2019": 37783, "2020": 35827, "2021": 37247, "2022": 37461, "2023": 38415}, "renta_persona": {"2015": 14721, "2016": 15311, "2017": 15424, "2018": 15692, "2019": 16351, "2020": 15852, "2021": 16606, "2022": 16855, "2023": 17494}}, "geometry": {"type": "MultiPolygon", "coordinates": [[[[-3.605974255731533, 37.17691394576409], [-3.606232955457505, 37.176623102850435], [-3.606575934241611, 37.176237514225285], [-3.606958990809371, 37.17580686101681], [-3.606985305327398, 37.175770950459835], [-3.607097262916993, 37.1756176703056], [-3.607845017566132, 37.17532374023625], [-3.608089879196719, 37.17572309324374], [-3.608115663542451, 37.175765164575715], [-3.608138850927924, 37.175802963062075], [-3.608238415484074, 37.17596885719989], [-3.60862179796197, 37.176607538617695], [-3.608468733647494, 37.17666638224519], [-3.608363170979201, 37.176690517584625], [-3.608229212352496, 37.176692403256986], [-3.608088215796037, 37.17666735404065], [-3.607786846531277, 37.17658172296397], [-3.607637922389388, 37.17690398088913], [-3.607497297659275, 37.177208306836064], [-3.606398595009953, 37.177173920669716], [-3.605974255731533, 37.17691394576409]]]]}}, {"type": "Feature", "properties": {"CUSEC": "1808701009", "CDIS": "01", "CSEC": "009", "NMUN": "Granada", "poblaciones": {"2015": 1343, "2016": 1319, "2017": 1304, "2018": 1289, "2019": 1293, "2020": 1295, "2021": 1294, "2022": 1274, "2023": 1268, "2024": 1282, "2025": 1268}, "superficie_verde_m2": 0, "estacion_cercana": {"name": "Granada Palacio de Congresos", "distancia_m": 1023}, "superficie_verde_desglose": {"parques": 0, "jardines": 0, "arbolado": 0}, "centroide": [-3.606697, 37.172513], "equipamientos": {"sanidad": {"n_dentro": 5}, "educacion": {"n_dentro": 0, "mas_cercana_m": 85, "mas_cercana_name": "Colegio Diocesano Internacional Virgen de Gracia"}, "agua": {"n_dentro": 0, "mas_cercana_m": 159, "mas_cercana_name": "drinking_water"}, "reciclaje": {"n_dentro": 4}, "aparcabicis": {"n_dentro": 0, "mas_cercana_m": 77, "mas_cercana_name": "bicycle_parking"}, "patrimonio": {"n_dentro": 0, "mas_cercana_m": 318, "mas_cercana_name": "Casa-Museo Federico García Lorca"}}, "renta": {"2015": 19950, "2016": 19950, "2017": 20650, "2018": 22050, "2019": 22050, "2020": 22050, "2021": 24150, "2022": 24850, "2023": 26950}, "vft": {"n_vfts": 6, "n_plazas": 32, "viviendas_total": 782, "viviendas_fuente": "censo2021", "ratio_vft_pct": 0.77, "serie": {"2015": 0, "2016": 0, "2017": 0, "2018": 0, "2019": 0, "2020": 0, "2021": 1, "2022": 4, "2023": 4, "2024": 6, "2025": 6}}, "renta_med_uc": {"2015": 19950, "2016": 19950, "2017": 20650, "2018": 22050, "2019": 22050, "2020": 22050, "2021": 24150, "2022": 24850, "2023": 26950}, "renta_hogar": {"2015": 37317, "2016": 37171, "2017": 39000, "2018": 39317, "2019": 40025, "2020": 41164, "2021": 42230, "2022": 44307, "2023": 46564}, "renta_persona": {"2015": 14391, "2016": 14420, "2017": 15419, "2018": 15838, "2019": 16292, "2020": 16633, "2021": 17284, "2022": 18579, "2023": 19645}}, "geometry": {"type": "MultiPolygon", "coordinates": [[[[-3.606901692517795, 37.17378527610634], [-3.606901161783033, 37.173784408971045], [-3.606779593354295, 37.17358624791913], [-3.606738197886682, 37.17351866899333], [-3.606655661359107, 37.17338388477631], [-3.606165106699961, 37.17258341928131], [-3.605964255035819, 37.1722556210861], [-3.605610986326657, 37.17167908602108], [-3.605943161222302, 37.17143319145771], [-3.606129814633326, 37.17129496395814], [-3.606165516718418, 37.17126808627623], [-3.606389948050296, 37.17109927880791], [-3.606493341047594, 37.171266411545226], [-3.606517876500188, 37.171306146910936], [-3.606519679897826, 37.17130910780353], [-3.606682328398805, 37.17157625510322], [-3.607080024859867, 37.172229467048], [-3.607188517374394, 37.172407778348706], [-3.607361358154836, 37.172691539360436], [-3.607564898296966, 37.17302571229691], [-3.607684612648812, 37.173222331652944], [-3.607712361968813, 37.17326797248755], [-3.607833198074788, 37.1734665816351], [-3.607717116546771, 37.17351366147555], [-3.607326221013064, 37.17366862644635], [-3.606927201484687, 37.173826884903676], [-3.606901692517795, 37.17378527610634]]]]}}, {"type": "Feature", "properties": {"CUSEC": "1808701011", "CDIS": "01", "CSEC": "011", "NMUN": "Granada", "poblaciones": {"2015": 1624, "2016": 1585, "2017": 1576, "2018": 1545, "2019": 1549, "2020": 1526, "2021": 1583, "2022": 1552, "2023": 1538, "2024": 1531, "2025": 1490}, "superficie_verde_m2": 3910, "estacion_cercana": {"name": "Granada Palacio de Congresos", "distancia_m": 1429}, "superficie_verde_desglose": {"parques": 3525, "jardines": 385, "arbolado": 0}, "centroide": [-3.61091, 37.174224], "equipamientos": {"sanidad": {"n_dentro": 3}, "educacion": {"n_dentro": 2}, "agua": {"n_dentro": 1}, "reciclaje": {"n_dentro": 1}, "aparcabicis": {"n_dentro": 2}, "patrimonio": {"n_dentro": 0, "mas_cercana_m": 422, "mas_cercana_name": "Casa-Museo Federico García Lorca"}}, "renta": {"2015": 22050, "2016": 23450, "2017": 23450, "2018": 23450, "2019": 24850, "2020": 24850, "2021": 25550, "2022": 26250, "2023": 28350}, "vft": {"n_vfts": 8, "n_plazas": 30, "viviendas_total": 894, "viviendas_fuente": "censo2021", "ratio_vft_pct": 0.89, "serie": {"2015": 0, "2016": 0, "2017": 0, "2018": 2, "2019": 3, "2020": 3, "2021": 3, "2022": 3, "2023": 3, "2024": 8, "2025": 8}}, "renta_med_uc": {"2015": 22050, "2016": 23450, "2017": 23450, "2018": 23450, "2019": 24850, "2020": 24850, "2021": 25550, "2022": 26250, "2023": 28350}, "renta_hogar": {"2015": 41584, "2016": 43184, "2017": 43874, "2018": 45483, "2019": 45987, "2020": 45864, "2021": 45518, "2022": 47693, "2023": 50574}, "renta_persona": {"2015": 15668, "2016": 16537, "2017": 16886, "2018": 17866, "2019": 18107, "2020": 18620, "2021": 19123, "2022": 20006, "2023": 21604}}, "geometry": {"type": "MultiPolygon", "coordinates": [[[[-3.609551993192572, 37.17624995993103], [-3.60954379088473, 37.17623645405057], [-3.609475734212333, 37.176124966254285], [-3.60936397312008, 37.17596895667349], [-3.609239897982486, 37.17579571238651], [-3.609224627372456, 37.175770312765536], [-3.609218102815964, 37.17575951145575], [-3.609113893733871, 37.17558640375744], [-3.60906126271371, 37.1754990039072], [-3.608743201868758, 37.17497086613023], [-3.608613387684075, 37.174755284713264], [-3.608325867812693, 37.17427784689001], [-3.60792904973112, 37.17361887496324], [-3.608428790074944, 37.1735100156914], [-3.609306743239025, 37.17329912286263], [-3.609493963879755, 37.17325415082445], [-3.60954600666875, 37.17324238122347], [-3.611747322896065, 37.17274291931637], [-3.61274749927127, 37.172825944743465], [-3.613657829311239, 37.17254968539653], [-3.614583643936327, 37.17232384885109], [-3.615062924152107, 37.17215765292208], [-3.612130868693149, 37.17481077951139], [-3.611678275485211, 37.1753140638693], [-3.611279590214934, 37.17574891336534], [-3.611255168584455, 37.1757755315622], [-3.610996475272129, 37.176050430546645], [-3.611015878025651, 37.17608178943103], [-3.610657797655194, 37.17622208806231], [-3.610281134405934, 37.17636951136083], [-3.60975219790166, 37.17657668689303], [-3.609570392550458, 37.176279881971425], [-3.609551993192572, 37.17624995993103]]]]}}, {"type": "Feature", "properties": {"CUSEC": "1808701012", "CDIS": "01", "CSEC": "012", "NMUN": "Granada", "poblaciones": {"2015": 1130, "2016": 1112, "2017": 1114, "2018": 1108, "2019": 1098, "2020": 1076, "2021": 1035, "2022": 985, "2023": 987, "2024": 965, "2025": 962}, "superficie_verde_m2": 10546, "estacion_cercana": {"name": "Granada Norte", "distancia_m": 1558}, "superficie_verde_desglose": {"parques": 8275, "jardines": 2270, "arbolado": 0}, "centroide": [-3.613923, 37.182099], "equipamientos": {"sanidad": {"n_dentro": 1}, "educacion": {"n_dentro": 0, "mas_cercana_m": 162, "mas_cercana_name": "Escuela de Comercio Covirán"}, "agua": {"n_dentro": 2}, "reciclaje": {"n_dentro": 1}, "aparcabicis": {"n_dentro": 1}, "patrimonio": {"n_dentro": 0, "mas_cercana_m": 1100, "mas_cercana_name": "Cripta de Fray Leopoldo de Alpandeire"}}, "renta": {"2015": 17150, "2016": 17150, "2017": 17150, "2018": 17850, "2019": 17850, "2020": 17850, "2021": 18550, "2022": 19950, "2023": 20650}, "vft": {"n_vfts": 4, "n_plazas": 24, "viviendas_total": 863, "viviendas_fuente": "censo2021", "ratio_vft_pct": 0.46, "serie": {"2015": 0, "2016": 0, "2017": 0, "2018": 0, "2019": 0, "2020": 0, "2021": 0, "2022": 1, "2023": 1, "2024": 4, "2025": 4}}, "renta_med_uc": {"2015": 17150, "2016": 17150, "2017": 17150, "2018": 17850, "2019": 17850, "2020": 17850, "2021": 18550, "2022": 19950, "2023": 20650}, "renta_hogar": {"2015": 29619, "2016": 29408, "2017": 29425, "2018": 31199, "2019": 32205, "2020": 33000, "2021": 34484, "2022": 34438, "2023": 36217}, "renta_persona": {"2015": 12755, "2016": 12881, "2017": 13090, "2018": 13687, "2019": 14123, "2020": 14706, "2021": 16058, "2022": 16752, "2023": 17625}}, "geometry": {"type": "MultiPolygon", "coordinates": [[[[-3.612806973504264, 37.18159508811682], [-3.61263379301164, 37.18130908388134], [-3.612446073026011, 37.18099917635133], [-3.612081410670126, 37.180396927958185], [-3.612377196155202, 37.180277936169084], [-3.612448702679731, 37.180249911578144], [-3.612868041525651, 37.1800855712457], [-3.612963666614822, 37.180247253134915], [-3.612982842620151, 37.180279591762925], [-3.613239726269056, 37.18069400055488], [-3.613525415587347, 37.18115466914291], [-3.613668154210039, 37.181384893287785], [-3.613845078288771, 37.181670256433065], [-3.614209728202802, 37.18153831522362], [-3.614226879264287, 37.18156658890219], [-3.614271390275912, 37.18155565400759], [-3.614850262079552, 37.18173344731653], [-3.615033018284041, 37.181733865321], [-3.61494284252208, 37.1821114660844], [-3.61586342769538, 37.18246372500769], [-3.615835916216476, 37.18248587120475], [-3.615826478695153, 37.1824938976563], [-3.615744259069051, 37.1825638806779], [-3.615502695905326, 37.182769382457096], [-3.615257098741862, 37.18297841564628], [-3.615222223443091, 37.18300818973498], [-3.614941728046992, 37.1832581422876], [-3.614291598331361, 37.18404816823968], [-3.61360617139776, 37.182915224667795], [-3.613354189904026, 37.182498721867184], [-3.613046100015529, 37.181989939419196], [-3.61294035891023, 37.1818155227075], [-3.61286924696074, 37.18169789173103], [-3.612806973504264, 37.18159508811682]]]]}}, {"type": "Feature", "properties": {"CUSEC": "1808701013", "CDIS": "01", "CSEC": "013", "NMUN": "Granada", "poblaciones": {"2015": 1386, "2016": 1365, "2017": 1312, "2018": 1316, "2019": 1287, "2020": 1259, "2021": 1274, "2022": 1230, "2023": 1216, "2024": 1211, "2025": 1182}, "superficie_verde_m2": 13497, "estacion_cercana": {"name": "Granada Norte", "distancia_m": 1716}, "superficie_verde_desglose": {"parques": 12001, "jardines": 1496, "arbolado": 0}, "centroide": [-3.616187, 37.180893], "equipamientos": {"sanidad": {"n_dentro": 1}, "educacion": {"n_dentro": 2}, "agua": {"n_dentro": 1}, "reciclaje": {"n_dentro": 0, "mas_cercana_m": 255, "mas_cercana_name": "waste_disposal"}, "aparcabicis": {"n_dentro": 1}, "patrimonio": {"n_dentro": 0, "mas_cercana_m": 1290, "mas_cercana_name": "Casa-Museo Federico García Lorca"}}, "renta": {"2015": 19250, "2016": 19250, "2017": 19250, "2018": 19250, "2019": 20650, "2020": 21350, "2021": 22050, "2022": 22750, "2023": 24150}, "vft": {"n_vfts": 1, "n_plazas": 10, "viviendas_total": 769, "viviendas_fuente": "censo2021", "ratio_vft_pct": 0.13, "serie": {"2015": 0, "2016": 0, "2017": 0, "2018": 0, "2019": 0, "2020": 0, "2021": 0, "2022": 0, "2023": 0, "2024": 1, "2025": 1}}, "renta_med_uc": {"2015": 19250, "2016": 19250, "2017": 19250, "2018": 19250, "2019": 20650, "2020": 21350, "2021": 22050, "2022": 22750, "2023": 24150}, "renta_hogar": {"2015": 35645, "2016": 36532, "2017": 35597, "2018": 37039, "2019": 37863, "2020": 38138, "2021": 47341, "2022": 41723, "2023": 43157}, "renta_persona": {"2015": 13804, "2016": 14252, "2017": 14271, "2018": 14964, "2019": 15794, "2020": 15880, "2021": 20093, "2022": 17832, "2023": 18491}}, "geometry": {"type": "MultiPolygon", "coordinates": [[[[-3.615826478695153, 37.1824938976563], [-3.615835916216476, 37.18248587120475], [-3.61586342769538, 37.18246372500769], [-3.61494284252208, 37.1821114660844], [-3.615033018284041, 37.181733865321], [-3.614850262079552, 37.18173344731653], [-3.614271390275912, 37.18155565400759], [-3.614226879264287, 37.18156658890219], [-3.614209728202802, 37.18153831522362], [-3.614004264697493, 37.18119960235422], [-3.614151020853642, 37.18115276392171], [-3.614460672238556, 37.180520651697584], [-3.614581331235498, 37.18027438952316], [-3.614600031865423, 37.1802387908284], [-3.614664238424711, 37.18011619708637], [-3.613856923321827, 37.17985202708329], [-3.614194633097444, 37.179194775095766], [-3.61519939363914, 37.17952470809244], [-3.615229180793726, 37.17953393341311], [-3.618457553973848, 37.18053546645873], [-3.618903839778841, 37.18072768013949], [-3.619253507707671, 37.180903189384075], [-3.619550538895064, 37.181187943202175], [-3.618419440304904, 37.18138859275548], [-3.617147919341092, 37.18172436462945], [-3.616070732665734, 37.182516714208475], [-3.615896902993062, 37.18244529222313], [-3.615826478695153, 37.1824938976563]]]]}}, {"type": "Feature", "properties": {"CUSEC": "1808701015", "CDIS": "01", "CSEC": "015", "NMUN": "Granada", "poblaciones": {"2015": 787, "2016": 769, "2017": 754, "2018": 731, "2019": 719, "2020": 700, "2021": 700, "2022": 708, "2023": 704, "2024": 712, "2025": 712}, "superficie_verde_m2": 0, "estacion_cercana": {"name": "Granada Palacio de Congresos", "distancia_m": 1221}, "superficie_verde_desglose": {"parques": 0, "jardines": 0, "arbolado": 0}, "centroide": [-3.606931, 37.174728], "equipamientos": {"sanidad": {"n_dentro": 3}, "educacion": {"n_dentro": 0, "mas_cercana_m": 129, "mas_cercana_name": "Colegio de Educación Infantil Nazaret Siervas del Evangelio"}, "agua": {"n_dentro": 1}, "reciclaje": {"n_dentro": 2}, "aparcabicis": {"n_dentro": 0, "mas_cercana_m": 145, "mas_cercana_name": "bicycle_parking"}, "patrimonio": {"n_dentro": 0, "mas_cercana_m": 451, "mas_cercana_name": "Centro Europeo de las Mujeres Mariana Pineda"}}, "renta": {"2015": 22750, "2016": 22050, "2017": 22750, "2018": 24150, "2019": 24150, "2020": 24850, "2021": 25550, "2022": 26950, "2023": 28350}, "vft": {"n_vfts": 10, "n_plazas": 53, "viviendas_total": 513, "viviendas_fuente": "censo2021", "ratio_vft_pct": 1.95, "serie": {"2015": 0, "2016": 0, "2017": 0, "2018": 3, "2019": 5, "2020": 6, "2021": 6, "2022": 7, "2023": 9, "2024": 10, "2025": 10}}, "renta_med_uc": {"2015": 22750, "2016": 22050, "2017": 22750, "2018": 24150, "2019": 24150, "2020": 24850, "2021": 25550, "2022": 26950, "2023": 28350}, "renta_hogar": {"2015": 42989, "2016": 43294, "2017": 46111, "2018": 44829, "2019": 52112, "2020": 46199, "2021": 45365, "2022": 48956, "2023": 53824}, "renta_persona": {"2015": 17097, "2016": 17588, "2017": 18777, "2018": 18648, "2019": 21677, "2020": 19685, "2021": 19847, "2022": 21703, "2023": 23714}}, "geometry": {"type": "MultiPolygon", "coordinates": [[[[-3.60601666628582, 37.1741206962722], [-3.606125647531564, 37.17407925933722], [-3.606125710348045, 37.17407936718421], [-3.606901692517795, 37.17378527610634], [-3.606927201484687, 37.173826884903676], [-3.607418518145665, 37.1746283400604], [-3.607845017566132, 37.17532374023625], [-3.607097262916993, 37.1756176703056], [-3.606953087501913, 37.1756742859459], [-3.606553737168925, 37.175010116920404], [-3.606530453173225, 37.17497137664375], [-3.606159989179582, 37.17435527434885], [-3.60616450961496, 37.17435357731929], [-3.60601666628582, 37.1741206962722]]]]}}, {"type": "Feature", "properties": {"CUSEC": "1808701017", "CDIS": "01", "CSEC": "017", "NMUN": "Granada", "poblaciones": {"2015": 547, "2016": 550, "2017": 1286, "2018": 1256, "2019": 1253, "2020": 1206, "2021": 1255, "2022": 1280, "2023": 1267, "2024": 1275, "2025": 1269}, "superficie_verde_m2": 73838, "estacion_cercana": {"name": "Granada Palacio de Congresos", "distancia_m": 1765}, "superficie_verde_desglose": {"parques": 70883, "jardines": 2955, "arbolado": 0}, "centroide": [-3.618322, 37.165189], "equipamientos": {"sanidad": {"n_dentro": 2}, "educacion": {"n_dentro": 2}, "agua": {"n_dentro": 15}, "reciclaje": {"n_dentro": 1}, "aparcabicis": {"n_dentro": 1}, "patrimonio": {"n_dentro": 1}}, "renta": {"2015": 20650, "2016": 20650, "2017": 20650, "2018": 22050, "2019": 22050, "2020": 22400, "2021": 23450, "2022": 24850, "2023": 24850}, "vft": {"n_vfts": 6, "n_plazas": 33, "viviendas_total": 764, "viviendas_fuente": "censo2021", "ratio_vft_pct": 0.79, "serie": {"2015": 0, "2016": 0, "2017": 0, "2018": 0, "2019": 0, "2020": 0, "2021": 0, "2022": 2, "2023": 4, "2024": 5, "2025": 5}}, "renta_med_uc": {"2015": 20650, "2016": 20650, "2017": 20650, "2018": 22050, "2019": 22050, "2020": 22400, "2021": 23450, "2022": 24850, "2023": 24850}, "renta_hogar": {"2015": 40746, "2016": 40252, "2017": 35973, "2018": 36857, "2019": 39471, "2020": 39506, "2021": 40627, "2022": 42420, "2023": 44295}, "renta_persona": {"2015": 15289, "2016": 15104, "2017": 14299, "2018": 14831, "2019": 15851, "2020": 16283, "2021": 16643, "2022": 18160, "2023": 19093}}, "geometry": {"type": "MultiPolygon", "coordinates": [[[[-3.608980735904078, 37.172765171750335], [-3.60863263701102, 37.17219510125936], [-3.60845888529999, 37.17191056615507], [-3.607188517374394, 37.172407778348706], [-3.607080024859867, 37.172229467048], [-3.606682328398805, 37.17157625510322], [-3.606519679897826, 37.17130910780353], [-3.606517876500188, 37.171306146910936], [-3.606493341047594, 37.171266411545226], [-3.606389948050296, 37.17109927880791], [-3.60677344482383, 37.17081069923542], [-3.607003834958822, 37.170637317016904], [-3.607166987420649, 37.17051453121477], [-3.607455386007451, 37.170297619574946], [-3.607464532980663, 37.170292772712095], [-3.607884266506702, 37.170070681466136], [-3.608566116386622, 37.1695913804667], [-3.608988149240028, 37.16908808885329], [-3.609174734316275, 37.16899186679986], [-3.609462644783576, 37.16870354359828], [-3.609632319423809, 37.16857972479722], [-3.609595198178858, 37.168211141716796], [-3.609815016952224, 37.16795047051077], [-3.610120142276253, 37.16768936601523], [-3.610357686395392, 37.167510604107925], [-3.610492773448042, 37.16733232814284], [-3.610679547163612, 37.16720838819048], [-3.610883013906923, 37.16704344808488], [-3.611120229749637, 37.166823690502135], [-3.611408821459549, 37.166630948358325], [-3.611679599548203, 37.166342726144336], [-3.611899296825688, 37.16606839630175], [-3.612255480172137, 37.16579337447431], [-3.612475283768213, 37.16553267222747], [-3.612831374870514, 37.165244003689075], [-3.613204089220377, 37.164900591442716], [-3.61342364192481, 37.16461263026765], [-3.613693443572646, 37.16420142723572], [-3.613691014071182, 37.16390093880781], [-3.613688032356868, 37.16353214483325], [-3.613650659588108, 37.163136208272235], [-3.613663090213389, 37.16256247684011], [-3.613675885480191, 37.16202968614346], [-3.613711301561797, 37.16182146856674], [-3.613713107664101, 37.1618108271508], [-3.611622954393918, 37.16229267714975], [-3.611163608798993, 37.16226879899745], [-3.611176533940248, 37.16224137832526], [-3.611183299542626, 37.16222851554856], [-3.611176428331266, 37.162228261635086], [-3.611316233019858, 37.16182686542648], [-3.611783315221258, 37.1606224296126], [-3.612180100659628, 37.159570993373734], [-3.612671147410195, 37.15838550995351], [-3.613306896185045, 37.157409153280575], [-3.613310988797884, 37.15741319383141], [-3.613324610201585, 37.1573887899134], [-3.613339373287891, 37.157372018590266], [-3.613342276032383, 37.1573624630981], [-3.613352507505433, 37.157360359449946], [-3.613445156627916, 37.15743627307583], [-3.614034720926963, 37.158120091248456], [-3.614491489649597, 37.15859471825809], [-3.614924118227068, 37.159031308646846], [-3.615224639249764, 37.159344565359696], [-3.615381903285656, 37.159629944766934], [-3.61557554518846, 37.15999145510208], [-3.615830409308582, 37.160552984075416], [-3.615914461135246, 37.16062886646596], [-3.616438511914061, 37.160578442083946], [-3.618128139301251, 37.16021666571412], [-3.619486122553014, 37.16011417562723], [-3.620975289424315, 37.16002052313404], [-3.622068859828528, 37.15965227288703], [-3.623530806833504, 37.159148515699265], [-3.623887900513741, 37.159089397174476], [-3.624114591742938, 37.159116823136394], [-3.624794668629097, 37.1591990983986], [-3.62540331396395, 37.1592912871941], [-3.62597604589941, 37.15936458254022], [-3.626346788502859, 37.15951526110981], [-3.626884238011963, 37.159645977672824], [-3.627071274916346, 37.159652143490106], [-3.627384243450742, 37.15966241172809], [-3.627584061582673, 37.159682817956735], [-3.627703388761332, 37.159698880881436], [-3.627861451292946, 37.15971473847197], [-3.628061407801144, 37.15975183896352], [-3.628369049855031, 37.15983845198493], [-3.628601961347163, 37.15989684104704], [-3.628712507348698, 37.15993202864291], [-3.628858869365752, 37.15997418142831], [-3.629025931703326, 37.159997145047456], [-3.629136181580299, 37.15999655980676], [-3.62924309572622, 37.15995306282093], [-3.62929957219686, 37.159936068036494], [-3.629412762337251, 37.15993069669683], [-3.629583417766606, 37.16002757358173], [-3.629703141529165, 37.16009133196211], [-3.629783989230171, 37.16013860192544], [-3.629882439493775, 37.16015238847901], [-3.629983730041903, 37.16014946495391], [-3.63020771652314, 37.16013452673647], [-3.630367491379817, 37.160253075102176], [-3.630571527214324, 37.16040525167967], [-3.630888041319545, 37.16054778538163], [-3.631079427626041, 37.160537776667034], [-3.631706488811014, 37.16010175844787], [-3.63208925860478, 37.160081706540154], [-3.633623824588951, 37.16042503471972], [-3.633860275016362, 37.16041478056461], [-3.633971125243877, 37.160206857598205], [-3.634183233355775, 37.159980355613754], [-3.634442474972118, 37.16000605340586], [-3.635257029567487, 37.16044336490907], [-3.635349208612489, 37.16068625958138], [-3.635388312477048, 37.16072330493059], [-3.635073899381238, 37.16076434283006], [-3.634466428359149, 37.160848726575175], [-3.634247203961783, 37.16089498194433], [-3.634016746015537, 37.16094123841754], [-3.633533819230778, 37.161110589741256], [-3.633067936868266, 37.16129338352336], [-3.632719688183134, 37.16139886058575], [-3.632410797724796, 37.161499692595214], [-3.632107493993745, 37.16159594281621], [-3.631871473840275, 37.161655790013306], [-3.630741231332113, 37.1618555857087], [-3.630499465771937, 37.16190193069196], [-3.630381338599195, 37.161920595295484], [-3.63017893945649, 37.161957744123534], [-3.629251013489819, 37.162111384837566], [-3.628998012402829, 37.16215782788529], [-3.628813000773556, 37.16225795780059], [-3.6285783373073, 37.1624800303477], [-3.628349893035033, 37.16277871578174], [-3.628215836711045, 37.16291014262041], [-3.628030368971882, 37.16295617150026], [-3.62796886642014, 37.16301056720282], [-3.627867702758382, 37.16303365995197], [-3.627251645398636, 37.16344704106346], [-3.627129233315858, 37.16362348782161], [-3.626938448987079, 37.163710115294904], [-3.62642976188217, 37.164163483584986], [-3.626037480548454, 37.16439994938663], [-3.625746775122047, 37.16465836307427], [-3.625221814982903, 37.16519294288008], [-3.624949595889538, 37.16564958107635], [-3.624173474471383, 37.16646043997501], [-3.624033239541212, 37.16652427495024], [-3.624079315237717, 37.166654736642386], [-3.624023729121618, 37.16674515164192], [-3.623408241632076, 37.16722615279487], [-3.623178984414911, 37.16743016349598], [-3.622944657411004, 37.16769730311305], [-3.622693598795562, 37.16798254922718], [-3.622491923947097, 37.16811881293931], [-3.62179170364504, 37.16858223080617], [-3.621181347555232, 37.169009064194995], [-3.620721681465039, 37.16927287161509], [-3.620278691984308, 37.1695095659057], [-3.620037535775053, 37.16963702257723], [-3.619784850055214, 37.169728469432], [-3.619262473318596, 37.16989348454003], [-3.61872936390224, 37.170135127552044], [-3.618656445115992, 37.1701715409452], [-3.618286074980362, 37.17033575985748], [-3.618213246075324, 37.17038118202937], [-3.617972267167442, 37.170531177659726], [-3.617815700065989, 37.17066721709317], [-3.617782224589382, 37.17071247077058], [-3.617760162643652, 37.17076211786572], [-3.617608405502744, 37.17080348376575], [-3.617564046868524, 37.17088933468917], [-3.617429760221027, 37.17099372642478], [-3.616789832634483, 37.1712584424029], [-3.616582169568312, 37.17134964357326], [-3.615982603752394, 37.171722359458734], [-3.615864946819228, 37.1718040693156], [-3.615224738485429, 37.17203275826382], [-3.615062924152107, 37.17215765292208], [-3.614583643936327, 37.17232384885109], [-3.613657829311239, 37.17254968539653], [-3.61274749927127, 37.172825944743465], [-3.611747322896065, 37.17274291931637], [-3.60954600666875, 37.17324238122347], [-3.609493963879755, 37.17325415082445], [-3.609306743239025, 37.17329912286263], [-3.608980735904078, 37.172765171750335]]]]}}, {"type": "Feature", "properties": {"CUSEC": "1808701018", "CDIS": "01", "CSEC": "018", "NMUN": "Granada", "poblaciones": {"2015": 1092, "2016": 1070, "2017": 1041, "2018": 1038, "2019": 1037, "2020": 1014, "2021": 1025, "2022": 1012, "2023": 990, "2024": 978, "2025": 974}, "superficie_verde_m2": 0, "estacion_cercana": {"name": "Granada Palacio de Congresos", "distancia_m": 1146}, "superficie_verde_desglose": {"parques": 0, "jardines": 0, "arbolado": 0}, "centroide": [-3.608236, 37.172806], "equipamientos": {"sanidad": {"n_dentro": 1}, "educacion": {"n_dentro": 0, "mas_cercana_m": 216, "mas_cercana_name": "Colegio Diocesano Internacional Virgen de Gracia"}, "agua": {"n_dentro": 0, "mas_cercana_m": 119, "mas_cercana_name": "drinking_water"}, "reciclaje": {"n_dentro": 0, "mas_cercana_m": 112, "mas_cercana_name": "waste_disposal"}, "aparcabicis": {"n_dentro": 0, "mas_cercana_m": 145, "mas_cercana_name": "bicycle_parking"}, "patrimonio": {"n_dentro": 0, "mas_cercana_m": 263, "mas_cercana_name": "Casa-Museo Federico García Lorca"}}, "renta": {"2015": 15050, "2016": 15050, "2017": 15750, "2018": 15750, "2019": 17850, "2020": 17150, "2021": 17850, "2022": 19250, "2023": 20650}, "vft": {"n_vfts": 4, "n_plazas": 24, "viviendas_total": 729, "viviendas_fuente": "censo2021", "ratio_vft_pct": 0.55, "serie": {"2015": 0, "2016": 0, "2017": 0, "2018": 1, "2019": 1, "2020": 1, "2021": 1, "2022": 1, "2023": 1, "2024": 4, "2025": 4}}, "renta_med_uc": {"2015": 15050, "2016": 15050, "2017": 15750, "2018": 15750, "2019": 17850, "2020": 17150, "2021": 17850, "2022": 19250, "2023": 20650}, "renta_hogar": {"2015": 29658, "2016": 29530, "2017": 29694, "2018": 30235, "2019": 30734, "2020": 30877, "2021": 31111, "2022": 33267, "2023": 36327}, "renta_persona": {"2015": 11830, "2016": 11807, "2017": 12133, "2018": 12588, "2019": 13102, "2020": 13437, "2021": 13774, "2022": 14899, "2023": 16631}}, "geometry": {"type": "MultiPolygon", "coordinates": [[[[-3.607833198074788, 37.1734665816351], [-3.607712361968813, 37.17326797248755], [-3.607684612648812, 37.173222331652944], [-3.607564898296966, 37.17302571229691], [-3.607361358154836, 37.172691539360436], [-3.607188517374394, 37.172407778348706], [-3.60845888529999, 37.17191056615507], [-3.60863263701102, 37.17219510125936], [-3.608980735904078, 37.172765171750335], [-3.609306743239025, 37.17329912286263], [-3.608428790074944, 37.1735100156914], [-3.60792904973112, 37.17361887496324], [-3.607912164412765, 37.17359077022261], [-3.60786155019884, 37.17351292243413], [-3.607833198074788, 37.1734665816351]]]]}}, {"type": "Feature", "properties": {"CUSEC": "1808701019", "CDIS": "01", "CSEC": "019", "NMUN": "Granada", "poblaciones": {"2015": 1604, "2016": 1592, "2017": 1606, "2018": 1776, "2019": 1810, "2020": 1826, "2021": 1858, "2022": 1832, "2023": 1804, "2024": 1809, "2025": 1823}, "superficie_verde_m2": 26569, "estacion_cercana": {"name": "Granada Palacio de Congresos", "distancia_m": 3247}, "superficie_verde_desglose": {"parques": 8036, "jardines": 6367, "arbolado": 12166}, "centroide": [-3.634683, 37.170128], "equipamientos": {"sanidad": {"n_dentro": 4}, "educacion": {"n_dentro": 5}, "agua": {"n_dentro": 5}, "reciclaje": {"n_dentro": 18}, "aparcabicis": {"n_dentro": 11}, "patrimonio": {"n_dentro": 0, "mas_cercana_m": 2246, "mas_cercana_name": "Casa-Museo Federico García Lorca"}}, "renta": {"2015": 17850, "2016": 17850, "2017": 17850, "2018": 19950, "2019": 20650, "2020": 20650, "2021": 20650, "2022": 22050, "2023": 24150}, "vft": {"n_vfts": 12, "n_plazas": 70, "viviendas_total": 1280, "viviendas_fuente": "censo2021", "ratio_vft_pct": 0.94, "serie": {"2015": 0, "2016": 0, "2017": 0, "2018": 0, "2019": 0, "2020": 1, "2021": 1, "2022": 2, "2023": 3, "2024": 12, "2025": 12}}, "renta_med_uc": {"2015": 17850, "2016": 17850, "2017": 17850, "2018": 19950, "2019": 20650, "2020": 20650, "2021": 20650, "2022": 22050, "2023": 24150}, "renta_hogar": {"2015": 31885, "2016": 32060, "2017": 32468, "2018": 34838, "2019": 36549, "2020": 36085, "2021": 37452, "2022": 39737, "2023": 41463}, "renta_persona": {"2015": 12841, "2016": 13151, "2017": 13383, "2018": 14449, "2019": 15237, "2020": 15277, "2021": 15886, "2022": 17088, "2023": 18202}}, "geometry": {"type": "MultiPolygon", "coordinates": [[[[-3.619550538895064, 37.181187943202175], [-3.619253507707671, 37.180903189384075], [-3.618903839778841, 37.18072768013949], [-3.618457553973848, 37.18053546645873], [-3.615229180793726, 37.17953393341311], [-3.61519939363914, 37.17952470809244], [-3.614194633097444, 37.179194775095766], [-3.612516726983754, 37.178643885148176], [-3.61189332934477, 37.178439138326155], [-3.611176711536321, 37.17820378243662], [-3.610644964521571, 37.17803409399306], [-3.610627619237369, 37.17800577570185], [-3.610541771799202, 37.17786559758098], [-3.610522810959586, 37.177834592406086], [-3.610243191298261, 37.177378202659234], [-3.61006968005962, 37.177094872365885], [-3.609916678096493, 37.17684532985297], [-3.60975219790166, 37.17657668689303], [-3.610281134405934, 37.17636951136083], [-3.610657797655194, 37.17622208806231], [-3.611015878025651, 37.17608178943103], [-3.610996475272129, 37.176050430546645], [-3.611255168584455, 37.1757755315622], [-3.611279590214934, 37.17574891336534], [-3.611678275485211, 37.1753140638693], [-3.612130868693149, 37.17481077951139], [-3.615062924152107, 37.17215765292208], [-3.615224738485429, 37.17203275826382], [-3.615864946819228, 37.1718040693156], [-3.615982603752394, 37.171722359458734], [-3.616582169568312, 37.17134964357326], [-3.616789832634483, 37.1712584424029], [-3.617429760221027, 37.17099372642478], [-3.617564046868524, 37.17088933468917], [-3.617608405502744, 37.17080348376575], [-3.617760162643652, 37.17076211786572], [-3.617782224589382, 37.17071247077058], [-3.617815700065989, 37.17066721709317], [-3.617972267167442, 37.170531177659726], [-3.618213246075324, 37.17038118202937], [-3.618286074980362, 37.17033575985748], [-3.618656445115992, 37.1701715409452], [-3.61872936390224, 37.170135127552044], [-3.619262473318596, 37.16989348454003], [-3.619784850055214, 37.169728469432], [-3.620037535775053, 37.16963702257723], [-3.620278691984308, 37.1695095659057], [-3.620721681465039, 37.16927287161509], [-3.621181347555232, 37.169009064194995], [-3.62179170364504, 37.16858223080617], [-3.622491923947097, 37.16811881293931], [-3.622693598795562, 37.16798254922718], [-3.622944657411004, 37.16769730311305], [-3.623178984414911, 37.16743016349598], [-3.623408241632076, 37.16722615279487], [-3.624023729121618, 37.16674515164192], [-3.624079315237717, 37.166654736642386], [-3.624033239541212, 37.16652427495024], [-3.624173474471383, 37.16646043997501], [-3.624949595889538, 37.16564958107635], [-3.625221814982903, 37.16519294288008], [-3.625746775122047, 37.16465836307427], [-3.626037480548454, 37.16439994938663], [-3.62642976188217, 37.164163483584986], [-3.626938448987079, 37.163710115294904], [-3.627129233315858, 37.16362348782161], [-3.627251645398636, 37.16344704106346], [-3.627867702758382, 37.16303365995197], [-3.62796886642014, 37.16301056720282], [-3.628030368971882, 37.16295617150026], [-3.628215836711045, 37.16291014262041], [-3.628349893035033, 37.16277871578174], [-3.6285783373073, 37.1624800303477], [-3.628813000773556, 37.16225795780059], [-3.628998012402829, 37.16215782788529], [-3.629251013489819, 37.162111384837566], [-3.63017893945649, 37.161957744123534], [-3.630381338599195, 37.161920595295484], [-3.630499465771937, 37.16190193069196], [-3.630741231332113, 37.1618555857087], [-3.631871473840275, 37.161655790013306], [-3.632107493993745, 37.16159594281621], [-3.632410797724796, 37.161499692595214], [-3.632719688183134, 37.16139886058575], [-3.633067936868266, 37.16129338352336], [-3.633533819230778, 37.161110589741256], [-3.634016746015537, 37.16094123841754], [-3.634247203961783, 37.16089498194433], [-3.634466428359149, 37.160848726575175], [-3.635073899381238, 37.16076434283006], [-3.635388312477048, 37.16072330493059], [-3.635576223093869, 37.16090136736749], [-3.635993809949662, 37.160998320165206], [-3.636478512956172, 37.161049757044076], [-3.636792953033705, 37.16093992468341], [-3.637934554997417, 37.160086449554434], [-3.63870560113029, 37.15936120805277], [-3.639881892456475, 37.15862473214442], [-3.641626645124873, 37.15851612269913], [-3.641998904418637, 37.1585862405669], [-3.64221422344087, 37.15874734095849], [-3.642397595678886, 37.15911593237471], [-3.642548031950481, 37.15959284790678], [-3.642845235244856, 37.16011402469502], [-3.643209919789316, 37.16061685595257], [-3.643684921199027, 37.16084865879071], [-3.645848781820169, 37.16101719342291], [-3.646276211703878, 37.160951768625836], [-3.646963125302976, 37.16093903448768], [-3.648526631026818, 37.160705115365026], [-3.649033413202516, 37.16070234544891], [-3.650218000879036, 37.16093924409835], [-3.651365997290383, 37.16084279141683], [-3.654294216449909, 37.16083574846229], [-3.655330880416028, 37.160893127553166], [-3.655928949979466, 37.16103402062885], [-3.656313555333925, 37.16122118842361], [-3.656315347659503, 37.1614284920024], [-3.656186546308426, 37.16215932481282], [-3.655846392487444, 37.16320685675613], [-3.655292841287573, 37.16431862356696], [-3.65514906465868, 37.16449970701004], [-3.654969731448655, 37.164726023542656], [-3.654513545995134, 37.16537754428918], [-3.654416134553895, 37.16557645104763], [-3.654393867183089, 37.16562191992942], [-3.65439283671602, 37.16562402408305], [-3.654336483036702, 37.16573909542128], [-3.654041153009167, 37.16675933126338], [-3.655428316367264, 37.16695897397405], [-3.656619682589843, 37.16797097822106], [-3.657224724537662, 37.171501140104986], [-3.657788790230351, 37.171597168788644], [-3.657862167141169, 37.17227279564902], [-3.657151418125186, 37.17214152309491], [-3.65680205110354, 37.17212546094866], [-3.656421024930064, 37.17235288371715], [-3.656194770407212, 37.17223699806967], [-3.655314950500467, 37.17209758976028], [-3.654346270748435, 37.172102935722805], [-3.652792640136878, 37.172201654944544], [-3.651992423597077, 37.17215198294505], [-3.649527823943798, 37.17241785557161], [-3.648368110960735, 37.172478308069884], [-3.648390779113424, 37.17248541777634], [-3.646733383469698, 37.17297846547486], [-3.646559181818491, 37.17302451682948], [-3.645782649278574, 37.17310983966287], [-3.645293439841027, 37.173202681876894], [-3.642188745806445, 37.17437780771844], [-3.641200601224535, 37.174748192176565], [-3.63989232776546, 37.17522853156408], [-3.639628327704833, 37.175315555799365], [-3.639420437369648, 37.175375272502116], [-3.639179545604135, 37.175529795037285], [-3.63904024771462, 37.175710830169976], [-3.638874989888218, 37.17614889985612], [-3.638802621137029, 37.17625297366679], [-3.638719160851274, 37.176375116309174], [-3.638126063163358, 37.17684702322666], [-3.637940879982001, 37.17692913203948], [-3.637771955868043, 37.176934546601075], [-3.637585665192933, 37.176881458811884], [-3.637291431015994, 37.17672083642911], [-3.63717266246126, 37.176662851655514], [-3.636901605771452, 37.17658320810158], [-3.636716455548736, 37.17666530040736], [-3.636369823863123, 37.176978166603455], [-3.635889650135509, 37.1774810102545], [-3.635766537891339, 37.177576299049846], [-3.635649481491491, 37.17772564378403], [-3.635492261749881, 37.177785081767425], [-3.634951441043971, 37.17776995762811], [-3.634754363029816, 37.17778003928687], [-3.634575028503943, 37.17788465555196], [-3.634212990926159, 37.178377824008585], [-3.633698657591608, 37.178835820232415], [-3.633284135215702, 37.17911297000469], [-3.632801512312995, 37.179327342538826], [-3.63253709739587, 37.17936932915554], [-3.631990601204724, 37.17934968329269], [-3.631726266539938, 37.17940069520186], [-3.63147399947303, 37.17954623519979], [-3.63127302005306, 37.17975915604938], [-3.631003864188447, 37.17990931005663], [-3.63081274485953, 37.17995540136042], [-3.630570506236203, 37.17994768398406], [-3.629848013995136, 37.17976672884981], [-3.629627976317591, 37.17972733799152], [-3.629233810180308, 37.17974294481071], [-3.628646967179678, 37.17961533329876], [-3.628021194651502, 37.179551041306006], [-3.627148345427927, 37.17957820945292], [-3.626636441041807, 37.17965752431826], [-3.626226398609784, 37.179794894221885], [-3.624847661664228, 37.18063596719499], [-3.624572626955962, 37.18075460663274], [-3.624477106942849, 37.18078215123539], [-3.622283917648247, 37.18122183218288], [-3.620143203172933, 37.18130381501449], [-3.620071295457776, 37.181308301743584], [-3.619700236778096, 37.18133145391223], [-3.619550538895064, 37.181187943202175]]]]}}, {"type": "Feature", "properties": {"CUSEC": "1808701020", "CDIS": "01", "CSEC": "020", "NMUN": "Granada", "poblaciones": {"2015": 755, "2016": 745, "2017": 748, "2018": 752, "2019": 751, "2020": 746, "2021": 746, "2022": 731, "2023": 731, "2024": 737, "2025": 744}, "superficie_verde_m2": 0, "estacion_cercana": {"name": "Granada Palacio de Congresos", "distancia_m": 830}, "superficie_verde_desglose": {"parques": 0, "jardines": 0, "arbolado": 0}, "centroide": [-3.603128, 37.17254], "equipamientos": {"sanidad": {"n_dentro": 0, "mas_cercana_m": 95, "mas_cercana_name": "Farmacia Román-Marinetto"}, "educacion": {"n_dentro": 0, "mas_cercana_m": 239, "mas_cercana_name": "Colegio Diocesano Internacional Virgen de Gracia"}, "agua": {"n_dentro": 1}, "reciclaje": {"n_dentro": 1}, "aparcabicis": {"n_dentro": 0, "mas_cercana_m": 126, "mas_cercana_name": "bicycle_parking"}, "patrimonio": {"n_dentro": 1}}, "renta": {"2015": 19950, "2016": 18550, "2017": 19950, "2018": 20650, "2019": 22050, "2020": 23450, "2021": 24150, "2022": 24850, "2023": 25550}, "vft": {"n_vfts": 24, "n_plazas": 105, "viviendas_total": 525, "viviendas_fuente": "censo2021", "ratio_vft_pct": 4.57, "serie": {"2015": 0, "2016": 0, "2017": 1, "2018": 3, "2019": 3, "2020": 3, "2021": 10, "2022": 14, "2023": 16, "2024": 24, "2025": 24}}, "renta_med_uc": {"2015": 19950, "2016": 18550, "2017": 19950, "2018": 20650, "2019": 22050, "2020": 23450, "2021": 24150, "2022": 24850, "2023": 25550}, "renta_hogar": {"2015": 42181, "2016": 40152, "2017": 42945, "2018": 46014, "2019": 46573, "2020": 45945, "2021": 47439, "2022": 49382, "2023": 52687}, "renta_persona": {"2015": 15910, "2016": 15271, "2017": 16354, "2018": 17881, "2019": 18343, "2020": 18517, "2021": 19565, "2022": 21410, "2023": 22058}}, "geometry": {"type": "MultiPolygon", "coordinates": [[[[-3.603171832411755, 37.171617161250104], [-3.60337228089861, 37.171855470506586], [-3.603484128693017, 37.17189723172489], [-3.603874933149375, 37.172043354811336], [-3.603904259149584, 37.17204754561268], [-3.603979459814236, 37.17205823697152], [-3.604308518690466, 37.172017224748835], [-3.60443506991606, 37.17254961767527], [-3.604042017152762, 37.17284064061496], [-3.604083604285998, 37.17285680349786], [-3.60391144880546, 37.172951623437115], [-3.603870518761696, 37.172974150769704], [-3.603370491500195, 37.17323289471022], [-3.60278704372254, 37.173538798681456], [-3.602784219348081, 37.17354910256381], [-3.602775785350365, 37.173538855953254], [-3.602525750631962, 37.17322708568465], [-3.602337691040825, 37.17299788836191], [-3.602144253903218, 37.17276216575535], [-3.602113361404473, 37.17277919609976], [-3.601757574417396, 37.172382578758025], [-3.602578250913555, 37.17193843966879], [-3.603016047074712, 37.171701414154576], [-3.603171832411755, 37.171617161250104]]]]}}, {"type": "Feature", "properties": {"CUSEC": "1808701023", "CDIS": "01", "CSEC": "023", "NMUN": "Granada", "poblaciones": {"2015": 918, "2016": 928, "2017": 905, "2018": 885, "2019": 886, "2020": 872, "2021": 878, "2022": 853, "2023": 846, "2024": 806, "2025": 823}, "superficie_verde_m2": 0, "estacion_cercana": {"name": "Granada Palacio de Congresos", "distancia_m": 1244}, "superficie_verde_desglose": {"parques": 0, "jardines": 0, "arbolado": 0}, "centroide": [-3.607837, 37.174395], "equipamientos": {"sanidad": {"n_dentro": 0, "mas_cercana_m": 70, "mas_cercana_name": "Centro Médico Adeslas Granada"}, "educacion": {"n_dentro": 0, "mas_cercana_m": 218, "mas_cercana_name": "Colegio de Educación Infantil Nazaret Siervas del Evangelio"}, "agua": {"n_dentro": 0, "mas_cercana_m": 78, "mas_cercana_name": "drinking_water"}, "reciclaje": {"n_dentro": 2}, "aparcabicis": {"n_dentro": 0, "mas_cercana_m": 57, "mas_cercana_name": "bicycle_parking"}, "patrimonio": {"n_dentro": 0, "mas_cercana_m": 441, "mas_cercana_name": "Casa-Museo Federico García Lorca"}}, "renta": {"2015": 17150, "2016": 17850, "2017": 17850, "2018": 19250, "2019": 19250, "2020": 19950, "2021": 21350, "2022": 21350, "2023": 23450}, "vft": {"n_vfts": 7, "n_plazas": 37, "viviendas_total": 731, "viviendas_fuente": "censo2021", "ratio_vft_pct": 0.96, "serie": {"2015": 0, "2016": 0, "2017": 1, "2018": 1, "2019": 1, "2020": 1, "2021": 2, "2022": 3, "2023": 5, "2024": 7, "2025": 7}}, "renta_med_uc": {"2015": 17150, "2016": 17850, "2017": 17850, "2018": 19250, "2019": 19250, "2020": 19950, "2021": 21350, "2022": 21350, "2023": 23450}, "renta_hogar": {"2015": 31197, "2016": 31295, "2017": 31462, "2018": 32570, "2019": 33337, "2020": 32965, "2021": 34378, "2022": 36269, "2023": 37402}, "renta_persona": {"2015": 13119, "2016": 13200, "2017": 13807, "2018": 14360, "2019": 14893, "2020": 14984, "2021": 15996, "2022": 16998, "2023": 17917}}, "geometry": {"type": "MultiPolygon", "coordinates": [[[[-3.606927201484687, 37.173826884903676], [-3.607326221013064, 37.17366862644635], [-3.607717116546771, 37.17351366147555], [-3.607833198074788, 37.1734665816351], [-3.60786155019884, 37.17351292243413], [-3.607912164412765, 37.17359077022261], [-3.60792904973112, 37.17361887496324], [-3.608325867812693, 37.17427784689001], [-3.608613387684075, 37.174755284713264], [-3.608743201868758, 37.17497086613023], [-3.607845017566132, 37.17532374023625], [-3.607418518145665, 37.1746283400604], [-3.606927201484687, 37.173826884903676]]]]}}, {"type": "Feature", "properties": {"CUSEC": "1808702002", "CDIS": "02", "CSEC": "002", "NMUN": "Granada", "poblaciones": {"2015": 1430, "2016": 1421, "2017": 1451, "2018": 1450, "2019": 1412, "2020": 1402, "2021": 1406, "2022": 1351, "2023": 1347, "2024": 1340, "2025": 1318}, "superficie_verde_m2": 4928, "estacion_cercana": {"name": "Granada Palacio de Congresos", "distancia_m": 285}, "superficie_verde_desglose": {"parques": 1015, "jardines": 3913, "arbolado": 0}, "centroide": [-3.601313, 37.164851], "equipamientos": {"sanidad": {"n_dentro": 2}, "educacion": {"n_dentro": 0, "mas_cercana_m": 269, "mas_cercana_name": "Colegio de Educación Infantil y Primaria Parque de las Infantas"}, "agua": {"n_dentro": 2}, "reciclaje": {"n_dentro": 0, "mas_cercana_m": 300, "mas_cercana_name": "recycling"}, "aparcabicis": {"n_dentro": 0, "mas_cercana_m": 168, "mas_cercana_name": "bicycle_parking"}, "patrimonio": {"n_dentro": 0, "mas_cercana_m": 360, "mas_cercana_name": "Almazara"}}, "renta": {"2015": 17850, "2016": 18550, "2017": 18550, "2018": 19950, "2019": 20650, "2020": 21350, "2021": 22050, "2022": 23450, "2023": 24150}, "vft": {"n_vfts": 10, "n_plazas": 56, "viviendas_total": 810, "viviendas_fuente": "censo2021", "ratio_vft_pct": 1.23, "serie": {"2015": 0, "2016": 1, "2017": 1, "2018": 2, "2019": 4, "2020": 4, "2021": 5, "2022": 6, "2023": 8, "2024": 10, "2025": 10}}, "renta_med_uc": {"2015": 17850, "2016": 18550, "2017": 18550, "2018": 19950, "2019": 20650, "2020": 21350, "2021": 22050, "2022": 23450, "2023": 24150}, "renta_hogar": {"2015": 29480, "2016": 30498, "2017": 31085, "2018": 32910, "2019": 33804, "2020": 34727, "2021": 35950, "2022": 37325, "2023": 39263}, "renta_persona": {"2015": 13277, "2016": 13851, "2017": 13938, "2018": 14703, "2019": 15229, "2020": 15569, "2021": 16273, "2022": 17214, "2023": 18519}}, "geometry": {"type": "MultiPolygon", "coordinates": [[[[-3.600431888329539, 37.16364999111365], [-3.601061027988861, 37.16318305346553], [-3.601401501197497, 37.16296620949478], [-3.601986296001504, 37.16392192904628], [-3.60201651258463, 37.16397136270514], [-3.602356613144261, 37.16452694844569], [-3.6025122404453, 37.16478152602557], [-3.602838026986179, 37.16531440457476], [-3.602999419413363, 37.16557842679974], [-3.602818987918847, 37.165638912275234], [-3.601461108899843, 37.16609633648384], [-3.600995027782462, 37.166253359590186], [-3.600991236501478, 37.16625463627677], [-3.600305069683763, 37.166485821539055], [-3.600097479160262, 37.16612596156252], [-3.600335559234725, 37.16599761893053], [-3.600335998487433, 37.16599761670527], [-3.600314699467465, 37.16561141250347], [-3.600298806556957, 37.1653228399297], [-3.600286164070318, 37.16509504338505], [-3.600255433400676, 37.16453759030639], [-3.600231172975782, 37.16405138295429], [-3.600224483130935, 37.163916837147205], [-3.60026121670813, 37.16381903348473], [-3.600330412563737, 37.16372523526167], [-3.600431888329539, 37.16364999111365]]]]}}, {"type": "Feature", "properties": {"CUSEC": "1808702003", "CDIS": "02", "CSEC": "003", "NMUN": "Granada", "poblaciones": {"2015": 977, "2016": 947, "2017": 973, "2018": 962, "2019": 959, "2020": 941, "2021": 947, "2022": 945, "2023": 968, "2024": 1007, "2025": 1002}, "superficie_verde_m2": 854, "estacion_cercana": {"name": "Granada Palacio de Congresos", "distancia_m": 643}, "superficie_verde_desglose": {"parques": 0, "jardines": 854, "arbolado": 0}, "centroide": [-3.599889, 37.171736], "equipamientos": {"sanidad": {"n_dentro": 3}, "educacion": {"n_dentro": 0, "mas_cercana_m": 275, "mas_cercana_name": "Colegio Parroquial Escolania Virgen de las Angustias"}, "agua": {"n_dentro": 1}, "reciclaje": {"n_dentro": 4}, "aparcabicis": {"n_dentro": 1}, "patrimonio": {"n_dentro": 0, "mas_cercana_m": 133, "mas_cercana_name": "Centro Cultural Zaida"}}, "renta": {"2015": 20650, "2016": 20650, "2017": 22050, "2018": 22050, "2019": 22050, "2020": 19950, "2021": 22050, "2022": 22750, "2023": 23450}, "vft": {"n_vfts": 47, "n_plazas": 271, "viviendas_total": 772, "viviendas_fuente": "censo2021", "ratio_vft_pct": 6.09, "serie": {"2015": 0, "2016": 0, "2017": 4, "2018": 14, "2019": 19, "2020": 20, "2021": 22, "2022": 30, "2023": 36, "2024": 44, "2025": 47}}, "renta_med_uc": {"2015": 20650, "2016": 20650, "2017": 22050, "2018": 22050, "2019": 22050, "2020": 19950, "2021": 22050, "2022": 22750, "2023": 23450}, "renta_hogar": {"2015": 38654, "2016": 38065, "2017": 39574, "2018": 39600, "2019": 42828, "2020": 36775, "2021": 41401, "2022": 40410, "2023": 44508}, "renta_persona": {"2015": 16082, "2016": 16088, "2017": 16741, "2018": 17241, "2019": 19014, "2020": 16795, "2021": 19257, "2022": 19196, "2023": 20875}}, "geometry": {"type": "MultiPolygon", "coordinates": [[[[-3.598218605889046, 37.17175714568595], [-3.598234855260624, 37.17174938459513], [-3.598269591669835, 37.17173108199784], [-3.598693437996824, 37.1715082984705], [-3.598576204317257, 37.17134169300848], [-3.59855554584765, 37.17130670031645], [-3.598420948369783, 37.171078430852255], [-3.598262696813836, 37.170855973013175], [-3.598225256726642, 37.17080331634898], [-3.598240724725771, 37.170796483140236], [-3.598262188505929, 37.170791498183384], [-3.598995410921309, 37.17062183844547], [-3.599351725539065, 37.17053949905728], [-3.599619299391312, 37.17047755573911], [-3.599643349450578, 37.17073945040909], [-3.599673988153558, 37.17089787476952], [-3.599673990183613, 37.17089813165924], [-3.599992431171358, 37.17087093697032], [-3.600206154307649, 37.17084642894505], [-3.600681969982494, 37.170779021304156], [-3.600810312910912, 37.17077194994381], [-3.600962481079239, 37.17079554414903], [-3.601188224384823, 37.17085019413371], [-3.601188410805639, 37.17085026530019], [-3.601775165841124, 37.170995568724905], [-3.601669404281235, 37.171290959322874], [-3.601656180886623, 37.17132798400093], [-3.601619466931915, 37.17144268468538], [-3.601524324330736, 37.17188773979596], [-3.601596839245748, 37.17190356176638], [-3.601366795851442, 37.172081524385675], [-3.601247906512268, 37.17219030960042], [-3.601177777390265, 37.17225470470671], [-3.601139961390701, 37.172286463698214], [-3.601035009181365, 37.172345960476505], [-3.600892823649501, 37.172359917795234], [-3.60033730927944, 37.17241454528583], [-3.600006591790101, 37.172447158318775], [-3.600139029460826, 37.17302752131079], [-3.600278970182722, 37.17319096879312], [-3.600178115313622, 37.173256037260074], [-3.600097074222158, 37.17330327920655], [-3.599730505956019, 37.173517173931074], [-3.599648843644699, 37.1732582481381], [-3.599498650379957, 37.17335915760157], [-3.599236525875358, 37.17281457569819], [-3.599185363991507, 37.1727683175043], [-3.598793169089245, 37.17241307754097], [-3.598284920165749, 37.17212755989782], [-3.598308169863736, 37.17209830915086], [-3.598293293604552, 37.17182363561178], [-3.598270170793346, 37.171804678662355], [-3.598247761447555, 37.17178620486408], [-3.598218605889046, 37.17175714568595]]]]}}, {"type": "Feature", "properties": {"CUSEC": "1808702004", "CDIS": "02", "CSEC": "004", "NMUN": "Granada", "poblaciones": {"2015": 764, "2016": 756, "2017": 801, "2018": 773, "2019": 773, "2020": 782, "2021": 782, "2022": 773, "2023": 791, "2024": 791, "2025": 807}, "superficie_verde_m2": 2225, "estacion_cercana": {"name": "Granada Palacio de Congresos", "distancia_m": 511}, "superficie_verde_desglose": {"parques": 2225, "jardines": 0, "arbolado": 0}, "centroide": [-3.596832, 37.170465], "equipamientos": {"sanidad": {"n_dentro": 2}, "educacion": {"n_dentro": 1}, "agua": {"n_dentro": 1}, "reciclaje": {"n_dentro": 1}, "aparcabicis": {"n_dentro": 2}, "patrimonio": {"n_dentro": 1}}, "renta": {"2015": 22050, "2016": 20650, "2017": 20650, "2018": 22050, "2019": 22050, "2020": 24150, "2021": 23450, "2022": 24150, "2023": 24850}, "vft": {"n_vfts": 60, "n_plazas": 308, "viviendas_total": 698, "viviendas_fuente": "censo2021", "ratio_vft_pct": 8.6, "serie": {"2015": 0, "2016": 4, "2017": 8, "2018": 11, "2019": 15, "2020": 22, "2021": 24, "2022": 30, "2023": 34, "2024": 60, "2025": 60}}, "renta_med_uc": {"2015": 22050, "2016": 20650, "2017": 20650, "2018": 22050, "2019": 22050, "2020": 24150, "2021": 23450, "2022": 24150, "2023": 24850}, "renta_hogar": {"2015": 36897, "2016": 37313, "2017": 37398, "2018": 39493, "2019": 41397, "2020": 40536, "2021": 42879, "2022": 43715, "2023": 45129}, "renta_persona": {"2015": 16317, "2016": 16392, "2017": 16484, "2018": 17645, "2019": 18374, "2020": 18051, "2021": 19641, "2022": 20370, "2023": 21112}}, "geometry": {"type": "MultiPolygon", "coordinates": [[[[-3.595763680919756, 37.171131890664995], [-3.59607824996368, 37.17092608037673], [-3.595725957931146, 37.17061641703188], [-3.595446955549387, 37.1703711970889], [-3.595235293005802, 37.17018512186676], [-3.595379085391376, 37.17007686742], [-3.595546498308779, 37.169950731926555], [-3.5956934994765, 37.16982217487769], [-3.596015455999658, 37.16959745670407], [-3.596010784516292, 37.169549079321065], [-3.596006019237445, 37.16950008855316], [-3.59599857159504, 37.1694237906262], [-3.595991742640807, 37.16935383997633], [-3.595988636141883, 37.16932186477688], [-3.595979151634835, 37.1692248619278], [-3.595971347540998, 37.16914476186365], [-3.595967061063569, 37.16910093913548], [-3.595951235498246, 37.168980319839164], [-3.595933890579596, 37.16884837843267], [-3.595912985570618, 37.16868922260807], [-3.595908499992519, 37.1686550368841], [-3.596277072487482, 37.16854513875167], [-3.596281056147635, 37.16854395138805], [-3.596418947910181, 37.168463709445234], [-3.596640419580238, 37.168771040562554], [-3.596784484616701, 37.168971059565], [-3.596849834222504, 37.16906178214124], [-3.596875206977099, 37.16909700289514], [-3.59689571317984, 37.16912283750055], [-3.597137028941246, 37.16942774205976], [-3.59725786260585, 37.169580396076356], [-3.597388111087041, 37.16974477843978], [-3.597791088051909, 37.170253933151116], [-3.598218838804466, 37.17079435724888], [-3.598225256726642, 37.17080331634898], [-3.598262696813836, 37.170855973013175], [-3.598420948369783, 37.171078430852255], [-3.59855554584765, 37.17130670031645], [-3.598576204317257, 37.17134169300848], [-3.598693437996824, 37.1715082984705], [-3.598269591669835, 37.17173108199784], [-3.598234855260624, 37.17174938459513], [-3.598218605889046, 37.17175714568595], [-3.598111945230195, 37.17165068211304], [-3.597849367699929, 37.171388415184865], [-3.597405466697761, 37.17164892590069], [-3.597273920452296, 37.171536902776], [-3.597087198439315, 37.17164277977947], [-3.596967069526831, 37.171838249536066], [-3.596880991392001, 37.17197839167737], [-3.596845184276581, 37.1720366305323], [-3.596743241478789, 37.17216550380874], [-3.596104393035265, 37.17148763778109], [-3.59597539612114, 37.17135069910504], [-3.59594553465655, 37.17131983199209], [-3.595764145772812, 37.1711322759314], [-3.595763680919756, 37.171131890664995]]]]}}, {"type": "Feature", "properties": {"CUSEC": "1808702005", "CDIS": "02", "CSEC": "005", "NMUN": "Granada", "poblaciones": {"2015": 1402, "2016": 1337, "2017": 1324, "2018": 1337, "2019": 1336, "2020": 1348, "2021": 1352, "2022": 1320, "2023": 1323, "2024": 1324, "2025": 1338}, "superficie_verde_m2": 387, "estacion_cercana": {"name": "Granada Palacio de Congresos", "distancia_m": 442}, "superficie_verde_desglose": {"parques": 0, "jardines": 387, "arbolado": 0}, "centroide": [-3.599402, 37.169968], "equipamientos": {"sanidad": {"n_dentro": 1}, "educacion": {"n_dentro": 0, "mas_cercana_m": 139, "mas_cercana_name": "Biblioteca Social Libre Albedrío"}, "agua": {"n_dentro": 0, "mas_cercana_m": 235, "mas_cercana_name": "drinking_water"}, "reciclaje": {"n_dentro": 1}, "aparcabicis": {"n_dentro": 0, "mas_cercana_m": 194, "mas_cercana_name": "bicycle_parking"}, "patrimonio": {"n_dentro": 0, "mas_cercana_m": 190, "mas_cercana_name": "Centro Cultural Zaida"}}, "renta": {"2015": 17850, "2016": 18550, "2017": 19950, "2018": 19950, "2019": 21350, "2020": 20650, "2021": 22750, "2022": 23450, "2023": 24850}, "vft": {"n_vfts": 76, "n_plazas": 365, "viviendas_total": 1002, "viviendas_fuente": "censo2021", "ratio_vft_pct": 7.58, "serie": {"2015": 0, "2016": 1, "2017": 6, "2018": 12, "2019": 23, "2020": 26, "2021": 30, "2022": 32, "2023": 40, "2024": 75, "2025": 76}}, "renta_med_uc": {"2015": 17850, "2016": 18550, "2017": 19950, "2018": 19950, "2019": 21350, "2020": 20650, "2021": 22750, "2022": 23450, "2023": 24850}, "renta_hogar": {"2015": 33652, "2016": 34794, "2017": 35438, "2018": 36729, "2019": 37632, "2020": 35658, "2021": 38006, "2022": 40525, "2023": 43296}, "renta_persona": {"2015": 14499, "2016": 15182, "2017": 15876, "2018": 16638, "2019": 17167, "2020": 16255, "2021": 17546, "2022": 18979, "2023": 20588}}, "geometry": {"type": "MultiPolygon", "coordinates": [[[[-3.598225256726642, 37.17080331634898], [-3.598218838804466, 37.17079435724888], [-3.597791088051909, 37.170253933151116], [-3.597388111087041, 37.16974477843978], [-3.597930217163424, 37.16952869100807], [-3.597931216411829, 37.16952828033427], [-3.597932215660236, 37.169527869660456], [-3.598231655548528, 37.16944286851451], [-3.598251511888159, 37.169436206049916], [-3.598555762756244, 37.16933418382949], [-3.598555053599777, 37.169332100661855], [-3.59845662517316, 37.169089216973724], [-3.598438537691699, 37.169053783995814], [-3.598434974570966, 37.16904687920882], [-3.598645754813582, 37.16898044655089], [-3.598832493224002, 37.16894769428007], [-3.599349473534478, 37.168856824153636], [-3.599391546831106, 37.16900553767412], [-3.599787334959433, 37.16900625186545], [-3.60031869094433, 37.16900714427004], [-3.600316687057288, 37.16904430126956], [-3.600315050930551, 37.16907668798006], [-3.600313697634712, 37.16936069649492], [-3.60031217467941, 37.16967893215185], [-3.60031059059693, 37.16999513543645], [-3.601391313941099, 37.16998939053732], [-3.601390185641247, 37.17010300015042], [-3.601389622608362, 37.17016058556595], [-3.601273654442826, 37.17070192600811], [-3.601219632032338, 37.17069409649807], [-3.601188410805639, 37.17085026530019], [-3.601188224384823, 37.17085019413371], [-3.600962481079239, 37.17079554414903], [-3.600810312910912, 37.17077194994381], [-3.600681969982494, 37.170779021304156], [-3.600206154307649, 37.17084642894505], [-3.599992431171358, 37.17087093697032], [-3.599673990183613, 37.17089813165924], [-3.599673988153558, 37.17089787476952], [-3.599643349450578, 37.17073945040909], [-3.599619299391312, 37.17047755573911], [-3.599351725539065, 37.17053949905728], [-3.598995410921309, 37.17062183844547], [-3.598262188505929, 37.170791498183384], [-3.598240724725771, 37.170796483140236], [-3.598225256726642, 37.17080331634898]]]]}}, {"type": "Feature", "properties": {"CUSEC": "1808702006", "CDIS": "02", "CSEC": "006", "NMUN": "Granada", "poblaciones": {"2015": 901, "2016": 909, "2017": 912, "2018": 913, "2019": 926, "2020": 940, "2021": 939, "2022": 931, "2023": 940, "2024": 942, "2025": 952}, "superficie_verde_m2": 1534, "estacion_cercana": {"name": "Granada Palacio de Congresos", "distancia_m": 268}, "superficie_verde_desglose": {"parques": 1534, "jardines": 0, "arbolado": 0}, "centroide": [-3.597757, 37.168393], "equipamientos": {"sanidad": {"n_dentro": 1}, "educacion": {"n_dentro": 2}, "agua": {"n_dentro": 0, "mas_cercana_m": 141, "mas_cercana_name": "drinking_water"}, "reciclaje": {"n_dentro": 0, "mas_cercana_m": 133, "mas_cercana_name": "recycling"}, "aparcabicis": {"n_dentro": 3}, "patrimonio": {"n_dentro": 1}}, "renta": {"2015": 20650, "2016": 21350, "2017": 22050, "2018": 22750, "2019": 23450, "2020": 23450, "2021": 24850, "2022": 24850, "2023": 25550}, "vft": {"n_vfts": 45, "n_plazas": 240, "viviendas_total": 815, "viviendas_fuente": "censo2021", "ratio_vft_pct": 5.52, "serie": {"2015": 0, "2016": 3, "2017": 7, "2018": 12, "2019": 17, "2020": 19, "2021": 19, "2022": 21, "2023": 26, "2024": 44, "2025": 45}}, "renta_med_uc": {"2015": 20650, "2016": 21350, "2017": 22050, "2018": 22750, "2019": 23450, "2020": 23450, "2021": 24850, "2022": 24850, "2023": 25550}, "renta_hogar": {"2015": 33013, "2016": 35852, "2017": 35864, "2018": 34588, "2019": 39295, "2020": 38892, "2021": 38229, "2022": 41145, "2023": 43389}, "renta_persona": {"2015": 15580, "2016": 16640, "2017": 17308, "2018": 16718, "2019": 18677, "2020": 19150, "2021": 19221, "2022": 20732, "2023": 21670}}, "geometry": {"type": "MultiPolygon", "coordinates": [[[[-3.596277072487482, 37.16854513875167], [-3.596276361772168, 37.16854284825476], [-3.596044712556508, 37.16823743443768], [-3.596001514948405, 37.1681798843307], [-3.595913321609361, 37.16806441542116], [-3.595984640864134, 37.16802828002124], [-3.596084165473395, 37.16798212421459], [-3.596397557160778, 37.167836798652324], [-3.59675909389952, 37.167703651165304], [-3.596935214588799, 37.16763874368085], [-3.597058133833632, 37.167593465258086], [-3.597194850068689, 37.16754308283567], [-3.597296642613725, 37.167509912829594], [-3.59747077675262, 37.16745317677758], [-3.59756329587017, 37.16742302342486], [-3.597659471783039, 37.16739167432324], [-3.59787131437166, 37.16732261459547], [-3.598118472922437, 37.16724206452182], [-3.598233940204922, 37.16720252838192], [-3.598468151888306, 37.1671195739939], [-3.599214882746939, 37.168316009891704], [-3.599199167754725, 37.168325581139335], [-3.599244611756267, 37.168486144665074], [-3.599349473534478, 37.168856824153636], [-3.598832493224002, 37.16894769428007], [-3.598645754813582, 37.16898044655089], [-3.598434974570966, 37.16904687920882], [-3.598438537691699, 37.169053783995814], [-3.59845662517316, 37.169089216973724], [-3.598555053599777, 37.169332100661855], [-3.598555762756244, 37.16933418382949], [-3.598251511888159, 37.169436206049916], [-3.598231655548528, 37.16944286851451], [-3.597932215660236, 37.169527869660456], [-3.597931216411829, 37.16952828033427], [-3.597930217163424, 37.16952869100807], [-3.597388111087041, 37.16974477843978], [-3.59725786260585, 37.169580396076356], [-3.597137028941246, 37.16942774205976], [-3.59689571317984, 37.16912283750055], [-3.596875206977099, 37.16909700289514], [-3.596849834222504, 37.16906178214124], [-3.596784484616701, 37.168971059565], [-3.596640419580238, 37.168771040562554], [-3.596418947910181, 37.168463709445234], [-3.596281056147635, 37.16854395138805], [-3.596277072487482, 37.16854513875167]]]]}}, {"type": "Feature", "properties": {"CUSEC": "1808702007", "CDIS": "02", "CSEC": "007", "NMUN": "Granada", "poblaciones": {"2015": 1129, "2016": 1117, "2017": 1091, "2018": 1109, "2019": 1104, "2020": 1108, "2021": 1117, "2022": 1131, "2023": 1141, "2024": 1157, "2025": 1133}, "superficie_verde_m2": 0, "estacion_cercana": {"name": "Granada Palacio de Congresos", "distancia_m": 630}, "superficie_verde_desglose": {"parques": 0, "jardines": 0, "arbolado": 0}, "centroide": [-3.602845, 37.170525], "equipamientos": {"sanidad": {"n_dentro": 0, "mas_cercana_m": 130, "mas_cercana_name": "Farmacia Alonso"}, "educacion": {"n_dentro": 0, "mas_cercana_m": 364, "mas_cercana_name": "Colegio Diocesano Internacional Virgen de Gracia"}, "agua": {"n_dentro": 0, "mas_cercana_m": 164, "mas_cercana_name": "drinking_water"}, "reciclaje": {"n_dentro": 4}, "aparcabicis": {"n_dentro": 0, "mas_cercana_m": 160, "mas_cercana_name": "bicycle_parking"}, "patrimonio": {"n_dentro": 0, "mas_cercana_m": 266, "mas_cercana_name": "Centro Europeo de las Mujeres Mariana Pineda"}}, "renta": {"2015": 21350, "2016": 21350, "2017": 22050, "2018": 22750, "2019": 22750, "2020": 22400, "2021": 24850, "2022": 25550, "2023": 26950}, "vft": {"n_vfts": 19, "n_plazas": 121, "viviendas_total": 718, "viviendas_fuente": "censo2021", "ratio_vft_pct": 2.65, "serie": {"2015": 0, "2016": 2, "2017": 4, "2018": 5, "2019": 6, "2020": 6, "2021": 9, "2022": 10, "2023": 13, "2024": 18, "2025": 19}}, "renta_med_uc": {"2015": 21350, "2016": 21350, "2017": 22050, "2018": 22750, "2019": 22750, "2020": 22400, "2021": 24850, "2022": 25550, "2023": 26950}, "renta_hogar": {"2015": 38344, "2016": 38755, "2017": 39267, "2018": 39953, "2019": 40624, "2020": 40236, "2021": 41791, "2022": 43592, "2023": 45487}, "renta_persona": {"2015": 15358, "2016": 15399, "2017": 16101, "2018": 16635, "2019": 16936, "2020": 17180, "2021": 17812, "2022": 18682, "2023": 19900}}, "geometry": {"type": "MultiPolygon", "coordinates": [[[[-3.601775165841124, 37.170995568724905], [-3.601188410805639, 37.17085026530019], [-3.601219632032338, 37.17069409649807], [-3.601273654442826, 37.17070192600811], [-3.601389622608362, 37.17016058556595], [-3.601390185641247, 37.17010300015042], [-3.60165164362175, 37.17016739696263], [-3.602037716218253, 37.170262431633184], [-3.60205895145685, 37.17020299336699], [-3.602322058408464, 37.17027081466438], [-3.602706295070814, 37.17036980372722], [-3.602706727762458, 37.17036897223529], [-3.603095930634178, 37.16967922297734], [-3.603238973128391, 37.16942559710382], [-3.603847709634508, 37.16972256665654], [-3.603885909949404, 37.16974011250885], [-3.60423093863716, 37.1698983924518], [-3.604233544773282, 37.169901038302925], [-3.603889835848109, 37.1702338821998], [-3.603864266521464, 37.17025863884482], [-3.603829561262091, 37.17029178452714], [-3.603428919467536, 37.17067422845033], [-3.603560360378113, 37.17076073104441], [-3.603869390359554, 37.17096396264413], [-3.603895779212536, 37.17098129375098], [-3.604092805888681, 37.171110751372595], [-3.60389766260415, 37.171218097210826], [-3.603867483430625, 37.17123475480243], [-3.603791119395111, 37.17128018705584], [-3.603758399045207, 37.171299683467225], [-3.603330555456052, 37.17153125353097], [-3.603181080821648, 37.17136697026954], [-3.603126782997145, 37.171310259034364], [-3.60309704875601, 37.17128371531565], [-3.603014471113905, 37.17120996270351], [-3.60291363769755, 37.17113746032162], [-3.602800525193947, 37.17106960034784], [-3.602626322712838, 37.170981245669566], [-3.602407740764973, 37.17089366981667], [-3.60234112217693, 37.171083744860596], [-3.602302784283608, 37.171077999485725], [-3.601804313035958, 37.17100284465771], [-3.601775165841124, 37.170995568724905]]]]}}, {"type": "Feature", "properties": {"CUSEC": "1808702009", "CDIS": "02", "CSEC": "009", "NMUN": "Granada", "poblaciones": {"2015": 965, "2016": 959, "2017": 952, "2018": 943, "2019": 951, "2020": 947, "2021": 977, "2022": 948, "2023": 990, "2024": 964, "2025": 946}, "superficie_verde_m2": 0, "estacion_cercana": {"name": "Granada Palacio de Congresos", "distancia_m": 454}, "superficie_verde_desglose": {"parques": 0, "jardines": 0, "arbolado": 0}, "centroide": [-3.602855, 37.168149], "equipamientos": {"sanidad": {"n_dentro": 0, "mas_cercana_m": 73, "mas_cercana_name": "Farmacia Iborra CB"}, "educacion": {"n_dentro": 0, "mas_cercana_m": 233, "mas_cercana_name": "Colegio de Educación Infantil y Primaria Profesor Tierno Galván"}, "agua": {"n_dentro": 0, "mas_cercana_m": 102, "mas_cercana_name": "drinking_water"}, "reciclaje": {"n_dentro": 0, "mas_cercana_m": 129, "mas_cercana_name": "recycling"}, "aparcabicis": {"n_dentro": 0, "mas_cercana_m": 108, "mas_cercana_name": "bicycle_parking"}, "patrimonio": {"n_dentro": 0, "mas_cercana_m": 528, "mas_cercana_name": "Centro Europeo de las Mujeres Mariana Pineda"}}, "renta": {"2015": 14000, "2016": 14700, "2017": 15750, "2018": 15750, "2019": 17150, "2020": 16450, "2021": 16450, "2022": 18550, "2023": 19950}, "vft": {"n_vfts": 11, "n_plazas": 60, "viviendas_total": 663, "viviendas_fuente": "censo2021", "ratio_vft_pct": 1.66, "serie": {"2015": 0, "2016": 0, "2017": 1, "2018": 1, "2019": 4, "2020": 4, "2021": 4, "2022": 4, "2023": 7, "2024": 11, "2025": 11}}, "renta_med_uc": {"2015": 14000, "2016": 14700, "2017": 15750, "2018": 15750, "2019": 17150, "2020": 16450, "2021": 16450, "2022": 18550, "2023": 19950}, "renta_hogar": {"2015": 26939, "2016": 27015, "2017": 27559, "2018": 29595, "2019": 30241, "2020": 30527, "2021": 30223, "2022": 32131, "2023": 34785}, "renta_persona": {"2015": 12020, "2016": 12440, "2017": 12535, "2018": 13897, "2019": 14044, "2020": 14032, "2021": 14205, "2022": 15370, "2023": 16877}}, "geometry": {"type": "MultiPolygon", "coordinates": [[[[-3.603467619421671, 37.1690124473177], [-3.603051117146841, 37.16901186886624], [-3.602830990311718, 37.16901147274684], [-3.602320990847095, 37.169010627281736], [-3.602320393854683, 37.1690106258092], [-3.602321231331433, 37.168674491729725], [-3.602321450482813, 37.16836206318569], [-3.602321863241023, 37.167931111661495], [-3.602322080953047, 37.16757450077589], [-3.602172672138417, 37.167327665192126], [-3.602171741717303, 37.16732609697034], [-3.602474715553259, 37.16718979891411], [-3.602855840876332, 37.167018152392025], [-3.603229224038033, 37.1676260348571], [-3.603519413977202, 37.16809863166146], [-3.60351717294804, 37.168188769926], [-3.603512745675744, 37.16836871355397], [-3.603504996841038, 37.168679832831], [-3.603496821083547, 37.16901248429062], [-3.603467619421671, 37.1690124473177]]]]}}, {"type": "Feature", "properties": {"CUSEC": "1808702010", "CDIS": "02", "CSEC": "010", "NMUN": "Granada", "poblaciones": {"2015": 1149, "2016": 1142, "2017": 1159, "2018": 1144, "2019": 1180, "2020": 1143, "2021": 1141, "2022": 1104, "2023": 1125, "2024": 1157, "2025": 1160}, "superficie_verde_m2": 1518, "estacion_cercana": {"name": "Granada Palacio de Congresos", "distancia_m": 334}, "superficie_verde_desglose": {"parques": 1276, "jardines": 242, "arbolado": 0}, "centroide": [-3.600934, 37.168327], "equipamientos": {"sanidad": {"n_dentro": 2}, "educacion": {"n_dentro": 1}, "agua": {"n_dentro": 1}, "reciclaje": {"n_dentro": 7}, "aparcabicis": {"n_dentro": 1}, "patrimonio": {"n_dentro": 0, "mas_cercana_m": 416, "mas_cercana_name": "Centro Cultural Zaida"}}, "renta": {"2015": 17150, "2016": 17850, "2017": 17850, "2018": 19950, "2019": 19950, "2020": 21350, "2021": 22050, "2022": 22750, "2023": 24850}, "vft": {"n_vfts": 28, "n_plazas": 121, "viviendas_total": 791, "viviendas_fuente": "censo2021", "ratio_vft_pct": 3.54, "serie": {"2015": 0, "2016": 1, "2017": 5, "2018": 9, "2019": 18, "2020": 18, "2021": 19, "2022": 20, "2023": 24, "2024": 27, "2025": 28}}, "renta_med_uc": {"2015": 17150, "2016": 17850, "2017": 17850, "2018": 19950, "2019": 19950, "2020": 21350, "2021": 22050, "2022": 22750, "2023": 24850}, "renta_hogar": {"2015": 31969, "2016": 32644, "2017": 32743, "2018": 33672, "2019": 35814, "2020": 34823, "2021": 36527, "2022": 38158, "2023": 42770}, "renta_persona": {"2015": 13385, "2016": 13609, "2017": 13893, "2018": 14256, "2019": 15168, "2020": 15281, "2021": 16261, "2022": 17449, "2023": 19114}}, "geometry": {"type": "MultiPolygon", "coordinates": [[[[-3.60031869094433, 37.16900714427004], [-3.599787334959433, 37.16900625186545], [-3.599391546831106, 37.16900553767412], [-3.599349473534478, 37.168856824153636], [-3.599244611756267, 37.168486144665074], [-3.599199167754725, 37.168325581139335], [-3.599214882746939, 37.168316009891704], [-3.599627075132406, 37.16806496971403], [-3.599835545592708, 37.16784914253661], [-3.599962366885708, 37.16777829556852], [-3.600225104172773, 37.167631625381205], [-3.600346241297325, 37.1676325630547], [-3.600832477924644, 37.16763641752769], [-3.601303231042464, 37.16764005111042], [-3.601406305156378, 37.167640894567555], [-3.601406012785224, 37.167670804632415], [-3.60171599845143, 37.167531350464365], [-3.601716121916909, 37.167531295753186], [-3.601717839170476, 37.16753052985412], [-3.602119996333159, 37.16734943494637], [-3.602172672138417, 37.167327665192126], [-3.602322080953047, 37.16757450077589], [-3.602321863241023, 37.167931111661495], [-3.602321450482813, 37.16836206318569], [-3.602321231331433, 37.168674491729725], [-3.602320393854683, 37.1690106258092], [-3.601399883308223, 37.16900905890033], [-3.601370495375088, 37.16900896917309], [-3.600353255972102, 37.16900726662067], [-3.60031869094433, 37.16900714427004]]]]}}, {"type": "Feature", "properties": {"CUSEC": "1808702011", "CDIS": "02", "CSEC": "011", "NMUN": "Granada", "poblaciones": {"2015": 903, "2016": 899, "2017": 872, "2018": 892, "2019": 874, "2020": 860, "2021": 861, "2022": 824, "2023": 830, "2024": 819, "2025": 841}, "superficie_verde_m2": 0, "estacion_cercana": {"name": "Granada Palacio de Congresos", "distancia_m": 529}, "superficie_verde_desglose": {"parques": 0, "jardines": 0, "arbolado": 0}, "centroide": [-3.603907, 37.168004], "equipamientos": {"sanidad": {"n_dentro": 2}, "educacion": {"n_dentro": 0, "mas_cercana_m": 325, "mas_cercana_name": "Colegio de Educación Infantil y Primaria Profesor Tierno Galván"}, "agua": {"n_dentro": 0, "mas_cercana_m": 159, "mas_cercana_name": "drinking_water"}, "reciclaje": {"n_dentro": 0, "mas_cercana_m": 122, "mas_cercana_name": "recycling"}, "aparcabicis": {"n_dentro": 0, "mas_cercana_m": 61, "mas_cercana_name": "bicycle_parking"}, "patrimonio": {"n_dentro": 0, "mas_cercana_m": 559, "mas_cercana_name": "Centro Europeo de las Mujeres Mariana Pineda"}}, "renta": {"2015": 15750, "2016": 15750, "2017": 15750, "2018": 17150, "2019": 17150, "2020": 17150, "2021": 18550, "2022": 18550, "2023": 20650}, "vft": {"n_vfts": 12, "n_plazas": 69, "viviendas_total": 612, "viviendas_fuente": "censo2021", "ratio_vft_pct": 1.96, "serie": {"2015": 0, "2016": 1, "2017": 1, "2018": 2, "2019": 4, "2020": 5, "2021": 6, "2022": 7, "2023": 8, "2024": 12, "2025": 12}}, "renta_med_uc": {"2015": 15750, "2016": 15750, "2017": 15750, "2018": 17150, "2019": 17150, "2020": 17150, "2021": 18550, "2022": 18550, "2023": 20650}, "renta_hogar": {"2015": 26409, "2016": 27400, "2017": 26801, "2018": 28195, "2019": 29518, "2020": 30065, "2021": 30439, "2022": 32475, "2023": 35537}, "renta_persona": {"2015": 11390, "2016": 11787, "2017": 11766, "2018": 12481, "2019": 13089, "2020": 13793, "2021": 14440, "2022": 15381, "2023": 17105}}, "geometry": {"type": "MultiPolygon", "coordinates": [[[[-3.603496821083547, 37.16901248429062], [-3.603504996841038, 37.168679832831], [-3.603512745675744, 37.16836871355397], [-3.60351717294804, 37.168188769926], [-3.603519413977202, 37.16809863166146], [-3.603229224038033, 37.1676260348571], [-3.602855840876332, 37.167018152392025], [-3.60316458087576, 37.1668792371117], [-3.603344166763082, 37.16679833321027], [-3.603392077807851, 37.16677519901212], [-3.603653861331551, 37.166648667061644], [-3.603730064648402, 37.16677348025245], [-3.603864020326678, 37.166987166881256], [-3.603930918162797, 37.16711435297423], [-3.60415788455391, 37.167483225913124], [-3.604533210048325, 37.16809310349936], [-3.604708345963147, 37.168377763764674], [-3.604849974008671, 37.16860792376119], [-3.605093827710808, 37.169004282516134], [-3.60463703076539, 37.16900742094881], [-3.604332793373233, 37.16900950655353], [-3.603894773285376, 37.169012529236426], [-3.603880125324638, 37.16901260388466], [-3.603832819065152, 37.16901295221918], [-3.603496821083547, 37.16901248429062]]]]}}, {"type": "Feature", "properties": {"CUSEC": "1808702012", "CDIS": "02", "CSEC": "012", "NMUN": "Granada", "poblaciones": {"2015": 1108, "2016": 1061, "2017": 1066, "2018": 1065, "2019": 1059, "2020": 1050, "2021": 1101, "2022": 1088, "2023": 1107, "2024": 1108, "2025": 1114}, "superficie_verde_m2": 0, "estacion_cercana": {"name": "Granada Palacio de Congresos", "distancia_m": 686}, "superficie_verde_desglose": {"parques": 0, "jardines": 0, "arbolado": 0}, "centroide": [-3.604507, 37.169916], "equipamientos": {"sanidad": {"n_dentro": 1}, "educacion": {"n_dentro": 0, "mas_cercana_m": 339, "mas_cercana_name": "Colegio Diocesano Internacional Virgen de Gracia"}, "agua": {"n_dentro": 0, "mas_cercana_m": 188, "mas_cercana_name": "drinking_water"}, "reciclaje": {"n_dentro": 1}, "aparcabicis": {"n_dentro": 2}, "patrimonio": {"n_dentro": 0, "mas_cercana_m": 380, "mas_cercana_name": "Centro Europeo de las Mujeres Mariana Pineda"}}, "renta": {"2015": 17850, "2016": 18550, "2017": 19950, "2018": 19950, "2019": 21000, "2020": 21350, "2021": 22750, "2022": 22750, "2023": 24150}, "vft": {"n_vfts": 13, "n_plazas": 91, "viviendas_total": 653, "viviendas_fuente": "censo2021", "ratio_vft_pct": 1.99, "serie": {"2015": 0, "2016": 0, "2017": 1, "2018": 3, "2019": 4, "2020": 4, "2021": 4, "2022": 5, "2023": 7, "2024": 12, "2025": 13}}, "renta_med_uc": {"2015": 17850, "2016": 18550, "2017": 19950, "2018": 19950, "2019": 21000, "2020": 21350, "2021": 22750, "2022": 22750, "2023": 24150}, "renta_hogar": {"2015": 36839, "2016": 36422, "2017": 37392, "2018": 39400, "2019": 37950, "2020": 39527, "2021": 41494, "2022": 43451, "2023": 48437}, "renta_persona": {"2015": 13358, "2016": 13991, "2017": 14502, "2018": 15206, "2019": 14753, "2020": 15322, "2021": 16259, "2022": 17104, "2023": 19375}}, "geometry": {"type": "MultiPolygon", "coordinates": [[[[-3.603238973128391, 37.16942559710382], [-3.603449344401726, 37.16905287819444], [-3.603460480828599, 37.169028361895805], [-3.603467619421671, 37.1690124473177], [-3.603496821083547, 37.16901248429062], [-3.603832819065152, 37.16901295221918], [-3.603880125324638, 37.16901260388466], [-3.603894773285376, 37.169012529236426], [-3.604332793373233, 37.16900950655353], [-3.60463703076539, 37.16900742094881], [-3.605093827710808, 37.169004282516134], [-3.605103549765523, 37.169019998419216], [-3.605106163493685, 37.16902430279525], [-3.605119862644377, 37.16904649750738], [-3.60549061917706, 37.169645764022405], [-3.605822681927823, 37.1701825155956], [-3.604963671752385, 37.17063433196718], [-3.604092805888681, 37.171110751372595], [-3.603895779212536, 37.17098129375098], [-3.603869390359554, 37.17096396264413], [-3.603560360378113, 37.17076073104441], [-3.603428919467536, 37.17067422845033], [-3.603829561262091, 37.17029178452714], [-3.603864266521464, 37.17025863884482], [-3.603889835848109, 37.1702338821998], [-3.604233544773282, 37.169901038302925], [-3.60423093863716, 37.1698983924518], [-3.603885909949404, 37.16974011250885], [-3.603847709634508, 37.16972256665654], [-3.603238973128391, 37.16942559710382]]]]}}, {"type": "Feature", "properties": {"CUSEC": "1808702013", "CDIS": "02", "CSEC": "013", "NMUN": "Granada", "poblaciones": {"2015": 1315, "2016": 1302, "2017": 1297, "2018": 1302, "2019": 1293, "2020": 1265, "2021": 1065, "2022": 1031, "2023": 999, "2024": 1006, "2025": 1021}, "superficie_verde_m2": 0, "estacion_cercana": {"name": "Granada Palacio de Congresos", "distancia_m": 345}, "superficie_verde_desglose": {"parques": 0, "jardines": 0, "arbolado": 0}, "centroide": [-3.602319, 37.166516], "equipamientos": {"sanidad": {"n_dentro": 0, "mas_cercana_m": 88, "mas_cercana_name": "Farmacia Helena Soldevila"}, "educacion": {"n_dentro": 0, "mas_cercana_m": 243, "mas_cercana_name": "Colegio de Educación Infantil y Primaria Profesor Tierno Galván"}, "agua": {"n_dentro": 0, "mas_cercana_m": 168, "mas_cercana_name": "drinking_water"}, "reciclaje": {"n_dentro": 0, "mas_cercana_m": 287, "mas_cercana_name": "waste_disposal"}, "aparcabicis": {"n_dentro": 0, "mas_cercana_m": 239, "mas_cercana_name": "bicycle_parking"}, "patrimonio": {"n_dentro": 0, "mas_cercana_m": 455, "mas_cercana_name": "Almazara"}}, "renta": {"2015": 12950, "2016": 14350, "2017": 14350, "2018": 15400, "2019": 16450, "2020": 15750, "2021": 15750, "2022": 17850, "2023": 17850}, "vft": {"n_vfts": 15, "n_plazas": 85, "viviendas_total": 697, "viviendas_fuente": "censo2021", "ratio_vft_pct": 2.15, "serie": {"2015": 0, "2016": 0, "2017": 1, "2018": 2, "2019": 2, "2020": 2, "2021": 2, "2022": 4, "2023": 6, "2024": 15, "2025": 15}}, "renta_med_uc": {"2015": 12950, "2016": 14350, "2017": 14350, "2018": 15400, "2019": 16450, "2020": 15750, "2021": 15750, "2022": 17850, "2023": 17850}, "renta_hogar": {"2015": 25456, "2016": 26185, "2017": 26435, "2018": 27764, "2019": 29887, "2020": 29601, "2021": 30917, "2022": 31453, "2023": 31273}, "renta_persona": {"2015": 10605, "2016": 10998, "2017": 11399, "2018": 11972, "2019": 12639, "2020": 12762, "2021": 13406, "2022": 14167, "2023": 14579}}, "geometry": {"type": "MultiPolygon", "coordinates": [[[[-3.600995027782462, 37.166253359590186], [-3.601461108899843, 37.16609633648384], [-3.602818987918847, 37.165638912275234], [-3.602999419413363, 37.16557842679974], [-3.603069001791676, 37.16569226799247], [-3.603152763033664, 37.16582926165105], [-3.603410123874751, 37.16625013666096], [-3.60363226440401, 37.16661335190083], [-3.603653861331551, 37.166648667061644], [-3.603392077807851, 37.16677519901212], [-3.603344166763082, 37.16679833321027], [-3.60316458087576, 37.1668792371117], [-3.602855840876332, 37.167018152392025], [-3.602474715553259, 37.16718979891411], [-3.602171741717303, 37.16732609697034], [-3.602172672138417, 37.167327665192126], [-3.602119996333159, 37.16734943494637], [-3.601717839170476, 37.16753052985412], [-3.601153263722096, 37.166523985971665], [-3.600995027782462, 37.166253359590186]]]]}}, {"type": "Feature", "properties": {"CUSEC": "1808702014", "CDIS": "02", "CSEC": "014", "NMUN": "Granada", "poblaciones": {"2015": 1421, "2016": 1413, "2017": 1395, "2018": 1360, "2019": 1321, "2020": 1299, "2021": 1313, "2022": 1307, "2023": 1319, "2024": 1325, "2025": 1328}, "superficie_verde_m2": 2215, "estacion_cercana": {"name": "Granada Palacio de Congresos", "distancia_m": 574}, "superficie_verde_desglose": {"parques": 0, "jardines": 2215, "arbolado": 0}, "centroide": [-3.604773, 37.167191], "equipamientos": {"sanidad": {"n_dentro": 3}, "educacion": {"n_dentro": 0, "mas_cercana_m": 343, "mas_cercana_name": "Ilustre Colegio Oficial de Dentistas de Granada"}, "agua": {"n_dentro": 0, "mas_cercana_m": 278, "mas_cercana_name": "drinking_water"}, "reciclaje": {"n_dentro": 0, "mas_cercana_m": 231, "mas_cercana_name": "recycling"}, "aparcabicis": {"n_dentro": 1}, "patrimonio": {"n_dentro": 0, "mas_cercana_m": 490, "mas_cercana_name": "Almazara"}}, "renta": {"2015": 19950, "2016": 19250, "2017": 20650, "2018": 22050, "2019": 22050, "2020": 22050, "2021": 22750, "2022": 22750, "2023": 24850}, "vft": {"n_vfts": 8, "n_plazas": 51, "viviendas_total": 892, "viviendas_fuente": "censo2021", "ratio_vft_pct": 0.9, "serie": {"2015": 0, "2016": 0, "2017": 0, "2018": 0, "2019": 2, "2020": 2, "2021": 2, "2022": 3, "2023": 5, "2024": 7, "2025": 8}}, "renta_med_uc": {"2015": 19950, "2016": 19250, "2017": 20650, "2018": 22050, "2019": 22050, "2020": 22050, "2021": 22750, "2022": 22750, "2023": 24850}, "renta_hogar": {"2015": 35186, "2016": 35550, "2017": 34513, "2018": 36355, "2019": 36168, "2020": 36672, "2021": 37313, "2022": 39004, "2023": 41929}, "renta_persona": {"2015": 14678, "2016": 14878, "2017": 14780, "2018": 16155, "2019": 16508, "2020": 16738, "2021": 17201, "2022": 18127, "2023": 19854}}, "geometry": {"type": "MultiPolygon", "coordinates": [[[[-3.605093827710808, 37.169004282516134], [-3.604849974008671, 37.16860792376119], [-3.604708345963147, 37.168377763764674], [-3.604533210048325, 37.16809310349936], [-3.60415788455391, 37.167483225913124], [-3.603930918162797, 37.16711435297423], [-3.603864020326678, 37.166987166881256], [-3.603730064648402, 37.16677348025245], [-3.603653861331551, 37.166648667061644], [-3.60363226440401, 37.16661335190083], [-3.603410123874751, 37.16625013666096], [-3.603152763033664, 37.16582926165105], [-3.603196931694013, 37.16581432682016], [-3.603308177445508, 37.16577567708742], [-3.603436400792958, 37.165731144770284], [-3.603564600479772, 37.16568663046327], [-3.603726413537893, 37.1656304257321], [-3.60379512126512, 37.16560642733577], [-3.603906221054287, 37.1655638071012], [-3.604109378255957, 37.16548588364357], [-3.604307408018119, 37.165409942032674], [-3.604432742110845, 37.165362137755054], [-3.604849030288248, 37.16602709866913], [-3.604954005712511, 37.16619468547135], [-3.605093378595053, 37.16641733457069], [-3.605311301530073, 37.1667654281769], [-3.60532945890751, 37.166794465193206], [-3.60584375532779, 37.16764221944181], [-3.606382889568448, 37.168530979747224], [-3.605106163493685, 37.16902430279525], [-3.605103549765523, 37.169019998419216], [-3.605093827710808, 37.169004282516134]]]]}}, {"type": "Feature", "properties": {"CUSEC": "1808702015", "CDIS": "02", "CSEC": "015", "NMUN": "Granada", "poblaciones": {"2015": 1185, "2016": 1206, "2017": 1194, "2018": 1173, "2019": 1164, "2020": 1133, "2021": 1118, "2022": 1099, "2023": 1095, "2024": 1103, "2025": 1089}, "superficie_verde_m2": 431, "estacion_cercana": {"name": "Granada Palacio de Congresos", "distancia_m": 616}, "superficie_verde_desglose": {"parques": 0, "jardines": 431, "arbolado": 0}, "centroide": [-3.601873, 37.161209], "equipamientos": {"sanidad": {"n_dentro": 1}, "educacion": {"n_dentro": 0, "mas_cercana_m": 172, "mas_cercana_name": "Colegio Caja Granada"}, "agua": {"n_dentro": 0, "mas_cercana_m": 144, "mas_cercana_name": "drinking_water"}, "reciclaje": {"n_dentro": 0, "mas_cercana_m": 191, "mas_cercana_name": "recycling"}, "aparcabicis": {"n_dentro": 0, "mas_cercana_m": 219, "mas_cercana_name": "bicycle_parking"}, "patrimonio": {"n_dentro": 0, "mas_cercana_m": 231, "mas_cercana_name": "Helicóptero Augusta Bell"}}, "renta": {"2015": 15750, "2016": 15750, "2017": 15750, "2018": 16450, "2019": 16450, "2020": 17150, "2021": 18550, "2022": 18900, "2023": 19950}, "vft": {"n_vfts": 1, "n_plazas": 8, "viviendas_total": 585, "viviendas_fuente": "censo2021", "ratio_vft_pct": 0.17, "serie": {"2015": 0, "2016": 0, "2017": 0, "2018": 0, "2019": 0, "2020": 0, "2021": 0, "2022": 0, "2023": 1, "2024": 1, "2025": 1}}, "renta_med_uc": {"2015": 15750, "2016": 15750, "2017": 15750, "2018": 16450, "2019": 16450, "2020": 17150, "2021": 18550, "2022": 18900, "2023": 19950}, "renta_hogar": {"2015": 28054, "2016": 27782, "2017": 27982, "2018": 28703, "2019": 28017, "2020": 28083, "2021": 30222, "2022": 30723, "2023": 33427}, "renta_persona": {"2015": 11284, "2016": 11258, "2017": 11453, "2018": 12026, "2019": 12063, "2020": 12381, "2021": 13377, "2022": 13748, "2023": 14949}}, "geometry": {"type": "MultiPolygon", "coordinates": [[[[-3.599916255938339, 37.160329035585775], [-3.599979640902602, 37.160244055638486], [-3.600198720754084, 37.16004615333778], [-3.60021460873005, 37.160030772420754], [-3.600302801336761, 37.15994485088082], [-3.600575985076454, 37.16002894430613], [-3.60060488723311, 37.16003782630652], [-3.600697958724632, 37.160067390301194], [-3.600817512449157, 37.16010544190488], [-3.600939516668469, 37.16015340993778], [-3.601509677668536, 37.160488355850454], [-3.601904949585489, 37.16072061865624], [-3.602006775541763, 37.1607804153407], [-3.602282569321232, 37.16094856106754], [-3.602526843618089, 37.16109740597236], [-3.602528492242481, 37.16109865505003], [-3.602766507369682, 37.16126972296132], [-3.602844538583676, 37.16131060227117], [-3.603205754467148, 37.161499580795], [-3.603436825675098, 37.1616206511157], [-3.603102733674109, 37.16194541167418], [-3.603029484611477, 37.16201039621477], [-3.602906024095557, 37.16211994471867], [-3.602871599698211, 37.162150464735156], [-3.602707545532872, 37.16227166196488], [-3.602670375717664, 37.16229913651812], [-3.602462346089481, 37.162413341295235], [-3.602299386114884, 37.16249530326727], [-3.602184160067363, 37.16230214002314], [-3.602166133614747, 37.16227440976725], [-3.601885211746641, 37.16184134358415], [-3.601754092467508, 37.16163919698676], [-3.601617930054811, 37.16142932375557], [-3.60146963009972, 37.16120075823266], [-3.601446814529639, 37.16116553805569], [-3.601270044699167, 37.16099183203237], [-3.601186984561507, 37.16091025171673], [-3.601090425111285, 37.1608370417517], [-3.601034388376932, 37.160794535371075], [-3.600869264453081, 37.16069308037419], [-3.600529438497106, 37.160521693476426], [-3.600007590325154, 37.16033972447862], [-3.599916255938339, 37.160329035585775]]]]}}, {"type": "Feature", "properties": {"CUSEC": "1808702016", "CDIS": "02", "CSEC": "016", "NMUN": "Granada", "poblaciones": {"2015": 856, "2016": 873, "2017": 877, "2018": 898, "2019": 939, "2020": 920, "2021": 904, "2022": 901, "2023": 912, "2024": 912, "2025": 921}, "superficie_verde_m2": 0, "estacion_cercana": {"name": "Granada Palacio de Congresos", "distancia_m": 1317}, "superficie_verde_desglose": {"parques": 0, "jardines": 0, "arbolado": 0}, "centroide": [-3.60173, 37.154465], "equipamientos": {"sanidad": {"n_dentro": 1}, "educacion": {"n_dentro": 1}, "agua": {"n_dentro": 0, "mas_cercana_m": 192, "mas_cercana_name": "fountain"}, "reciclaje": {"n_dentro": 0, "mas_cercana_m": 283, "mas_cercana_name": "waste_disposal"}, "aparcabicis": {"n_dentro": 1}, "patrimonio": {"n_dentro": 0, "mas_cercana_m": 840, "mas_cercana_name": "viewpoint"}}, "renta": {"2015": 8750, "2016": 8750, "2017": 9450, "2018": 10150, "2019": 10850, "2020": 10150, "2021": 11550, "2022": 12250, "2023": 12950}, "vft": {"n_vfts": 3, "n_plazas": 15, "viviendas_total": 438, "viviendas_fuente": "censo2021", "ratio_vft_pct": 0.68, "serie": {"2015": 0, "2016": 0, "2017": 0, "2018": 0, "2019": 0, "2020": 0, "2021": 0, "2022": 0, "2023": 0, "2024": 3, "2025": 3}}, "renta_med_uc": {"2015": 8750, "2016": 8750, "2017": 9450, "2018": 10150, "2019": 10850, "2020": 10150, "2021": 11550, "2022": 12250, "2023": 12950}, "renta_hogar": {"2015": 17325, "2016": 17940, "2017": 18390, "2018": 18546, "2019": 20355, "2020": 19835, "2021": 18311, "2022": 22371, "2023": 24070}, "renta_persona": {"2015": 6702, "2016": 6952, "2017": 7331, "2018": 7287, "2019": 7795, "2020": 7692, "2021": 7152, "2022": 8723, "2023": 9754}}, "geometry": {"type": "MultiPolygon", "coordinates": [[[[-3.600462315640855, 37.155327504700374], [-3.600470372202489, 37.15515931564236], [-3.600488113968007, 37.154786805418816], [-3.600498758265772, 37.15456420879499], [-3.600502280561042, 37.15453967270738], [-3.600523679674296, 37.15439326159134], [-3.600583127605981, 37.15398365083532], [-3.600620393411788, 37.15372683710254], [-3.600684915232671, 37.15328255049016], [-3.600687845071236, 37.15326783821437], [-3.60070377078325, 37.15318752153633], [-3.601107949166934, 37.153233000705065], [-3.601386435897322, 37.15326430264606], [-3.601404187228502, 37.15326628129659], [-3.601424204152745, 37.15326880191083], [-3.602109738922606, 37.153355230963015], [-3.602109538973835, 37.15335643084882], [-3.601974134532387, 37.15413913522131], [-3.60222360464164, 37.15416670560929], [-3.602468471506225, 37.15416649681037], [-3.602565194790281, 37.15418534384493], [-3.602575031232569, 37.15418726070108], [-3.602488971066779, 37.15435498924139], [-3.602448362282055, 37.154390547910204], [-3.602700936308591, 37.15447193346599], [-3.602963889281499, 37.15455668200429], [-3.603223910359641, 37.154640445219606], [-3.603482799740069, 37.15472386568104], [-3.603804600488537, 37.15482976342587], [-3.603792365848227, 37.15485172090249], [-3.603767851005438, 37.15489585692833], [-3.603758646352826, 37.15491236799578], [-3.603464359334507, 37.15547690825844], [-3.603150162010446, 37.155375911518675], [-3.602890207105989, 37.155292422753234], [-3.602634491401917, 37.15521017472778], [-3.602367786036513, 37.15512453322596], [-3.602110795918957, 37.15504191104936], [-3.601826985919416, 37.1549506763653], [-3.601715761168849, 37.15517055675086], [-3.601721013871667, 37.155376496787156], [-3.601356097999413, 37.15536230485437], [-3.60108630011768, 37.155351799315326], [-3.600817424888565, 37.15534132454048], [-3.600462315640855, 37.155327504700374]]]]}}, {"type": "Feature", "properties": {"CUSEC": "1808702017", "CDIS": "02", "CSEC": "017", "NMUN": "Granada", "poblaciones": {"2015": 1381, "2016": 1379, "2017": 1363, "2018": 1376, "2019": 1381, "2020": 1370, "2021": 1378, "2022": 1364, "2023": 1357, "2024": 1397, "2025": 1433}, "superficie_verde_m2": 855, "estacion_cercana": {"name": "Granada Palacio de Congresos", "distancia_m": 1145}, "superficie_verde_desglose": {"parques": 855, "jardines": 0, "arbolado": 0}, "centroide": [-3.601825, 37.156088], "equipamientos": {"sanidad": {"n_dentro": 1}, "educacion": {"n_dentro": 0, "mas_cercana_m": 175, "mas_cercana_name": "Biblioteca Almudena Grandes"}, "agua": {"n_dentro": 1}, "reciclaje": {"n_dentro": 0, "mas_cercana_m": 289, "mas_cercana_name": "waste_disposal"}, "aparcabicis": {"n_dentro": 0, "mas_cercana_m": 163, "mas_cercana_name": "bicycle_parking"}, "patrimonio": {"n_dentro": 0, "mas_cercana_m": 668, "mas_cercana_name": "viewpoint"}}, "renta": {"2015": 10150, "2016": 10850, "2017": 10850, "2018": 11550, "2019": 12250, "2020": 11550, "2021": 12250, "2022": 13650, "2023": 14350}, "vft": {"n_vfts": 3, "n_plazas": 19, "viviendas_total": 749, "viviendas_fuente": "censo2021", "ratio_vft_pct": 0.4, "serie": {"2015": 0, "2016": 0, "2017": 0, "2018": 1, "2019": 1, "2020": 1, "2021": 1, "2022": 1, "2023": 1, "2024": 3, "2025": 3}}, "renta_med_uc": {"2015": 10150, "2016": 10850, "2017": 10850, "2018": 11550, "2019": 12250, "2020": 11550, "2021": 12250, "2022": 13650, "2023": 14350}, "renta_hogar": {"2015": 19579, "2016": 20411, "2017": 20533, "2018": 21507, "2019": 22335, "2020": 22402, "2021": 22799, "2022": 24520, "2023": 26849}, "renta_persona": {"2015": 7700, "2016": 7991, "2017": 8342, "2018": 8676, "2019": 9076, "2020": 9154, "2021": 9392, "2022": 10258, "2023": 11071}}, "geometry": {"type": "MultiPolygon", "coordinates": [[[[-3.600298862617227, 37.15661176048207], [-3.600317504294717, 37.1564782715459], [-3.600340290515597, 37.15631475832271], [-3.600387966952241, 37.15596501568396], [-3.600388103514459, 37.15596448316277], [-3.600404777581304, 37.15583927095932], [-3.600418711631456, 37.15573428575483], [-3.600418795164686, 37.155733456038355], [-3.600445952920406, 37.1555803544005], [-3.600451779494551, 37.15554742357023], [-3.600452922817425, 37.15552253447159], [-3.600456234045653, 37.15545421367319], [-3.600462315640855, 37.155327504700374], [-3.600817424888565, 37.15534132454048], [-3.60108630011768, 37.155351799315326], [-3.601356097999413, 37.15536230485437], [-3.601721013871667, 37.155376496787156], [-3.601715761168849, 37.15517055675086], [-3.601826985919416, 37.1549506763653], [-3.602110795918957, 37.15504191104936], [-3.602367786036513, 37.15512453322596], [-3.602634491401917, 37.15521017472778], [-3.602890207105989, 37.155292422753234], [-3.603150162010446, 37.155375911518675], [-3.603464359334507, 37.15547690825844], [-3.603448480100696, 37.15550735746879], [-3.603441619739807, 37.15552057545736], [-3.603438620723401, 37.15552652648352], [-3.603351578848003, 37.155698208766346], [-3.603231180257726, 37.1559358174066], [-3.603153181582255, 37.15608988511126], [-3.603051561098896, 37.156282134811605], [-3.6030158411214, 37.15634983634724], [-3.603015635934451, 37.156350234009686], [-3.602839904567746, 37.15665596714742], [-3.602808134625469, 37.15671129025579], [-3.602786361920257, 37.15674916988868], [-3.602587773980805, 37.15704232259607], [-3.602414008702803, 37.15729890136157], [-3.600298862617227, 37.15661176048207]]]]}}, {"type": "Feature", "properties": {"CUSEC": "1808702018", "CDIS": "02", "CSEC": "018", "NMUN": "Granada", "poblaciones": {"2015": 1281, "2016": 1232, "2017": 1277, "2018": 1281, "2019": 1294, "2020": 1264, "2021": 1268, "2022": 1278, "2023": 1284, "2024": 1265, "2025": 1264}, "superficie_verde_m2": 0, "estacion_cercana": {"name": "Granada Palacio de Congresos", "distancia_m": 963}, "superficie_verde_desglose": {"parques": 0, "jardines": 0, "arbolado": 0}, "centroide": [-3.601014, 37.157608], "equipamientos": {"sanidad": {"n_dentro": 0, "mas_cercana_m": 94, "mas_cercana_name": "Farmacia María Pilar Galisteo Cano"}, "educacion": {"n_dentro": 0, "mas_cercana_m": 190, "mas_cercana_name": "Instituto de Educación Secundaria Alhambra"}, "agua": {"n_dentro": 0, "mas_cercana_m": 180, "mas_cercana_name": "fountain"}, "reciclaje": {"n_dentro": 0, "mas_cercana_m": 255, "mas_cercana_name": "waste_disposal"}, "aparcabicis": {"n_dentro": 0, "mas_cercana_m": 329, "mas_cercana_name": "bicycle_parking"}, "patrimonio": {"n_dentro": 0, "mas_cercana_m": 556, "mas_cercana_name": "viewpoint"}}, "renta": {"2015": 9450, "2016": 10150, "2017": 10150, "2018": 10850, "2019": 10850, "2020": 11550, "2021": 11550, "2022": 12250, "2023": 13650}, "vft": {"n_vfts": 7, "n_plazas": 39, "viviendas_total": 696, "viviendas_fuente": "censo2021", "ratio_vft_pct": 1.01, "serie": {"2015": 0, "2016": 0, "2017": 0, "2018": 0, "2019": 0, "2020": 0, "2021": 2, "2022": 4, "2023": 5, "2024": 7, "2025": 7}}, "renta_med_uc": {"2015": 9450, "2016": 10150, "2017": 10150, "2018": 10850, "2019": 10850, "2020": 11550, "2021": 11550, "2022": 12250, "2023": 13650}, "renta_hogar": {"2015": 18431, "2016": 18457, "2017": 19327, "2018": 19472, "2019": 20506, "2020": 20832, "2021": 21119, "2022": 22537, "2023": 24009}, "renta_persona": {"2015": 7180, "2016": 7478, "2017": 7554, "2018": 7789, "2019": 8247, "2020": 8359, "2021": 8622, "2022": 9229, "2023": 10092}}, "geometry": {"type": "MultiPolygon", "coordinates": [[[[-3.599891060881979, 37.1582523273038], [-3.599900336363831, 37.15817692286205], [-3.599972215060901, 37.15778973077499], [-3.599974682491974, 37.15777845972948], [-3.600060528962866, 37.15739584810475], [-3.600080758219777, 37.15730569616818], [-3.60017649759926, 37.157045783242076], [-3.600176655191587, 37.15704506131955], [-3.600298864078209, 37.156611945262796], [-3.600298862617227, 37.15661176048207], [-3.602414008702803, 37.15729890136157], [-3.602233085665919, 37.15756604465376], [-3.602148137731117, 37.15769139665847], [-3.602096413634839, 37.15776772003684], [-3.602092835141724, 37.157773051100364], [-3.601984241659516, 37.15792379851846], [-3.601725801011118, 37.158282398317944], [-3.601614831234374, 37.158436316880994], [-3.601212374777276, 37.15839650339512], [-3.600751985020908, 37.15835102303764], [-3.600297338570607, 37.15830613376714], [-3.600230973385848, 37.15829952818733], [-3.599891060881979, 37.1582523273038]]]]}}, {"type": "Feature", "properties": {"CUSEC": "1808702019", "CDIS": "02", "CSEC": "019", "NMUN": "Granada", "poblaciones": {"2015": 1170, "2016": 1131, "2017": 1175, "2018": 1240, "2019": 1237, "2020": 1213, "2021": 1239, "2022": 1219, "2023": 1219, "2024": 1233, "2025": 1277}, "superficie_verde_m2": 722, "estacion_cercana": {"name": "Granada Palacio de Congresos", "distancia_m": 791}, "superficie_verde_desglose": {"parques": 722, "jardines": 0, "arbolado": 0}, "centroide": [-3.600414, 37.159087], "equipamientos": {"sanidad": {"n_dentro": 2}, "educacion": {"n_dentro": 0, "mas_cercana_m": 213, "mas_cercana_name": "Escuela de Educación Infantil Generalife"}, "agua": {"n_dentro": 1}, "reciclaje": {"n_dentro": 0, "mas_cercana_m": 219, "mas_cercana_name": "recycling"}, "aparcabicis": {"n_dentro": 0, "mas_cercana_m": 157, "mas_cercana_name": "bicycle_parking"}, "patrimonio": {"n_dentro": 0, "mas_cercana_m": 476, "mas_cercana_name": "viewpoint"}}, "renta": {"2015": 10150, "2016": 10150, "2017": 10150, "2018": 11550, "2019": 12250, "2020": 11550, "2021": 12250, "2022": 13650, "2023": 14350}, "vft": {"n_vfts": 2, "n_plazas": 12, "viviendas_total": 682, "viviendas_fuente": "censo2021", "ratio_vft_pct": 0.29, "serie": {"2015": 0, "2016": 0, "2017": 0, "2018": 1, "2019": 2, "2020": 2, "2021": 2, "2022": 2, "2023": 2, "2024": 2, "2025": 2}}, "renta_med_uc": {"2015": 10150, "2016": 10150, "2017": 10150, "2018": 11550, "2019": 12250, "2020": 11550, "2021": 12250, "2022": 13650, "2023": 14350}, "renta_hogar": {"2015": 19282, "2016": 19172, "2017": 19723, "2018": 21152, "2019": 21838, "2020": 21646, "2021": 22393, "2022": 23511, "2023": 25333}, "renta_persona": {"2015": 7921, "2016": 8034, "2017": 8218, "2018": 8538, "2019": 9042, "2020": 9132, "2021": 9567, "2022": 9891, "2023": 10435}}, "geometry": {"type": "MultiPolygon", "coordinates": [[[[-3.599716944736753, 37.16030567308459], [-3.599728314566343, 37.16005124353659], [-3.59972948991088, 37.16003322300746], [-3.59976411609775, 37.15953781668429], [-3.599793102182576, 37.15912258279817], [-3.599797045586251, 37.15906647740525], [-3.599797125782388, 37.159065224046074], [-3.599866498449852, 37.15845121512164], [-3.599866496277617, 37.15845094020399], [-3.599891060881979, 37.1582523273038], [-3.600230973385848, 37.15829952818733], [-3.600297338570607, 37.15830613376714], [-3.600751985020908, 37.15835102303764], [-3.601212374777276, 37.15839650339512], [-3.601614831234374, 37.158436316880994], [-3.601560626956449, 37.15851174579674], [-3.601145621778211, 37.15901368985637], [-3.601019989020469, 37.15916568561704], [-3.601018984799817, 37.15916687155072], [-3.600664901097969, 37.159565349018706], [-3.600489071677957, 37.1597632719169], [-3.60048795004612, 37.15976456660956], [-3.600302801336761, 37.15994485088082], [-3.60021460873005, 37.160030772420754], [-3.600198720754084, 37.16004615333778], [-3.599979640902602, 37.160244055638486], [-3.599916255938339, 37.160329035585775], [-3.599716944736753, 37.16030567308459]]]]}}, {"type": "Feature", "properties": {"CUSEC": "1808702022", "CDIS": "02", "CSEC": "022", "NMUN": "Granada", "poblaciones": {"2015": 797, "2016": 799, "2017": 780, "2018": 768, "2019": 775, "2020": 741, "2021": 742, "2022": 743, "2023": 766, "2024": 771, "2025": 782}, "superficie_verde_m2": 0, "estacion_cercana": {"name": "Granada Palacio de Congresos", "distancia_m": 671}, "superficie_verde_desglose": {"parques": 0, "jardines": 0, "arbolado": 0}, "centroide": [-3.59623, 37.160273], "equipamientos": {"sanidad": {"n_dentro": 0, "mas_cercana_m": 116, "mas_cercana_name": "Farmacia Fuentes Sánchez"}, "educacion": {"n_dentro": 0, "mas_cercana_m": 133, "mas_cercana_name": "Biblioteca Municipal Francisco Ayala"}, "agua": {"n_dentro": 0, "mas_cercana_m": 184, "mas_cercana_name": "drinking_water"}, "reciclaje": {"n_dentro": 0, "mas_cercana_m": 61, "mas_cercana_name": "recycling"}, "aparcabicis": {"n_dentro": 0, "mas_cercana_m": 60, "mas_cercana_name": "bicycle_parking"}, "patrimonio": {"n_dentro": 0, "mas_cercana_m": 736, "mas_cercana_name": "Helicóptero Augusta Bell"}}, "renta": {"2015": 16450, "2016": 16450, "2017": 17150, "2018": 17850, "2019": 18550, "2020": 18550, "2021": 19250, "2022": 19250, "2023": 20650}, "vft": {"n_vfts": 3, "n_plazas": 18, "viviendas_total": 415, "viviendas_fuente": "censo2021", "ratio_vft_pct": 0.72, "serie": {"2015": 0, "2016": 0, "2017": 0, "2018": 1, "2019": 1, "2020": 1, "2021": 1, "2022": 1, "2023": 1, "2024": 3, "2025": 3}}, "renta_med_uc": {"2015": 16450, "2016": 16450, "2017": 17150, "2018": 17850, "2019": 18550, "2020": 18550, "2021": 19250, "2022": 19250, "2023": 20650}, "renta_hogar": {"2015": 28165, "2016": 28778, "2017": 25685, "2018": 30766, "2019": 31146, "2020": 30788, "2021": 31939, "2022": 33547, "2023": 35415}, "renta_persona": {"2015": 12035, "2016": 12442, "2017": 11093, "2018": 13495, "2019": 13735, "2020": 14033, "2021": 14671, "2022": 15083, "2023": 15771}}, "geometry": {"type": "MultiPolygon", "coordinates": [[[[-3.596891092391415, 37.16080065005514], [-3.596380507633083, 37.16073334369255], [-3.595622566031585, 37.16063352728274], [-3.59500729766813, 37.16055250248797], [-3.59510706611756, 37.16008045930096], [-3.595112092477184, 37.16005645667901], [-3.595189068793581, 37.15968622439493], [-3.595817946035267, 37.15977421172708], [-3.595887404573373, 37.159783944715606], [-3.595889761368954, 37.15978432046946], [-3.596565906826373, 37.15987852470946], [-3.597046654958787, 37.15994552090715], [-3.597077553034175, 37.15994976049133], [-3.597463887034025, 37.16000364105047], [-3.597455284593339, 37.16004468934272], [-3.597448434951947, 37.16007734122212], [-3.597274198843674, 37.16085117170327], [-3.596891092391415, 37.16080065005514]]]]}}, {"type": "Feature", "properties": {"CUSEC": "1808702023", "CDIS": "02", "CSEC": "023", "NMUN": "Granada", "poblaciones": {"2015": 1032, "2016": 1026, "2017": 1007, "2018": 988, "2019": 1018, "2020": 1003, "2021": 1007, "2022": 974, "2023": 990, "2024": 955, "2025": 967}, "superficie_verde_m2": 1008, "estacion_cercana": {"name": "Granada Palacio de Congresos", "distancia_m": 706}, "superficie_verde_desglose": {"parques": 645, "jardines": 364, "arbolado": 0}, "centroide": [-3.597623, 37.159723], "equipamientos": {"sanidad": {"n_dentro": 1}, "educacion": {"n_dentro": 0, "mas_cercana_m": 228, "mas_cercana_name": "Escuela de Educación Infantil Generalife"}, "agua": {"n_dentro": 0, "mas_cercana_m": 186, "mas_cercana_name": "fountain"}, "reciclaje": {"n_dentro": 1}, "aparcabicis": {"n_dentro": 1}, "patrimonio": {"n_dentro": 0, "mas_cercana_m": 642, "mas_cercana_name": "Helicóptero Augusta Bell"}}, "renta": {"2015": 10150, "2016": 10850, "2017": 11550, "2018": 11550, "2019": 12250, "2020": 12250, "2021": 12950, "2022": 13650, "2023": 15050}, "vft": {"n_vfts": 3, "n_plazas": 14, "viviendas_total": 554, "viviendas_fuente": "censo2021", "ratio_vft_pct": 0.54, "serie": {"2015": 0, "2016": 1, "2017": 1, "2018": 1, "2019": 1, "2020": 1, "2021": 1, "2022": 1, "2023": 1, "2024": 3, "2025": 3}}, "renta_med_uc": {"2015": 10150, "2016": 10850, "2017": 11550, "2018": 11550, "2019": 12250, "2020": 12250, "2021": 12950, "2022": 13650, "2023": 15050}, "renta_hogar": {"2015": 19742, "2016": 20144, "2017": 20578, "2018": 20997, "2019": 22389, "2020": 22169, "2021": 22394, "2022": 24104, "2023": 25362}, "renta_persona": {"2015": 7904, "2016": 8073, "2017": 8484, "2018": 8722, "2019": 9332, "2020": 9583, "2021": 9958, "2022": 10646, "2023": 11409}}, "geometry": {"type": "MultiPolygon", "coordinates": [[[[-3.597463887034025, 37.16000364105047], [-3.597077553034175, 37.15994976049133], [-3.597046654958787, 37.15994552090715], [-3.596565906826373, 37.15987852470946], [-3.595889761368954, 37.15978432046946], [-3.595887404573373, 37.159783944715606], [-3.595817946035267, 37.15977421172708], [-3.595189068793581, 37.15968622439493], [-3.595276084577311, 37.15926770740856], [-3.595214431247443, 37.159164729534986], [-3.595216483132933, 37.15916442807545], [-3.595418968265198, 37.15913466510264], [-3.595421466236083, 37.159135094240966], [-3.595943388146528, 37.159234785762735], [-3.59600229400961, 37.1592460320284], [-3.596002361722522, 37.159246049715954], [-3.596002570067624, 37.15924604866817], [-3.597137727582169, 37.15947416522824], [-3.597138808727326, 37.15947415978065], [-3.597515198822716, 37.15948351129123], [-3.59792734354383, 37.15949370431039], [-3.598020383614053, 37.159496048136646], [-3.598173243935075, 37.159502552822], [-3.598261686592866, 37.15950602388535], [-3.598261695226567, 37.159505690321815], [-3.598546328972313, 37.15951178703464], [-3.598590715923231, 37.15951274368601], [-3.598747633043422, 37.159516108277046], [-3.598807013208492, 37.159517300080864], [-3.599113375001216, 37.15952389859714], [-3.599422940542891, 37.15953044045479], [-3.599760308104655, 37.159537651167994], [-3.59976411609775, 37.15953781668429], [-3.59972948991088, 37.16003322300746], [-3.599728314566343, 37.16005124353659], [-3.599716944736753, 37.16030567308459], [-3.599600889162411, 37.16029212089014], [-3.599267456565126, 37.16024864794514], [-3.599008529014933, 37.16021487700654], [-3.598932935685121, 37.16020508581409], [-3.598682092211301, 37.160172403666444], [-3.598549305671995, 37.16015501835504], [-3.598423209928312, 37.160138595161584], [-3.598178004281555, 37.16010669474055], [-3.598170106784432, 37.16010566193099], [-3.598120415775798, 37.16009910261807], [-3.598040357403201, 37.1600870618493], [-3.597916113933851, 37.16006841491677], [-3.597756356639966, 37.160044336643736], [-3.597748205049692, 37.16004321494712], [-3.597463887034025, 37.16000364105047]]]]}}, {"type": "Feature", "properties": {"CUSEC": "1808702024", "CDIS": "02", "CSEC": "024", "NMUN": "Granada", "poblaciones": {"2015": 718, "2016": 696, "2017": 709, "2018": 717, "2019": 704, "2020": 700, "2021": 701, "2022": 666, "2023": 674, "2024": 694, "2025": 725}, "superficie_verde_m2": 1510, "estacion_cercana": {"name": "Granada Palacio de Congresos", "distancia_m": 758}, "superficie_verde_desglose": {"parques": 1500, "jardines": 9, "arbolado": 0}, "centroide": [-3.597909, 37.159234], "equipamientos": {"sanidad": {"n_dentro": 0, "mas_cercana_m": 52, "mas_cercana_name": "Farmacia Carrillo"}, "educacion": {"n_dentro": 0, "mas_cercana_m": 168, "mas_cercana_name": "Escuela de Educación Infantil Generalife"}, "agua": {"n_dentro": 1}, "reciclaje": {"n_dentro": 3}, "aparcabicis": {"n_dentro": 0, "mas_cercana_m": 144, "mas_cercana_name": "bicycle_parking"}, "patrimonio": {"n_dentro": 0, "mas_cercana_m": 645, "mas_cercana_name": "Helicóptero Augusta Bell"}}, "renta": {"2015": 11550, "2016": 11550, "2017": 11550, "2018": 12950, "2019": 12250, "2020": 13650, "2021": 14350, "2022": 15050, "2023": 15750}, "vft": {"n_vfts": 0, "n_plazas": 0, "viviendas_total": 426, "viviendas_fuente": "censo2021", "ratio_vft_pct": 0.0, "serie": {"2015": 0, "2016": 0, "2017": 0, "2018": 0, "2019": 0, "2020": 0, "2021": 0, "2022": 0, "2023": 0, "2024": 0, "2025": 0}}, "renta_med_uc": {"2015": 11550, "2016": 11550, "2017": 11550, "2018": 12950, "2019": 12250, "2020": 13650, "2021": 14350, "2022": 15050, "2023": 15750}, "renta_hogar": {"2015": 20236, "2016": 20143, "2017": 20372, "2018": 21988, "2019": 21665, "2020": 22592, "2021": 22875, "2022": 24326, "2023": 26762}, "renta_persona": {"2015": 8899, "2016": 9025, "2017": 9268, "2018": 9943, "2019": 9970, "2020": 10427, "2021": 11176, "2022": 11761, "2023": 12888}}, "geometry": {"type": "MultiPolygon", "coordinates": [[[[-3.59600229400961, 37.1592460320284], [-3.596093722875483, 37.15876424061416], [-3.59648638069838, 37.15887202006984], [-3.59669929210695, 37.15893035718084], [-3.59675212260121, 37.1589409846522], [-3.596772082790666, 37.15894499905786], [-3.596952695701711, 37.158981310255776], [-3.596985289505492, 37.15898784441534], [-3.597002548180418, 37.15899132253338], [-3.597019799874793, 37.158993912799744], [-3.597034320388001, 37.158995777670405], [-3.597050875687622, 37.15899788918867], [-3.597206216203726, 37.15901773244463], [-3.597230867095293, 37.15902030342148], [-3.597625152169809, 37.15903255256788], [-3.597942034737242, 37.1590424957586], [-3.598169692860041, 37.159049010641745], [-3.598256976693091, 37.15904984193528], [-3.598662685240947, 37.159053926326536], [-3.59882001056969, 37.159055476938825], [-3.599186977760823, 37.15905911077977], [-3.599377879091029, 37.15906104525071], [-3.599797125782388, 37.159065224046074], [-3.599797045586251, 37.15906647740525], [-3.599793102182576, 37.15912258279817], [-3.59976411609775, 37.15953781668429], [-3.599760308104655, 37.159537651167994], [-3.599422940542891, 37.15953044045479], [-3.599113375001216, 37.15952389859714], [-3.598807013208492, 37.159517300080864], [-3.598747633043422, 37.159516108277046], [-3.598590715923231, 37.15951274368601], [-3.598546328972313, 37.15951178703464], [-3.598261695226567, 37.159505690321815], [-3.598261686592866, 37.15950602388535], [-3.598173243935075, 37.159502552822], [-3.598020383614053, 37.159496048136646], [-3.59792734354383, 37.15949370431039], [-3.597515198822716, 37.15948351129123], [-3.597138808727326, 37.15947415978065], [-3.597137727582169, 37.15947416522824], [-3.596002570067624, 37.15924604866817], [-3.596002361722522, 37.159246049715954], [-3.59600229400961, 37.1592460320284]]]]}}, {"type": "Feature", "properties": {"CUSEC": "1808702025", "CDIS": "02", "CSEC": "025", "NMUN": "Granada", "poblaciones": {"2015": 926, "2016": 1717, "2017": 1707, "2018": 1707, "2019": 1770, "2020": 1784, "2021": 1792, "2022": 1680, "2023": 1657, "2024": 1690, "2025": 1732}, "superficie_verde_m2": 2058, "estacion_cercana": {"name": "Granada Palacio de Congresos", "distancia_m": 922}, "superficie_verde_desglose": {"parques": 1656, "jardines": 238, "arbolado": 165}, "centroide": [-3.59793, 37.157753], "equipamientos": {"sanidad": {"n_dentro": 2}, "educacion": {"n_dentro": 1}, "agua": {"n_dentro": 2}, "reciclaje": {"n_dentro": 0, "mas_cercana_m": 156, "mas_cercana_name": "waste_disposal"}, "aparcabicis": {"n_dentro": 0, "mas_cercana_m": 211, "mas_cercana_name": "bicycle_parking"}, "patrimonio": {"n_dentro": 0, "mas_cercana_m": 740, "mas_cercana_name": "Helicóptero Augusta Bell"}}, "renta": {"2015": 12250, "2016": 9450, "2017": 10150, "2018": 10850, "2019": 11550, "2020": 11550, "2021": 12950, "2022": 13300, "2023": 14350}, "vft": {"n_vfts": 3, "n_plazas": 16, "viviendas_total": 957, "viviendas_fuente": "censo2021", "ratio_vft_pct": 0.31, "serie": {"2015": 0, "2016": 0, "2017": 0, "2018": 0, "2019": 0, "2020": 0, "2021": 0, "2022": 0, "2023": 0, "2024": 3, "2025": 3}}, "renta_med_uc": {"2015": 12250, "2016": 9450, "2017": 10150, "2018": 10850, "2019": 11550, "2020": 11550, "2021": 12950, "2022": 13300, "2023": 14350}, "renta_hogar": {"2015": 22452, "2016": 19947, "2017": 20413, "2018": 20734, "2019": 22379, "2020": 22902, "2021": 23754, "2022": 24670, "2023": 25978}, "renta_persona": {"2015": 9686, "2016": 8291, "2017": 8534, "2018": 8948, "2019": 9477, "2020": 9594, "2021": 10629, "2022": 11146, "2023": 11746}}, "geometry": {"type": "MultiPolygon", "coordinates": [[[[-3.598662685240947, 37.159053926326536], [-3.598710710175578, 37.15874719779029], [-3.598723709774002, 37.15866474366626], [-3.59872380272701, 37.15866439164857], [-3.59874325649119, 37.15854278482221], [-3.5987834632118, 37.15829225238819], [-3.598791978099985, 37.158239504190895], [-3.598805931281146, 37.15815231826327], [-3.598354829132681, 37.15810600644262], [-3.598249244796965, 37.15809509974619], [-3.598162083928878, 37.15808615066572], [-3.598132835050596, 37.15808316139885], [-3.598130180564894, 37.15808287643093], [-3.598042531893392, 37.15807504836856], [-3.597802238954715, 37.15805331273133], [-3.597801686704758, 37.1580532614327], [-3.597444872278861, 37.158021087686], [-3.597268346646007, 37.15800515994012], [-3.597138693629762, 37.157993458623984], [-3.597066079563733, 37.15798684669885], [-3.596917952823585, 37.157971790334685], [-3.596735962880663, 37.15795326622702], [-3.59652833006602, 37.157932139656864], [-3.596250038302559, 37.15790379553117], [-3.59612864355443, 37.15790794063603], [-3.595595741645748, 37.1578320228416], [-3.59559888406466, 37.157829475000526], [-3.595372626909401, 37.1579050409385], [-3.595372370800025, 37.15790512605583], [-3.595364842356088, 37.15767236505105], [-3.595309413457423, 37.15744368554919], [-3.595121748429081, 37.15715870578568], [-3.595137283329552, 37.15715239094824], [-3.59517288930614, 37.157133132083786], [-3.595348220756471, 37.15707262704988], [-3.595475914619379, 37.15701713136463], [-3.595609491944086, 37.15695206549499], [-3.595752065725502, 37.15689410960996], [-3.595942611147847, 37.15687407154775], [-3.596061852760075, 37.15688062723902], [-3.596282644500944, 37.156917675766934], [-3.596394491080088, 37.15695728592059], [-3.596394329583799, 37.15695837563141], [-3.596394131122252, 37.15695963409112], [-3.596728416080508, 37.15699610248465], [-3.596990152001542, 37.15702461814108], [-3.597273511565018, 37.15705547246055], [-3.597594642838372, 37.157090449772554], [-3.597941486531273, 37.15712826120971], [-3.598126348305621, 37.15714843207425], [-3.598154718568776, 37.15715144470863], [-3.598264644877108, 37.15716314985639], [-3.598329094764823, 37.15716995009956], [-3.598747748616029, 37.157214528527405], [-3.598948951117494, 37.15723586850281], [-3.598949526063161, 37.15723594221657], [-3.599498885289519, 37.15726805884589], [-3.599499922246088, 37.1572681662761], [-3.600080758219777, 37.15730569616818], [-3.600060528962866, 37.15739584810475], [-3.599974682491974, 37.15777845972948], [-3.599972215060901, 37.15778973077499], [-3.599900336363831, 37.15817692286205], [-3.599891060881979, 37.1582523273038], [-3.599866496277617, 37.15845094020399], [-3.599866498449852, 37.15845121512164], [-3.599797125782388, 37.159065224046074], [-3.599377879091029, 37.15906104525071], [-3.599186977760823, 37.15905911077977], [-3.59882001056969, 37.159055476938825], [-3.598662685240947, 37.159053926326536]]]]}}, {"type": "Feature", "properties": {"CUSEC": "1808702027", "CDIS": "02", "CSEC": "027", "NMUN": "Granada", "poblaciones": {"2015": 1404, "2016": 1407, "2017": 1398, "2018": 1451, "2019": 1466, "2020": 1478, "2021": 1490, "2022": 1469, "2023": 1459, "2024": 1490, "2025": 1551}, "superficie_verde_m2": 712, "estacion_cercana": {"name": "Granada Palacio de Congresos", "distancia_m": 1204}, "superficie_verde_desglose": {"parques": 699, "jardines": 13, "arbolado": 0}, "centroide": [-3.5996, 37.155236], "equipamientos": {"sanidad": {"n_dentro": 2}, "educacion": {"n_dentro": 2}, "agua": {"n_dentro": 0, "mas_cercana_m": 132, "mas_cercana_name": "fountain"}, "reciclaje": {"n_dentro": 0, "mas_cercana_m": 78, "mas_cercana_name": "waste_disposal"}, "aparcabicis": {"n_dentro": 0, "mas_cercana_m": 133, "mas_cercana_name": "bicycle_parking"}, "patrimonio": {"n_dentro": 0, "mas_cercana_m": 844, "mas_cercana_name": "viewpoint"}}, "renta": {"2015": 8750, "2016": 8750, "2017": 9450, "2018": 9450, "2019": 10150, "2020": 10150, "2021": 10150, "2022": 10850, "2023": 12950}, "vft": {"n_vfts": 2, "n_plazas": 8, "viviendas_total": 807, "viviendas_fuente": "censo2021", "ratio_vft_pct": 0.25, "serie": {"2015": 0, "2016": 0, "2017": 0, "2018": 0, "2019": 0, "2020": 0, "2021": 0, "2022": 0, "2023": 0, "2024": 2, "2025": 2}}, "renta_med_uc": {"2015": 8750, "2016": 8750, "2017": 9450, "2018": 9450, "2019": 10150, "2020": 10150, "2021": 10150, "2022": 10850, "2023": 12950}, "renta_hogar": {"2015": 16317, "2016": 16376, "2017": 17131, "2018": 17897, "2019": 18818, "2020": 19183, "2021": 20147, "2022": 21273, "2023": 22997}, "renta_persona": {"2015": 6888, "2016": 7034, "2017": 7417, "2018": 7590, "2019": 7977, "2020": 8170, "2021": 8679, "2022": 9224, "2023": 9994}}, "geometry": {"type": "MultiPolygon", "coordinates": [[[[-3.598948951117494, 37.15723586850281], [-3.599028209825886, 37.15671941860957], [-3.599028405327346, 37.1567177905842], [-3.599045273256672, 37.1565990037198], [-3.599055193738391, 37.156529613844945], [-3.599091688233579, 37.156272731562865], [-3.599128393325786, 37.15601402374956], [-3.599128474810724, 37.15601293263668], [-3.599160283959963, 37.15575605597097], [-3.599177690043913, 37.15561489435883], [-3.599185025800939, 37.15555607659802], [-3.599188477222775, 37.15552892232617], [-3.599211976591163, 37.15534718826818], [-3.598825314934568, 37.155313876004826], [-3.598713172313062, 37.15530426931475], [-3.598617185012466, 37.155295987112126], [-3.598612318222547, 37.155325767102184], [-3.5984046159987, 37.15530355794165], [-3.598458694919044, 37.15497564275498], [-3.598480819711919, 37.15484148745969], [-3.598469577937662, 37.15479900688107], [-3.598498411362815, 37.15464443691262], [-3.598530344847852, 37.15464942808182], [-3.598554509062472, 37.15450472052355], [-3.598719242316063, 37.153517568112136], [-3.59917606902657, 37.15356778437994], [-3.599322901763948, 37.153584011827846], [-3.599593261684906, 37.15361375006501], [-3.600007129752936, 37.15365934350576], [-3.600171899723004, 37.153677508153855], [-3.600370191520052, 37.153699324726766], [-3.600620393411788, 37.15372683710254], [-3.600583127605981, 37.15398365083532], [-3.600523679674296, 37.15439326159134], [-3.600502280561042, 37.15453967270738], [-3.600498758265772, 37.15456420879499], [-3.600488113968007, 37.154786805418816], [-3.600470372202489, 37.15515931564236], [-3.600462315640855, 37.155327504700374], [-3.600456234045653, 37.15545421367319], [-3.600452922817425, 37.15552253447159], [-3.600451779494551, 37.15554742357023], [-3.600445952920406, 37.1555803544005], [-3.600418795164686, 37.155733456038355], [-3.600418711631456, 37.15573428575483], [-3.600404777581304, 37.15583927095932], [-3.600388103514459, 37.15596448316277], [-3.600387966952241, 37.15596501568396], [-3.600340290515597, 37.15631475832271], [-3.600317504294717, 37.1564782715459], [-3.600298862617227, 37.15661176048207], [-3.600298864078209, 37.156611945262796], [-3.600176655191587, 37.15704506131955], [-3.60017649759926, 37.157045783242076], [-3.600080758219777, 37.15730569616818], [-3.599499922246088, 37.1572681662761], [-3.599498885289519, 37.15726805884589], [-3.598949526063161, 37.15723594221657], [-3.598948951117494, 37.15723586850281]]]]}}, {"type": "Feature", "properties": {"CUSEC": "1808702028", "CDIS": "02", "CSEC": "028", "NMUN": "Granada", "poblaciones": {"2015": 1054, "2016": 983, "2017": 924, "2018": 918, "2019": 967, "2020": 969, "2021": 971, "2022": 956, "2023": 1001, "2024": 972, "2025": 981}, "superficie_verde_m2": 0, "estacion_cercana": {"name": "Granada Palacio de Congresos", "distancia_m": 1459}, "superficie_verde_desglose": {"parques": 0, "jardines": 0, "arbolado": 0}, "centroide": [-3.599783, 37.15294], "equipamientos": {"sanidad": {"n_dentro": 0, "mas_cercana_m": 112, "mas_cercana_name": "Centro de Salud Zaidín Sur"}, "educacion": {"n_dentro": 0, "mas_cercana_m": 145, "mas_cercana_name": "Colegio de Educación Especial Santa Teresa de Jesús"}, "agua": {"n_dentro": 0, "mas_cercana_m": 263, "mas_cercana_name": "drinking_water"}, "reciclaje": {"n_dentro": 0, "mas_cercana_m": 249, "mas_cercana_name": "waste_disposal"}, "aparcabicis": {"n_dentro": 0, "mas_cercana_m": 271, "mas_cercana_name": "bicycle_parking"}, "patrimonio": {"n_dentro": 0, "mas_cercana_m": 1061, "mas_cercana_name": "viewpoint"}}, "renta": {"2015": 7350, "2016": 7350, "2017": 8050, "2018": 9450, "2019": 9450, "2020": 9450, "2021": 9450, "2022": 10150, "2023": 10850}, "vft": {"n_vfts": 4, "n_plazas": 19, "viviendas_total": 601, "viviendas_fuente": "censo2021", "ratio_vft_pct": 0.67, "serie": {"2015": 0, "2016": 0, "2017": 0, "2018": 0, "2019": 0, "2020": 0, "2021": 0, "2022": 0, "2023": 1, "2024": 3, "2025": 4}}, "renta_med_uc": {"2015": 7350, "2016": 7350, "2017": 8050, "2018": 9450, "2019": 9450, "2020": 9450, "2021": 9450, "2022": 10150, "2023": 10850}, "renta_hogar": {"2015": 14453, "2016": 14108, "2017": 14441, "2018": 15904, "2019": 16568, "2020": 16238, "2021": 17232, "2022": 18723, "2023": 20162}, "renta_persona": {"2015": 5881, "2016": 6024, "2017": 6182, "2018": 6691, "2019": 6983, "2020": 6998, "2021": 7466, "2022": 7885, "2023": 8607}}, "geometry": {"type": "MultiPolygon", "coordinates": [[[[-3.598719242316063, 37.153517568112136], [-3.598756791797285, 37.15329309954855], [-3.59875923139036, 37.15327757853025], [-3.598772798515202, 37.15319366208529], [-3.598822905634208, 37.15288227144277], [-3.598869822290784, 37.15259033481082], [-3.598900650074866, 37.152398982647526], [-3.598918042568829, 37.152291104591015], [-3.598940358416471, 37.152152810735124], [-3.599552404857823, 37.15222255066298], [-3.600410162235638, 37.15232026650229], [-3.600877244493435, 37.15237351791651], [-3.600868502739321, 37.15240530615756], [-3.600835094994058, 37.15252615218256], [-3.600733514202254, 37.15303773556037], [-3.60070377078325, 37.15318752153633], [-3.600687845071236, 37.15326783821437], [-3.600684915232671, 37.15328255049016], [-3.600620393411788, 37.15372683710254], [-3.600370191520052, 37.153699324726766], [-3.600171899723004, 37.153677508153855], [-3.600007129752936, 37.15365934350576], [-3.599593261684906, 37.15361375006501], [-3.599322901763948, 37.153584011827846], [-3.59917606902657, 37.15356778437994], [-3.598719242316063, 37.153517568112136]]]]}}, {"type": "Feature", "properties": {"CUSEC": "1808702029", "CDIS": "02", "CSEC": "029", "NMUN": "Granada", "poblaciones": {"2015": 2536, "2016": 2522, "2017": 2612, "2018": 1215, "2019": 1290, "2020": 1322, "2021": 1238, "2022": 1288, "2023": 1356, "2024": 1403, "2025": 1428}, "superficie_verde_m2": 213135, "estacion_cercana": {"name": "Granada Palacio de Congresos", "distancia_m": 2457}, "superficie_verde_desglose": {"parques": 111636, "jardines": 55953, "arbolado": 45546}, "centroide": [-3.600195, 37.143946], "equipamientos": {"sanidad": {"n_dentro": 5}, "educacion": {"n_dentro": 5}, "agua": {"n_dentro": 8}, "reciclaje": {"n_dentro": 59}, "aparcabicis": {"n_dentro": 5}, "patrimonio": {"n_dentro": 0, "mas_cercana_m": 2005, "mas_cercana_name": "viewpoint"}}, "renta": {"2015": 12250, "2016": 12250, "2017": 12950, "2018": 17850, "2019": 19950, "2020": 19250, "2021": 21350, "2022": 24150, "2023": 26950}, "vft": {"n_vfts": 15, "n_plazas": 63, "viviendas_total": 1173, "viviendas_fuente": "censo2021", "ratio_vft_pct": 1.28, "serie": {"2015": 0, "2016": 0, "2017": 1, "2018": 3, "2019": 6, "2020": 6, "2021": 7, "2022": 8, "2023": 10, "2024": 15, "2025": 15}}, "renta_med_uc": {"2015": 12250, "2016": 12250, "2017": 12950, "2018": 17850, "2019": 19950, "2020": 19250, "2021": 21350, "2022": 24150, "2023": 26950}, "renta_hogar": {"2015": 24212, "2016": 25387, "2017": 26069, "2018": 33784, "2019": 34166, "2020": 34139, "2021": 36672, "2022": 38972, "2023": 43866}, "renta_persona": {"2015": 9747, "2016": 10580, "2017": 10960, "2018": 15612, "2019": 15802, "2020": 15656, "2021": 16768, "2022": 17949, "2023": 19918}}, "geometry": {"type": "MultiPolygon", "coordinates": [[[[-3.601203425358646, 37.151191381171735], [-3.600388018593442, 37.15109769850027], [-3.599057553044535, 37.15089455364197], [-3.59824007344761, 37.150755583580775], [-3.597178063679701, 37.15058922145544], [-3.597079992277204, 37.150580486958816], [-3.597085822351175, 37.150560177740886], [-3.596650297103181, 37.15050047055232], [-3.594650095063356, 37.14970827004392], [-3.594370531311573, 37.14956151621343], [-3.593780548954165, 37.149237625070896], [-3.593074907252132, 37.14894775376753], [-3.592614178762934, 37.14873921378949], [-3.592254801210638, 37.14849665848977], [-3.591911830739025, 37.148287934690586], [-3.591694223405871, 37.14815515955772], [-3.591726472019131, 37.14798464250085], [-3.591791692864593, 37.14730702733809], [-3.591789053322276, 37.146968413301124], [-3.591787001081863, 37.146705025076976], [-3.591714892976742, 37.146498420122796], [-3.591501451805425, 37.14625487774646], [-3.591452403021563, 37.145991759163365], [-3.591308188187792, 37.14557854962875], [-3.591164684889008, 37.14525944961242], [-3.591116080224404, 37.14505272610253], [-3.591066886947806, 37.144770760483965], [-3.591133428974326, 37.14426246007834], [-3.591084089814197, 37.14396168457497], [-3.591150189530599, 37.14339693472239], [-3.59119542980775, 37.14317093431582], [-3.590933689018206, 37.142758324661614], [-3.590838233036964, 37.14257068476039], [-3.590765523614535, 37.14228879915134], [-3.590764060712237, 37.14210069066285], [-3.590597361578089, 37.14181928956635], [-3.590594875119999, 37.141499468771904], [-3.590473294654389, 37.140973294158364], [-3.590258119174391, 37.1405040001341], [-3.59006693091729, 37.140091038777456], [-3.589946791472977, 37.13975299019943], [-3.589571390349757, 37.13913670349069], [-3.589571373272497, 37.139136679237595], [-3.589652176516859, 37.139092487769425], [-3.590072859134876, 37.13886247852121], [-3.591238873329721, 37.13822572539458], [-3.591643838742526, 37.1381786271202], [-3.592545120567874, 37.13824624140319], [-3.595960150346571, 37.13868888501555], [-3.600117274262627, 37.138992436964465], [-3.600533631700043, 37.138963325688394], [-3.601140753041065, 37.13885207203201], [-3.60157445085803, 37.13674956947904], [-3.602836664916729, 37.13689643156326], [-3.603163328879209, 37.13687221385471], [-3.60546972726918, 37.136702749512715], [-3.606877406372482, 37.13674064471486], [-3.607283529889385, 37.13683772327083], [-3.607509551099824, 37.13694472868189], [-3.607702826955248, 37.1371781185199], [-3.607841507643875, 37.137628111534276], [-3.607834098955624, 37.13810587778457], [-3.608285311233761, 37.13821174923374], [-3.608803722869934, 37.13827219171659], [-3.610031647968142, 37.13835601488068], [-3.609859231752524, 37.139321422913106], [-3.609661441317915, 37.13992638357984], [-3.609564702461392, 37.140494734581615], [-3.609204989423015, 37.14197494091817], [-3.608764470201959, 37.143212098923776], [-3.608640781513192, 37.143429176426146], [-3.607765132722535, 37.14496593467857], [-3.607445329659759, 37.14580587627103], [-3.607328079302081, 37.146635772330235], [-3.607144063127187, 37.148971393408175], [-3.606770994002302, 37.150199188641274], [-3.606537354541441, 37.15056185566309], [-3.606174981743625, 37.150903663227936], [-3.605945298088628, 37.15121456540893], [-3.605666745992467, 37.15163633293044], [-3.605432901682184, 37.15192889011144], [-3.605306487644628, 37.152113145016365], [-3.605091842332067, 37.152075023604326], [-3.603949114370006, 37.1517364276827], [-3.603018972731113, 37.151460812103814], [-3.602170730056467, 37.15131046249747], [-3.60165575268385, 37.15123954294442], [-3.601428940973248, 37.15121128033299], [-3.601208972000987, 37.15117124987044], [-3.601203425358646, 37.151191381171735]]]]}}, {"type": "Feature", "properties": {"CUSEC": "1808702031", "CDIS": "02", "CSEC": "031", "NMUN": "Granada", "poblaciones": {"2015": 1382, "2016": 1359, "2017": 1313, "2018": 1299, "2019": 1274, "2020": 1262, "2021": 1268, "2022": 1209, "2023": 1215, "2024": 1226, "2025": 1182}, "superficie_verde_m2": 14969, "estacion_cercana": {"name": "Granada Palacio de Congresos", "distancia_m": 761}, "superficie_verde_desglose": {"parques": 12454, "jardines": 2509, "arbolado": 6}, "centroide": [-3.602681, 37.16007], "equipamientos": {"sanidad": {"n_dentro": 1}, "educacion": {"n_dentro": 0, "mas_cercana_m": 168, "mas_cercana_name": "Colegio Salesiano San Juan Bosco"}, "agua": {"n_dentro": 0, "mas_cercana_m": 249, "mas_cercana_name": "fountain"}, "reciclaje": {"n_dentro": 0, "mas_cercana_m": 280, "mas_cercana_name": "recycling"}, "aparcabicis": {"n_dentro": 0, "mas_cercana_m": 272, "mas_cercana_name": "bicycle_parking"}, "patrimonio": {"n_dentro": 0, "mas_cercana_m": 252, "mas_cercana_name": "viewpoint"}}, "renta": {"2015": 14350, "2016": 14350, "2017": 15050, "2018": 15050, "2019": 15750, "2020": 16450, "2021": 17150, "2022": 17850, "2023": 19250}, "vft": {"n_vfts": 2, "n_plazas": 9, "viviendas_total": 661, "viviendas_fuente": "censo2021", "ratio_vft_pct": 0.3, "serie": {"2015": 0, "2016": 0, "2017": 0, "2018": 0, "2019": 0, "2020": 0, "2021": 0, "2022": 0, "2023": 1, "2024": 2, "2025": 2}}, "renta_med_uc": {"2015": 14350, "2016": 14350, "2017": 15050, "2018": 15050, "2019": 15750, "2020": 16450, "2021": 17150, "2022": 17850, "2023": 19250}, "renta_hogar": {"2015": 28159, "2016": 28797, "2017": 28590, "2018": 28482, "2019": 28889, "2020": 29414, "2021": 30094, "2022": 31355, "2023": 33636}, "renta_persona": {"2015": 10992, "2016": 11442, "2017": 11701, "2018": 11775, "2019": 12116, "2020": 12337, "2021": 13017, "2022": 13744, "2023": 14665}}, "geometry": {"type": "MultiPolygon", "coordinates": [[[[-3.600302801336761, 37.15994485088082], [-3.60048795004612, 37.15976456660956], [-3.600489071677957, 37.1597632719169], [-3.600664901097969, 37.159565349018706], [-3.601018984799817, 37.15916687155072], [-3.601019989020469, 37.15916568561704], [-3.601145621778211, 37.15901368985637], [-3.601560626956449, 37.15851174579674], [-3.602136363564826, 37.158774034304265], [-3.602702422051391, 37.15903193880167], [-3.602703767185098, 37.159032558437346], [-3.603786716810256, 37.15956500449369], [-3.603805053241774, 37.159573660108116], [-3.603902709486583, 37.15961968492327], [-3.603900477596836, 37.159622981016334], [-3.604102036538239, 37.15973965199101], [-3.604100869799833, 37.15973965793845], [-3.604164471787749, 37.15978477353437], [-3.604198753895358, 37.159801526241594], [-3.604372952122374, 37.1599240529492], [-3.604370626074283, 37.15992499866707], [-3.604374117737349, 37.1599240470048], [-3.604493759451575, 37.160007459450235], [-3.604720050821938, 37.16011894541757], [-3.604724453703165, 37.160121114265976], [-3.605050458423386, 37.160311343155016], [-3.604742247044737, 37.16063697678048], [-3.604521185468882, 37.16082658658023], [-3.604448361865881, 37.160875691585936], [-3.604100390839104, 37.161110326691805], [-3.603818786251312, 37.161300224854685], [-3.603778087456857, 37.161327681681115], [-3.603583911211874, 37.161477643276946], [-3.603436825675098, 37.1616206511157], [-3.603205754467148, 37.161499580795], [-3.602844538583676, 37.16131060227117], [-3.602766507369682, 37.16126972296132], [-3.602528492242481, 37.16109865505003], [-3.602526843618089, 37.16109740597236], [-3.602282569321232, 37.16094856106754], [-3.602006775541763, 37.1607804153407], [-3.601904949585489, 37.16072061865624], [-3.601509677668536, 37.160488355850454], [-3.600939516668469, 37.16015340993778], [-3.600817512449157, 37.16010544190488], [-3.600697958724632, 37.160067390301194], [-3.60060488723311, 37.16003782630652], [-3.600575985076454, 37.16002894430613], [-3.600302801336761, 37.15994485088082]]]]}}, {"type": "Feature", "properties": {"CUSEC": "1808702032", "CDIS": "02", "CSEC": "032", "NMUN": "Granada", "poblaciones": {"2015": 1714, "2016": 1675, "2017": 1676, "2018": 1597, "2019": 1616, "2020": 1624, "2021": 1635, "2022": 1604, "2023": 1620, "2024": 1601, "2025": 1584}, "superficie_verde_m2": 22829, "estacion_cercana": {"name": "Granada Palacio de Congresos", "distancia_m": 1103}, "superficie_verde_desglose": {"parques": 22482, "jardines": 346, "arbolado": 0}, "centroide": [-3.596868, 37.156192], "equipamientos": {"sanidad": {"n_dentro": 0, "mas_cercana_m": 103, "mas_cercana_name": "Farmacia Moas Carballes"}, "educacion": {"n_dentro": 0, "mas_cercana_m": 238, "mas_cercana_name": "Escuela de Educación Infantil Generalife"}, "agua": {"n_dentro": 1}, "reciclaje": {"n_dentro": 12}, "aparcabicis": {"n_dentro": 2}, "patrimonio": {"n_dentro": 0, "mas_cercana_m": 923, "mas_cercana_name": "viewpoint"}}, "renta": {"2015": 10150, "2016": 10150, "2017": 11550, "2018": 12250, "2019": 12250, "2020": 11550, "2021": 12950, "2022": 13650, "2023": 15050}, "vft": {"n_vfts": 6, "n_plazas": 30, "viviendas_total": 864, "viviendas_fuente": "censo2021", "ratio_vft_pct": 0.69, "serie": {"2015": 0, "2016": 1, "2017": 1, "2018": 1, "2019": 2, "2020": 3, "2021": 3, "2022": 3, "2023": 4, "2024": 6, "2025": 6}}, "renta_med_uc": {"2015": 10150, "2016": 10150, "2017": 11550, "2018": 12250, "2019": 12250, "2020": 11550, "2021": 12950, "2022": 13650, "2023": 15050}, "renta_hogar": {"2015": 17923, "2016": 18354, "2017": 19596, "2018": 20619, "2019": 21145, "2020": 21227, "2021": 22673, "2022": 23767, "2023": 25454}, "renta_persona": {"2015": 7674, "2016": 8020, "2017": 8679, "2018": 9326, "2019": 9650, "2020": 9640, "2021": 10500, "2022": 10990, "2023": 11826}}, "geometry": {"type": "MultiPolygon", "coordinates": [[[[-3.596061852760075, 37.15688062723902], [-3.595942611147847, 37.15687407154775], [-3.595752065725502, 37.15689410960996], [-3.595609491944086, 37.15695206549499], [-3.595475914619379, 37.15701713136463], [-3.595348220756471, 37.15707262704988], [-3.59517288930614, 37.157133132083786], [-3.595137283329552, 37.15715239094824], [-3.595121748429081, 37.15715870578568], [-3.594899285649161, 37.156820881498696], [-3.594812646679981, 37.156688849373914], [-3.594815135753999, 37.15668815361569], [-3.594180925400078, 37.155676538510825], [-3.594196008818852, 37.15567127439481], [-3.594320834574144, 37.15563010414735], [-3.594618044039207, 37.155533214836595], [-3.594953801469352, 37.15541228097154], [-3.595441646629958, 37.15530727707525], [-3.595929919802214, 37.155257123182956], [-3.596418774163579, 37.15528089857631], [-3.596628223268132, 37.15531653878317], [-3.596628613517896, 37.15531374786852], [-3.596867851913908, 37.1553278337969], [-3.597059194698272, 37.1554538438366], [-3.597056200873586, 37.15544619696868], [-3.597543032811829, 37.15549756182801], [-3.597901563717099, 37.15553540914036], [-3.597957012313253, 37.15554127788007], [-3.598023851296285, 37.155546886302034], [-3.598126621417095, 37.155555544891776], [-3.598142152424655, 37.15555638594168], [-3.598180363634814, 37.15555852321743], [-3.598371881825041, 37.15556911423322], [-3.5984046159987, 37.15530355794165], [-3.598612318222547, 37.155325767102184], [-3.598617185012466, 37.155295987112126], [-3.598713172313062, 37.15530426931475], [-3.598825314934568, 37.155313876004826], [-3.599211976591163, 37.15534718826818], [-3.599188477222775, 37.15552892232617], [-3.599185025800939, 37.15555607659802], [-3.599177690043913, 37.15561489435883], [-3.599160283959963, 37.15575605597097], [-3.599128474810724, 37.15601293263668], [-3.599128393325786, 37.15601402374956], [-3.599091688233579, 37.156272731562865], [-3.599055193738391, 37.156529613844945], [-3.599045273256672, 37.1565990037198], [-3.599028405327346, 37.1567177905842], [-3.599028209825886, 37.15671941860957], [-3.598948951117494, 37.15723586850281], [-3.598747748616029, 37.157214528527405], [-3.598329094764823, 37.15716995009956], [-3.598264644877108, 37.15716314985639], [-3.598154718568776, 37.15715144470863], [-3.598126348305621, 37.15714843207425], [-3.597941486531273, 37.15712826120971], [-3.597594642838372, 37.157090449772554], [-3.597273511565018, 37.15705547246055], [-3.596990152001542, 37.15702461814108], [-3.596728416080508, 37.15699610248465], [-3.596394131122252, 37.15695963409112], [-3.596394329583799, 37.15695837563141], [-3.596394491080088, 37.15695728592059], [-3.596282644500944, 37.156917675766934], [-3.596061852760075, 37.15688062723902]]]]}}, {"type": "Feature", "properties": {"CUSEC": "1808702033", "CDIS": "02", "CSEC": "033", "NMUN": "Granada", "poblaciones": {"2015": 1108, "2016": 1060, "2017": 1066, "2018": 1071, "2019": 1069, "2020": 1051, "2021": 1064, "2022": 1052, "2023": 1073, "2024": 1051, "2025": 1056}, "superficie_verde_m2": 0, "estacion_cercana": {"name": "Granada Palacio de Congresos", "distancia_m": 489}, "superficie_verde_desglose": {"parques": 0, "jardines": 0, "arbolado": 0}, "centroide": [-3.60181, 37.169557], "equipamientos": {"sanidad": {"n_dentro": 1}, "educacion": {"n_dentro": 0, "mas_cercana_m": 226, "mas_cercana_name": "Colegio de Educación Infantil y Primaria Profesor Tierno Galván"}, "agua": {"n_dentro": 1}, "reciclaje": {"n_dentro": 0, "mas_cercana_m": 81, "mas_cercana_name": "waste_disposal"}, "aparcabicis": {"n_dentro": 1}, "patrimonio": {"n_dentro": 0, "mas_cercana_m": 369, "mas_cercana_name": "Centro Cultural Zaida"}}, "renta": {"2015": 22050, "2016": 22050, "2017": 22050, "2018": 22050, "2019": 22750, "2020": 23450, "2021": 24850, "2022": 25550, "2023": 26250}, "vft": {"n_vfts": 15, "n_plazas": 96, "viviendas_total": 646, "viviendas_fuente": "censo2021", "ratio_vft_pct": 2.32, "serie": {"2015": 0, "2016": 0, "2017": 0, "2018": 2, "2019": 3, "2020": 3, "2021": 3, "2022": 4, "2023": 9, "2024": 15, "2025": 15}}, "renta_med_uc": {"2015": 22050, "2016": 22050, "2017": 22050, "2018": 22050, "2019": 22750, "2020": 23450, "2021": 24850, "2022": 25550, "2023": 26250}, "renta_hogar": {"2015": 40327, "2016": 40750, "2017": 39180, "2018": 40802, "2019": 41674, "2020": 41382, "2021": 43662, "2022": 44983, "2023": 48362}, "renta_persona": {"2015": 15252, "2016": 15920, "2017": 15650, "2018": 16397, "2019": 17197, "2020": 17140, "2021": 18446, "2022": 19003, "2023": 20472}}, "geometry": {"type": "MultiPolygon", "coordinates": [[[[-3.601390185641247, 37.17010300015042], [-3.601391313941099, 37.16998939053732], [-3.60031059059693, 37.16999513543645], [-3.60031217467941, 37.16967893215185], [-3.600313697634712, 37.16936069649492], [-3.600315050930551, 37.16907668798006], [-3.600316687057288, 37.16904430126956], [-3.60031869094433, 37.16900714427004], [-3.600353255972102, 37.16900726662067], [-3.601370495375088, 37.16900896917309], [-3.601399883308223, 37.16900905890033], [-3.602320393854683, 37.1690106258092], [-3.602320990847095, 37.169010627281736], [-3.602830990311718, 37.16901147274684], [-3.603051117146841, 37.16901186886624], [-3.603467619421671, 37.1690124473177], [-3.603460480828599, 37.169028361895805], [-3.603449344401726, 37.16905287819444], [-3.603238973128391, 37.16942559710382], [-3.603095930634178, 37.16967922297734], [-3.602706727762458, 37.17036897223529], [-3.602706295070814, 37.17036980372722], [-3.602322058408464, 37.17027081466438], [-3.60205895145685, 37.17020299336699], [-3.602037716218253, 37.170262431633184], [-3.60165164362175, 37.17016739696263], [-3.601390185641247, 37.17010300015042]]]]}}, {"type": "Feature", "properties": {"CUSEC": "1808702035", "CDIS": "02", "CSEC": "035", "NMUN": "Granada", "poblaciones": {"2015": 1255, "2016": 1257, "2017": 1272, "2018": 1315, "2019": 1317, "2020": 1303, "2021": 1563, "2022": 1525, "2023": 1510, "2024": 1529, "2025": 1570}, "superficie_verde_m2": 271, "estacion_cercana": {"name": "Granada Palacio de Congresos", "distancia_m": 194}, "superficie_verde_desglose": {"parques": 239, "jardines": 32, "arbolado": 0}, "centroide": [-3.60009, 37.16723], "equipamientos": {"sanidad": {"n_dentro": 0, "mas_cercana_m": 143, "mas_cercana_name": "Farmacia Nuestra Señora del Pilar"}, "educacion": {"n_dentro": 0, "mas_cercana_m": 81, "mas_cercana_name": "Colegio de Educación Infantil y Primaria Profesor Tierno Galván"}, "agua": {"n_dentro": 1}, "reciclaje": {"n_dentro": 0, "mas_cercana_m": 144, "mas_cercana_name": "recycling"}, "aparcabicis": {"n_dentro": 0, "mas_cercana_m": 116, "mas_cercana_name": "bicycle_parking"}, "patrimonio": {"n_dentro": 0, "mas_cercana_m": 370, "mas_cercana_name": "attraction"}}, "renta": {"2015": 14350, "2016": 13650, "2017": 14350, "2018": 15050, "2019": 15750, "2020": 15750, "2021": 16450, "2022": 17150, "2023": 18550}, "vft": {"n_vfts": 10, "n_plazas": 56, "viviendas_total": 860, "viviendas_fuente": "censo2021", "ratio_vft_pct": 1.16, "serie": {"2015": 0, "2016": 1, "2017": 3, "2018": 3, "2019": 5, "2020": 6, "2021": 6, "2022": 6, "2023": 8, "2024": 10, "2025": 10}}, "renta_med_uc": {"2015": 14350, "2016": 13650, "2017": 14350, "2018": 15050, "2019": 15750, "2020": 15750, "2021": 16450, "2022": 17150, "2023": 18550}, "renta_hogar": {"2015": 26576, "2016": 27772, "2017": 28202, "2018": 30508, "2019": 30344, "2020": 29782, "2021": 31339, "2022": 35089, "2023": 36783}, "renta_persona": {"2015": 11096, "2016": 11650, "2017": 11779, "2018": 12743, "2019": 12639, "2020": 12668, "2021": 13536, "2022": 15416, "2023": 16131}}, "geometry": {"type": "MultiPolygon", "coordinates": [[[[-3.598468151888306, 37.1671195739939], [-3.598477476807548, 37.16711627102808], [-3.598700245843315, 37.16703737440286], [-3.599123557524251, 37.166887439841624], [-3.599332217616577, 37.1668135215074], [-3.599408274527195, 37.16678789840394], [-3.599478103401401, 37.16676436105846], [-3.599694962805214, 37.16669132454654], [-3.599862102124635, 37.16663502601626], [-3.600106595144869, 37.16655267257208], [-3.600305069683763, 37.166485821539055], [-3.600991236501478, 37.16625463627677], [-3.600995027782462, 37.166253359590186], [-3.601153263722096, 37.166523985971665], [-3.601717839170476, 37.16753052985412], [-3.601716121916909, 37.167531295753186], [-3.60171599845143, 37.167531350464365], [-3.601406012785224, 37.167670804632415], [-3.601406305156378, 37.167640894567555], [-3.601303231042464, 37.16764005111042], [-3.600832477924644, 37.16763641752769], [-3.600346241297325, 37.1676325630547], [-3.600225104172773, 37.167631625381205], [-3.599962366885708, 37.16777829556852], [-3.599835545592708, 37.16784914253661], [-3.599627075132406, 37.16806496971403], [-3.599214882746939, 37.168316009891704], [-3.598468151888306, 37.1671195739939]]]]}}, {"type": "Feature", "properties": {"CUSEC": "1808702036", "CDIS": "02", "CSEC": "036", "NMUN": "Granada", "poblaciones": {"2015": 909, "2016": 904, "2017": 915, "2018": 906, "2019": 935, "2020": 930, "2021": 978, "2022": 974, "2023": 1000, "2024": 1001, "2025": 1024}, "superficie_verde_m2": 1108, "estacion_cercana": {"name": "Granada Palacio de Congresos", "distancia_m": 808}, "superficie_verde_desglose": {"parques": 1108, "jardines": 0, "arbolado": 0}, "centroide": [-3.606318, 37.169745], "equipamientos": {"sanidad": {"n_dentro": 1}, "educacion": {"n_dentro": 0, "mas_cercana_m": 341, "mas_cercana_name": "Colegio Diocesano Internacional Virgen de Gracia"}, "agua": {"n_dentro": 0, "mas_cercana_m": 183, "mas_cercana_name": "drinking_water"}, "reciclaje": {"n_dentro": 0, "mas_cercana_m": 87, "mas_cercana_name": "recycling"}, "aparcabicis": {"n_dentro": 1}, "patrimonio": {"n_dentro": 0, "mas_cercana_m": 289, "mas_cercana_name": "Casa-Museo Federico García Lorca"}}, "renta": {"2015": 19250, "2016": 20650, "2017": 19950, "2018": 21350, "2019": 21000, "2020": 21350, "2021": 23450, "2022": 24150, "2023": 25550}, "vft": {"n_vfts": 13, "n_plazas": 66, "viviendas_total": 588, "viviendas_fuente": "censo2021", "ratio_vft_pct": 2.21, "serie": {"2015": 0, "2016": 0, "2017": 3, "2018": 4, "2019": 5, "2020": 6, "2021": 6, "2022": 7, "2023": 10, "2024": 13, "2025": 13}}, "renta_med_uc": {"2015": 19250, "2016": 20650, "2017": 19950, "2018": 21350, "2019": 21000, "2020": 21350, "2021": 23450, "2022": 24150, "2023": 25550}, "renta_hogar": {"2015": 36973, "2016": 36671, "2017": 37558, "2018": 38815, "2019": 40476, "2020": 39628, "2021": 41696, "2022": 40545, "2023": 42802}, "renta_persona": {"2015": 14683, "2016": 14796, "2017": 14968, "2018": 15510, "2019": 16199, "2020": 16206, "2021": 17392, "2022": 16800, "2023": 17496}}, "geometry": {"type": "MultiPolygon", "coordinates": [[[[-3.605822681927823, 37.1701825155956], [-3.60549061917706, 37.169645764022405], [-3.605119862644377, 37.16904649750738], [-3.605106163493685, 37.16902430279525], [-3.606382889568448, 37.168530979747224], [-3.606674689301458, 37.16901197953481], [-3.606705012317553, 37.16906210997934], [-3.607010843964858, 37.16955758568718], [-3.607182156971022, 37.169835172223834], [-3.607356645277874, 37.17011794782398], [-3.607464532980663, 37.170292772712095], [-3.607455386007451, 37.170297619574946], [-3.607166987420649, 37.17051453121477], [-3.607003834958822, 37.170637317016904], [-3.60677344482383, 37.17081069923542], [-3.606389948050296, 37.17109927880791], [-3.606016090658864, 37.17049519513692], [-3.605822681927823, 37.1701825155956]]]]}}, {"type": "Feature", "properties": {"CUSEC": "1808702037", "CDIS": "02", "CSEC": "037", "NMUN": "Granada", "poblaciones": {"2015": 2176, "2016": 2145, "2017": 2125, "2018": 2102, "2019": 2075, "2020": 2005, "2021": 2015, "2022": 2010, "2023": 1988, "2024": 1974, "2025": 1969}, "superficie_verde_m2": 42787, "estacion_cercana": {"name": "Granada Palacio de Congresos", "distancia_m": 956}, "superficie_verde_desglose": {"parques": 33094, "jardines": 7169, "arbolado": 2524}, "centroide": [-3.609222, 37.165626], "equipamientos": {"sanidad": {"n_dentro": 9}, "educacion": {"n_dentro": 1}, "agua": {"n_dentro": 1}, "reciclaje": {"n_dentro": 3}, "aparcabicis": {"n_dentro": 3}, "patrimonio": {"n_dentro": 0, "mas_cercana_m": 424, "mas_cercana_name": "Museo Memoria de Andalucía"}}, "renta": {"2015": 24850, "2016": 25550, "2017": 25550, "2018": 26950, "2019": 27650, "2020": 28350, "2021": 29050, "2022": 31150, "2023": 33250}, "vft": {"n_vfts": 1, "n_plazas": 4, "viviendas_total": 967, "viviendas_fuente": "censo2021", "ratio_vft_pct": 0.1, "serie": {"2015": 0, "2016": 0, "2017": 0, "2018": 0, "2019": 0, "2020": 0, "2021": 0, "2022": 0, "2023": 1, "2024": 1, "2025": 1}}, "renta_med_uc": {"2015": 24850, "2016": 25550, "2017": 25550, "2018": 26950, "2019": 27650, "2020": 28350, "2021": 29050, "2022": 31150, "2023": 33250}, "renta_hogar": {"2015": 50911, "2016": 51739, "2017": 51886, "2018": 53251, "2019": 53746, "2020": 53424, "2021": 55136, "2022": 55683, "2023": 59640}, "renta_persona": {"2015": 17790, "2016": 18301, "2017": 18354, "2018": 19477, "2019": 20012, "2020": 20402, "2021": 21491, "2022": 22341, "2023": 24316}}, "geometry": {"type": "MultiPolygon", "coordinates": [[[[-3.606382889568448, 37.168530979747224], [-3.60584375532779, 37.16764221944181], [-3.60532945890751, 37.166794465193206], [-3.605311301530073, 37.1667654281769], [-3.605093378595053, 37.16641733457069], [-3.604954005712511, 37.16619468547135], [-3.604849030288248, 37.16602709866913], [-3.604432742110845, 37.165362137755054], [-3.604489913352717, 37.165339951931], [-3.604637804120713, 37.165283243681905], [-3.604718732083118, 37.16525220643264], [-3.604770935457546, 37.165232204686895], [-3.604818332771054, 37.16521403836841], [-3.604848942700669, 37.16520229098151], [-3.604890303799034, 37.16518565177426], [-3.604951508815341, 37.165154507715975], [-3.605049859905624, 37.165104438288274], [-3.605134631791117, 37.165061270764916], [-3.605234296221794, 37.16501053194569], [-3.605309948104149, 37.16497202606451], [-3.605761038282634, 37.16474235989682], [-3.606480190120062, 37.16437750517999], [-3.607336001404808, 37.16396064328356], [-3.608307859928778, 37.16343439090697], [-3.608623727906786, 37.163301024346445], [-3.610474915934074, 37.162519382184534], [-3.611078799476256, 37.16226439039833], [-3.611163608798993, 37.16226879899745], [-3.611622954393918, 37.16229267714975], [-3.613713107664101, 37.1618108271508], [-3.613711301561797, 37.16182146856674], [-3.613675885480191, 37.16202968614346], [-3.613663090213389, 37.16256247684011], [-3.613650659588108, 37.163136208272235], [-3.613688032356868, 37.16353214483325], [-3.613691014071182, 37.16390093880781], [-3.613693443572646, 37.16420142723572], [-3.61342364192481, 37.16461263026765], [-3.613204089220377, 37.164900591442716], [-3.612831374870514, 37.165244003689075], [-3.612475283768213, 37.16553267222747], [-3.612255480172137, 37.16579337447431], [-3.611899296825688, 37.16606839630175], [-3.611679599548203, 37.166342726144336], [-3.611408821459549, 37.166630948358325], [-3.611120229749637, 37.166823690502135], [-3.610883013906923, 37.16704344808488], [-3.610679547163612, 37.16720838819048], [-3.610492773448042, 37.16733232814284], [-3.610357686395392, 37.167510604107925], [-3.610120142276253, 37.16768936601523], [-3.609815016952224, 37.16795047051077], [-3.609595198178858, 37.168211141716796], [-3.609632319423809, 37.16857972479722], [-3.609462644783576, 37.16870354359828], [-3.609174734316275, 37.16899186679986], [-3.608988149240028, 37.16908808885329], [-3.608566116386622, 37.1695913804667], [-3.607884266506702, 37.170070681466136], [-3.607464532980663, 37.170292772712095], [-3.607356645277874, 37.17011794782398], [-3.607182156971022, 37.169835172223834], [-3.607010843964858, 37.16955758568718], [-3.606705012317553, 37.16906210997934], [-3.606674689301458, 37.16901197953481], [-3.606382889568448, 37.168530979747224]]]]}}, {"type": "Feature", "properties": {"CUSEC": "1808702038", "CDIS": "02", "CSEC": "038", "NMUN": "Granada", "poblaciones": {"2015": 845, "2016": 853, "2017": 840, "2018": 841, "2019": 811, "2020": 811, "2021": 830, "2022": 808, "2023": 843, "2024": 863, "2025": 918}, "superficie_verde_m2": 88, "estacion_cercana": {"name": "Granada Palacio de Congresos", "distancia_m": 545}, "superficie_verde_desglose": {"parques": 0, "jardines": 88, "arbolado": 0}, "centroide": [-3.600948, 37.161553], "equipamientos": {"sanidad": {"n_dentro": 3}, "educacion": {"n_dentro": 0, "mas_cercana_m": 83, "mas_cercana_name": "Colegio Caja Granada"}, "agua": {"n_dentro": 1}, "reciclaje": {"n_dentro": 1}, "aparcabicis": {"n_dentro": 0, "mas_cercana_m": 176, "mas_cercana_name": "bicycle_parking"}, "patrimonio": {"n_dentro": 0, "mas_cercana_m": 295, "mas_cercana_name": "Helicóptero Augusta Bell"}}, "renta": {"2015": 13650, "2016": 14350, "2017": 14350, "2018": 15050, "2019": 16450, "2020": 17150, "2021": 18550, "2022": 19250, "2023": 19950}, "vft": {"n_vfts": 11, "n_plazas": 45, "viviendas_total": 466, "viviendas_fuente": "censo2021", "ratio_vft_pct": 2.36, "serie": {"2015": 0, "2016": 0, "2017": 0, "2018": 0, "2019": 0, "2020": 0, "2021": 0, "2022": 0, "2023": 1, "2024": 5, "2025": 11}}, "renta_med_uc": {"2015": 13650, "2016": 14350, "2017": 14350, "2018": 15050, "2019": 16450, "2020": 17150, "2021": 18550, "2022": 19250, "2023": 19950}, "renta_hogar": {"2015": 27150, "2016": 27175, "2017": 28035, "2018": 28975, "2019": 30149, "2020": 31533, "2021": 32443, "2022": 34671, "2023": 33952}, "renta_persona": {"2015": 10931, "2016": 11100, "2017": 11498, "2018": 12363, "2019": 12926, "2020": 13492, "2021": 14272, "2022": 14979, "2023": 14678}}, "geometry": {"type": "MultiPolygon", "coordinates": [[[[-3.599470682890476, 37.16115633282555], [-3.599600797813681, 37.16084450145911], [-3.599688590613922, 37.16063419752647], [-3.599703173372657, 37.16061466780627], [-3.599916255938339, 37.160329035585775], [-3.600007590325154, 37.16033972447862], [-3.600529438497106, 37.160521693476426], [-3.600869264453081, 37.16069308037419], [-3.601034388376932, 37.160794535371075], [-3.601090425111285, 37.1608370417517], [-3.601186984561507, 37.16091025171673], [-3.601270044699167, 37.16099183203237], [-3.601446814529639, 37.16116553805569], [-3.60146963009972, 37.16120075823266], [-3.601617930054811, 37.16142932375557], [-3.601754092467508, 37.16163919698676], [-3.601885211746641, 37.16184134358415], [-3.602166133614747, 37.16227440976725], [-3.602184160067363, 37.16230214002314], [-3.602299386114884, 37.16249530326727], [-3.601852965772065, 37.162719830665516], [-3.601611130094299, 37.1628415151244], [-3.601401501197497, 37.16296620949478], [-3.601056646074116, 37.16240279820177], [-3.600994811389884, 37.162301703777594], [-3.60098167933412, 37.16228041068871], [-3.600838260968363, 37.16204801572307], [-3.600646871533455, 37.16173767947253], [-3.600506090509036, 37.16158513067158], [-3.600302131170789, 37.16144100447372], [-3.600080985148889, 37.161320302319965], [-3.599859289538735, 37.1612318683198], [-3.599699038934499, 37.16118907209717], [-3.599470682890476, 37.16115633282555]]]]}}, {"type": "Feature", "properties": {"CUSEC": "1808702039", "CDIS": "02", "CSEC": "039", "NMUN": "Granada", "poblaciones": {"2015": 828, "2016": 828, "2017": 844, "2018": 812, "2019": 796, "2020": 815, "2021": 879, "2022": 867, "2023": 864, "2024": 858, "2025": 867}, "superficie_verde_m2": 1885, "estacion_cercana": {"name": "Granada Palacio de Congresos", "distancia_m": 978}, "superficie_verde_desglose": {"parques": 1670, "jardines": 215, "arbolado": 0}, "centroide": [-3.604097, 37.158471], "equipamientos": {"sanidad": {"n_dentro": 0, "mas_cercana_m": 218, "mas_cercana_name": "Farmacia Adolfo Antonio Robles Malo"}, "educacion": {"n_dentro": 4}, "agua": {"n_dentro": 0, "mas_cercana_m": 262, "mas_cercana_name": "fountain"}, "reciclaje": {"n_dentro": 0, "mas_cercana_m": 410, "mas_cercana_name": "recycling"}, "aparcabicis": {"n_dentro": 0, "mas_cercana_m": 448, "mas_cercana_name": "bicycle_parking"}, "patrimonio": {"n_dentro": 0, "mas_cercana_m": 357, "mas_cercana_name": "viewpoint"}}, "renta": {"2015": 12950, "2016": 12950, "2017": 13650, "2018": 13650, "2019": 13650, "2020": 13650, "2021": 15750, "2022": 16450, "2023": 17850}, "vft": {"n_vfts": 1, "n_plazas": 8, "viviendas_total": 458, "viviendas_fuente": "censo2021", "ratio_vft_pct": 0.22, "serie": {"2015": 0, "2016": 1, "2017": 1, "2018": 1, "2019": 1, "2020": 1, "2021": 1, "2022": 1, "2023": 1, "2024": 1, "2025": 1}}, "renta_med_uc": {"2015": 12950, "2016": 12950, "2017": 13650, "2018": 13650, "2019": 13650, "2020": 13650, "2021": 15750, "2022": 16450, "2023": 17850}, "renta_hogar": {"2015": 24869, "2016": 24823, "2017": 25671, "2018": 25493, "2019": 24875, "2020": 26228, "2021": 29164, "2022": 30406, "2023": 31979}, "renta_persona": {"2015": 9893, "2016": 9791, "2017": 10262, "2018": 10495, "2019": 10742, "2020": 11078, "2021": 11945, "2022": 12595, "2023": 13623}}, "geometry": {"type": "MultiPolygon", "coordinates": [[[[-3.601560626956449, 37.15851174579674], [-3.601614831234374, 37.158436316880994], [-3.601725801011118, 37.158282398317944], [-3.601984241659516, 37.15792379851846], [-3.602092835141724, 37.157773051100364], [-3.602096413634839, 37.15776772003684], [-3.602148137731117, 37.15769139665847], [-3.602233085665919, 37.15756604465376], [-3.602414008702803, 37.15729890136157], [-3.602587773980805, 37.15704232259607], [-3.602786361920257, 37.15674916988868], [-3.602808134625469, 37.15671129025579], [-3.603777079196471, 37.15707386531037], [-3.603785200733234, 37.15707760983644], [-3.603857057645209, 37.15711069578001], [-3.603946834497374, 37.157151960753886], [-3.605250274668857, 37.15775168467883], [-3.605270344510743, 37.157760961299694], [-3.605619280134872, 37.15792971822881], [-3.606789630752849, 37.15861526442529], [-3.606787841739044, 37.1586161794973], [-3.606782467178029, 37.158613052098], [-3.606481761059102, 37.1587945226092], [-3.606304732581056, 37.15892267796754], [-3.606188039670427, 37.1590363814114], [-3.605732092876672, 37.15956058564063], [-3.60573118304896, 37.15956159535746], [-3.605476171658184, 37.15985029072991], [-3.60533973142272, 37.16000475208717], [-3.605326320097325, 37.16001986503815], [-3.605098372134575, 37.160260719003944], [-3.605050458423386, 37.160311343155016], [-3.604724453703165, 37.160121114265976], [-3.604720050821938, 37.16011894541757], [-3.604493759451575, 37.160007459450235], [-3.604374117737349, 37.1599240470048], [-3.604370626074283, 37.15992499866707], [-3.604372952122374, 37.1599240529492], [-3.604198753895358, 37.159801526241594], [-3.604164471787749, 37.15978477353437], [-3.604100869799833, 37.15973965793845], [-3.604102036538239, 37.15973965199101], [-3.603900477596836, 37.159622981016334], [-3.603902709486583, 37.15961968492327], [-3.603805053241774, 37.159573660108116], [-3.603786716810256, 37.15956500449369], [-3.602703767185098, 37.159032558437346], [-3.602702422051391, 37.15903193880167], [-3.602136363564826, 37.158774034304265], [-3.601560626956449, 37.15851174579674]]]]}}, {"type": "Feature", "properties": {"CUSEC": "1808702040", "CDIS": "02", "CSEC": "040", "NMUN": "Granada", "poblaciones": {"2015": 1791, "2016": 1790, "2017": 1729, "2018": 1690, "2019": 1683, "2020": 1680, "2021": 1873, "2022": 1855, "2023": 1836, "2024": 1865, "2025": 1836}, "superficie_verde_m2": 29827, "estacion_cercana": {"name": "Granada Palacio de Congresos", "distancia_m": 1385}, "superficie_verde_desglose": {"parques": 25505, "jardines": 3625, "arbolado": 697}, "centroide": [-3.606645, 37.155421], "equipamientos": {"sanidad": {"n_dentro": 1}, "educacion": {"n_dentro": 2}, "agua": {"n_dentro": 6}, "reciclaje": {"n_dentro": 5}, "aparcabicis": {"n_dentro": 0, "mas_cercana_m": 423, "mas_cercana_name": "bicycle_parking"}, "patrimonio": {"n_dentro": 0, "mas_cercana_m": 712, "mas_cercana_name": "viewpoint"}}, "renta": {"2015": 12950, "2016": 13650, "2017": 13650, "2018": 14350, "2019": 15050, "2020": 15050, "2021": 15750, "2022": 17150, "2023": 18550}, "vft": {"n_vfts": 3, "n_plazas": 10, "viviendas_total": 880, "viviendas_fuente": "censo2021", "ratio_vft_pct": 0.34, "serie": {"2015": 0, "2016": 0, "2017": 0, "2018": 1, "2019": 1, "2020": 2, "2021": 2, "2022": 2, "2023": 2, "2024": 3, "2025": 3}}, "renta_med_uc": {"2015": 12950, "2016": 13650, "2017": 13650, "2018": 14350, "2019": 15050, "2020": 15050, "2021": 15750, "2022": 17150, "2023": 18550}, "renta_hogar": {"2015": 22295, "2016": 22983, "2017": 22861, "2018": 24102, "2019": 25631, "2020": 25722, "2021": 26082, "2022": 28566, "2023": 31457}, "renta_persona": {"2015": 9682, "2016": 10078, "2017": 10296, "2018": 11041, "2019": 11901, "2020": 11785, "2021": 11988, "2022": 13452, "2023": 14629}}, "geometry": {"type": "MultiPolygon", "coordinates": [[[[-3.602808134625469, 37.15671129025579], [-3.602839904567746, 37.15665596714742], [-3.603015635934451, 37.156350234009686], [-3.6030158411214, 37.15634983634724], [-3.603051561098896, 37.156282134811605], [-3.603153181582255, 37.15608988511126], [-3.603231180257726, 37.1559358174066], [-3.603351578848003, 37.155698208766346], [-3.603438620723401, 37.15552652648352], [-3.603441619739807, 37.15552057545736], [-3.603448480100696, 37.15550735746879], [-3.603464359334507, 37.15547690825844], [-3.603758646352826, 37.15491236799578], [-3.603767851005438, 37.15489585692833], [-3.603792365848227, 37.15485172090249], [-3.603804600488537, 37.15482976342587], [-3.603845258543879, 37.15484406620391], [-3.603859030629851, 37.15482128962312], [-3.604313434408362, 37.15407000534624], [-3.604704741895856, 37.1540360032045], [-3.604915210399414, 37.153681756542596], [-3.605251140207735, 37.15351194188941], [-3.605407746481933, 37.153263715119834], [-3.605426709406048, 37.153243771097195], [-3.605592822742069, 37.153123779091246], [-3.605623127030967, 37.153068685353375], [-3.605692572210886, 37.15293279146985], [-3.60572704587698, 37.15286534426173], [-3.605757532209292, 37.152801332850004], [-3.60579222775556, 37.152727128450294], [-3.605837918794003, 37.152629348349365], [-3.605892997872377, 37.15251147386859], [-3.605907941170214, 37.15247951564582], [-3.605944394448322, 37.152414641679876], [-3.606003428502666, 37.15232390087838], [-3.606113746799164, 37.152154348363574], [-3.606326611329333, 37.152208128144], [-3.60680332712338, 37.152329249477], [-3.60711140930804, 37.15241021255662], [-3.60721373986639, 37.1524559890356], [-3.607331621755054, 37.15250871850405], [-3.6074023813789, 37.152540554101066], [-3.607486750191929, 37.15257855762818], [-3.607618895285457, 37.1526380824111], [-3.607695902699565, 37.15267551507932], [-3.607798334182394, 37.15272537029413], [-3.607865065543521, 37.152757850944724], [-3.607949782760072, 37.152799083891956], [-3.608058259580232, 37.15285187890285], [-3.608170137316834, 37.152906339286304], [-3.608276562717367, 37.15297123698079], [-3.60835119652596, 37.153017339403355], [-3.608499261429406, 37.15310880842352], [-3.608604905465675, 37.153174079406845], [-3.608690713422531, 37.153227083984405], [-3.608768085450587, 37.15329552784058], [-3.608874547596018, 37.153393526221244], [-3.60898870466616, 37.15349864573075], [-3.609129391682091, 37.153628165939594], [-3.609254655416219, 37.15374351223826], [-3.609362910298771, 37.15384639288033], [-3.609411576983853, 37.15390377851971], [-3.609443286465999, 37.153941145486634], [-3.609536518011356, 37.154051062069165], [-3.609602715031524, 37.154129106018914], [-3.609669586348998, 37.154207940599704], [-3.609736267661469, 37.15428890073155], [-3.609867967821818, 37.154458728448994], [-3.609991857622123, 37.15461847883785], [-3.61010268521487, 37.15476249199299], [-3.610158016393234, 37.154831344937534], [-3.610329563166582, 37.15505773387306], [-3.609933115879587, 37.15547423292038], [-3.609836847248951, 37.15559234189299], [-3.609439823865046, 37.156072440887606], [-3.609375567864959, 37.156150138010894], [-3.609353595509197, 37.15617744638367], [-3.609242897821775, 37.15631664982539], [-3.60911966538577, 37.15646906999098], [-3.609029054228276, 37.1565825123912], [-3.608945283615014, 37.15668588242605], [-3.608920777789976, 37.156716096344134], [-3.608672140198868, 37.15702648165148], [-3.608450065024503, 37.15729928478786], [-3.608256253263367, 37.15753799642972], [-3.608180570351556, 37.15762635206689], [-3.608125760942988, 37.157682992778135], [-3.60808605606375, 37.1577195096154], [-3.607989138034952, 37.15780870782893], [-3.607842611447562, 37.157935916666986], [-3.607834907720535, 37.157942193902045], [-3.607686747443067, 37.15806108104152], [-3.607487768640465, 37.1582056165747], [-3.607203534592413, 37.15838962756871], [-3.607067005454303, 37.15846572864114], [-3.606901458681749, 37.15855800333952], [-3.606875408412495, 37.158571297255094], [-3.606789630752849, 37.15861526442529], [-3.605619280134872, 37.15792971822881], [-3.605270344510743, 37.157760961299694], [-3.605250274668857, 37.15775168467883], [-3.603946834497374, 37.157151960753886], [-3.603857057645209, 37.15711069578001], [-3.603785200733234, 37.15707760983644], [-3.603777079196471, 37.15707386531037], [-3.602808134625469, 37.15671129025579]]]]}}, {"type": "Feature", "properties": {"CUSEC": "1808702041", "CDIS": "02", "CSEC": "041", "NMUN": "Granada", "poblaciones": {"2015": 688, "2016": 1048, "2017": 1068, "2018": 1046, "2019": 1047, "2020": 1069, "2021": 1082, "2022": 1043, "2023": 1018, "2024": 1049, "2025": 1052}, "superficie_verde_m2": 0, "estacion_cercana": {"name": "Granada Palacio de Congresos", "distancia_m": 1544}, "superficie_verde_desglose": {"parques": 0, "jardines": 0, "arbolado": 0}, "centroide": [-3.602243, 37.152465], "equipamientos": {"sanidad": {"n_dentro": 1}, "educacion": {"n_dentro": 0, "mas_cercana_m": 213, "mas_cercana_name": "Centro del Profesorado de Granada"}, "agua": {"n_dentro": 0, "mas_cercana_m": 164, "mas_cercana_name": "drinking_water"}, "reciclaje": {"n_dentro": 0, "mas_cercana_m": 197, "mas_cercana_name": "waste_disposal"}, "aparcabicis": {"n_dentro": 0, "mas_cercana_m": 240, "mas_cercana_name": "bicycle_parking"}, "patrimonio": {"n_dentro": 0, "mas_cercana_m": 1042, "mas_cercana_name": "viewpoint"}}, "renta": {"2015": 9450, "2016": 8750, "2017": 8750, "2018": 9450, "2019": 10150, "2020": 10150, "2021": 10850, "2022": 12250, "2023": 12950}, "vft": {"n_vfts": 6, "n_plazas": 27, "viviendas_total": 598, "viviendas_fuente": "censo2021", "ratio_vft_pct": 1.0, "serie": {"2015": 0, "2016": 0, "2017": 0, "2018": 0, "2019": 1, "2020": 1, "2021": 1, "2022": 1, "2023": 1, "2024": 4, "2025": 5}}, "renta_med_uc": {"2015": 9450, "2016": 8750, "2017": 8750, "2018": 9450, "2019": 10150, "2020": 10150, "2021": 10850, "2022": 12250, "2023": 12950}, "renta_hogar": {"2015": 18243, "2016": 17792, "2017": 18179, "2018": 19071, "2019": 20238, "2020": 20342, "2021": 20604, "2022": 21822, "2023": 24228}, "renta_persona": {"2015": 7126, "2016": 7003, "2017": 7207, "2018": 7537, "2019": 8099, "2020": 8149, "2021": 8568, "2022": 9289, "2023": 10189}}, "geometry": {"type": "MultiPolygon", "coordinates": [[[[-3.60070377078325, 37.15318752153633], [-3.600733514202254, 37.15303773556037], [-3.600835094994058, 37.15252615218256], [-3.600868502739321, 37.15240530615756], [-3.600877244493435, 37.15237351791651], [-3.60094186172508, 37.152139264559835], [-3.601110125689862, 37.151529687090374], [-3.601187742147845, 37.1512483025105], [-3.601203425358646, 37.151191381171735], [-3.601208972000987, 37.15117124987044], [-3.601428940973248, 37.15121128033299], [-3.60165575268385, 37.15123954294442], [-3.602170730056467, 37.15131046249747], [-3.603018972731113, 37.151460812103814], [-3.603949114370006, 37.1517364276827], [-3.603792528541429, 37.152086862931945], [-3.603534442095068, 37.15260452452514], [-3.603352624837173, 37.152971544611404], [-3.603117980349207, 37.15344019364273], [-3.603094258921989, 37.15345462417561], [-3.602819425865565, 37.15336539323791], [-3.6027519677148, 37.153500487514584], [-3.602722703321275, 37.15356741520166], [-3.602726307697701, 37.153646101328896], [-3.602757020363124, 37.1537616162462], [-3.602565194790281, 37.15418534384493], [-3.602468471506225, 37.15416649681037], [-3.60222360464164, 37.15416670560929], [-3.601974134532387, 37.15413913522131], [-3.602109538973835, 37.15335643084882], [-3.602109738922606, 37.153355230963015], [-3.601424204152745, 37.15326880191083], [-3.601404187228502, 37.15326628129659], [-3.601386435897322, 37.15326430264606], [-3.601107949166934, 37.153233000705065], [-3.60070377078325, 37.15318752153633]]]]}}, {"type": "Feature", "properties": {"CUSEC": "1808702043", "CDIS": "02", "CSEC": "043", "NMUN": "Granada", "poblaciones": {"2015": 2114, "2016": 2052, "2017": 2002, "2018": 2041, "2019": 2017, "2020": 2003, "2021": 2012, "2022": 2015, "2023": 1960, "2024": 1986, "2025": 1964}, "superficie_verde_m2": 5694, "estacion_cercana": {"name": "Granada Palacio de Congresos", "distancia_m": 1281}, "superficie_verde_desglose": {"parques": 4719, "jardines": 190, "arbolado": 785}, "centroide": [-3.596509, 37.154606], "equipamientos": {"sanidad": {"n_dentro": 2}, "educacion": {"n_dentro": 0, "mas_cercana_m": 224, "mas_cercana_name": "Colegio de Educación Especial Santa Teresa de Jesús"}, "agua": {"n_dentro": 1}, "reciclaje": {"n_dentro": 6}, "aparcabicis": {"n_dentro": 1}, "patrimonio": {"n_dentro": 0, "mas_cercana_m": 1068, "mas_cercana_name": "viewpoint"}}, "renta": {"2015": 13650, "2016": 14350, "2017": 14350, "2018": 14350, "2019": 15750, "2020": 15750, "2021": 17150, "2022": 18550, "2023": 18550}, "vft": {"n_vfts": 0, "n_plazas": 0, "viviendas_total": 987, "viviendas_fuente": "censo2021", "ratio_vft_pct": 0.0, "serie": {"2015": 0, "2016": 0, "2017": 0, "2018": 0, "2019": 0, "2020": 0, "2021": 0, "2022": 0, "2023": 0, "2024": 0, "2025": 0}}, "renta_med_uc": {"2015": 13650, "2016": 14350, "2017": 14350, "2018": 14350, "2019": 15750, "2020": 15750, "2021": 17150, "2022": 18550, "2023": 18550}, "renta_hogar": {"2015": 27686, "2016": 28686, "2017": 28895, "2018": 29356, "2019": 30798, "2020": 29776, "2021": 31240, "2022": 33040, "2023": 34794}, "renta_persona": {"2015": 10525, "2016": 11243, "2017": 11514, "2018": 11679, "2019": 12368, "2020": 12119, "2021": 12846, "2022": 14007, "2023": 14611}}, "geometry": {"type": "MultiPolygon", "coordinates": [[[[-3.596628223268132, 37.15531653878317], [-3.596418774163579, 37.15528089857631], [-3.595929919802214, 37.155257123182956], [-3.595441646629958, 37.15530727707525], [-3.594953801469352, 37.15541228097154], [-3.594618044039207, 37.155533214836595], [-3.594320834574144, 37.15563010414735], [-3.594196008818852, 37.15567127439481], [-3.594180925400078, 37.155676538510825], [-3.593583725117393, 37.15472393066422], [-3.593511433339658, 37.15462412305006], [-3.593506567830571, 37.15461268062748], [-3.593588544531022, 37.15457749652532], [-3.595399803740133, 37.15413266127589], [-3.596473741681064, 37.15411884383434], [-3.596758103183844, 37.15412584319392], [-3.596871781488531, 37.15331201846525], [-3.596926099021547, 37.15330745060072], [-3.596957587844895, 37.15331125818634], [-3.597550929849289, 37.1533830054888], [-3.597643391938804, 37.1533942809844], [-3.597879184497138, 37.15342272274513], [-3.598089287639571, 37.15344817481383], [-3.59812557622243, 37.15345212552824], [-3.598719242316063, 37.153517568112136], [-3.598554509062472, 37.15450472052355], [-3.598530344847852, 37.15464942808182], [-3.598498411362815, 37.15464443691262], [-3.598469577937662, 37.15479900688107], [-3.598480819711919, 37.15484148745969], [-3.598458694919044, 37.15497564275498], [-3.5984046159987, 37.15530355794165], [-3.598371881825041, 37.15556911423322], [-3.598180363634814, 37.15555852321743], [-3.598142152424655, 37.15555638594168], [-3.598126621417095, 37.155555544891776], [-3.598023851296285, 37.155546886302034], [-3.597957012313253, 37.15554127788007], [-3.597901563717099, 37.15553540914036], [-3.597543032811829, 37.15549756182801], [-3.597056200873586, 37.15544619696868], [-3.597059194698272, 37.1554538438366], [-3.596867851913908, 37.1553278337969], [-3.596628613517896, 37.15531374786852], [-3.596628223268132, 37.15531653878317]]]]}}, {"type": "Feature", "properties": {"CUSEC": "1808702044", "CDIS": "02", "CSEC": "044", "NMUN": "Granada", "poblaciones": {"2015": 1360, "2016": 1357, "2017": 1323, "2018": 1306, "2019": 1301, "2020": 1274, "2021": 1260, "2022": 1240, "2023": 1240, "2024": 1219, "2025": 1205}, "superficie_verde_m2": 57655, "estacion_cercana": {"name": "Granada Palacio de Congresos", "distancia_m": 1597}, "superficie_verde_desglose": {"parques": 37898, "jardines": 9315, "arbolado": 10442}, "centroide": [-3.594759, 37.151967], "equipamientos": {"sanidad": {"n_dentro": 0, "mas_cercana_m": 240, "mas_cercana_name": "Farmacia Quesada Montoro"}, "educacion": {"n_dentro": 0, "mas_cercana_m": 378, "mas_cercana_name": "Colegio de Educación Infantil y Primaria Sierra Nevada"}, "agua": {"n_dentro": 9}, "reciclaje": {"n_dentro": 12}, "aparcabicis": {"n_dentro": 3}, "patrimonio": {"n_dentro": 0, "mas_cercana_m": 1391, "mas_cercana_name": "viewpoint"}}, "renta": {"2015": 12250, "2016": 13650, "2017": 13650, "2018": 14350, "2019": 15050, "2020": 14350, "2021": 15750, "2022": 17150, "2023": 17850}, "vft": {"n_vfts": 9, "n_plazas": 42, "viviendas_total": 615, "viviendas_fuente": "censo2021", "ratio_vft_pct": 1.46, "serie": {"2015": 0, "2016": 0, "2017": 0, "2018": 0, "2019": 0, "2020": 0, "2021": 0, "2022": 3, "2023": 4, "2024": 7, "2025": 9}}, "renta_med_uc": {"2015": 12250, "2016": 13650, "2017": 13650, "2018": 14350, "2019": 15050, "2020": 14350, "2021": 15750, "2022": 17150, "2023": 17850}, "renta_hogar": {"2015": 25709, "2016": 25969, "2017": 26535, "2018": 26978, "2019": 28094, "2020": 28303, "2021": 30683, "2022": 30542, "2023": 33805}, "renta_persona": {"2015": 10154, "2016": 10558, "2017": 10865, "2018": 11175, "2019": 11652, "2020": 11915, "2021": 12911, "2022": 13128, "2023": 14451}}, "geometry": {"type": "MultiPolygon", "coordinates": [[[[-3.591694223405871, 37.14815515955772], [-3.591911830739025, 37.148287934690586], [-3.592254801210638, 37.14849665848977], [-3.592614178762934, 37.14873921378949], [-3.593074907252132, 37.14894775376753], [-3.593780548954165, 37.149237625070896], [-3.594370531311573, 37.14956151621343], [-3.594650095063356, 37.14970827004392], [-3.596650297103181, 37.15050047055232], [-3.597085822351175, 37.150560177740886], [-3.597079992277204, 37.150580486958816], [-3.597054035807507, 37.150670899905634], [-3.597000766091378, 37.15085363458109], [-3.596893093783422, 37.15084010863999], [-3.596885080979912, 37.15089161841094], [-3.597040063568661, 37.150911883832414], [-3.597101502748016, 37.15103243852026], [-3.597108693919302, 37.1510464507126], [-3.597195244170722, 37.151227816622004], [-3.597195249104328, 37.15122844397611], [-3.597171309201139, 37.15153606321587], [-3.597139183979118, 37.151950025638705], [-3.597137399559245, 37.15196354941615], [-3.597413972938131, 37.15199191555274], [-3.597791770227938, 37.152030665824505], [-3.597795019493647, 37.1520128340393], [-3.598101907845806, 37.15205725655133], [-3.598104903742361, 37.152057592981], [-3.598114598195985, 37.15205868884346], [-3.598334565962893, 37.15208372113719], [-3.598911756951239, 37.15214952091317], [-3.598940358416471, 37.152152810735124], [-3.598918042568829, 37.152291104591015], [-3.598900650074866, 37.152398982647526], [-3.598869822290784, 37.15259033481082], [-3.598822905634208, 37.15288227144277], [-3.598772798515202, 37.15319366208529], [-3.59875923139036, 37.15327757853025], [-3.598756791797285, 37.15329309954855], [-3.598719242316063, 37.153517568112136], [-3.59812557622243, 37.15345212552824], [-3.598089287639571, 37.15344817481383], [-3.597879184497138, 37.15342272274513], [-3.597643391938804, 37.1533942809844], [-3.597550929849289, 37.1533830054888], [-3.596957587844895, 37.15331125818634], [-3.596926099021547, 37.15330745060072], [-3.596871781488531, 37.15331201846525], [-3.596758103183844, 37.15412584319392], [-3.596473741681064, 37.15411884383434], [-3.595399803740133, 37.15413266127589], [-3.593588544531022, 37.15457749652532], [-3.593506567830571, 37.15461268062748], [-3.593060038902065, 37.15480433022409], [-3.59250078659502, 37.15421689473741], [-3.592481954245758, 37.154197031749334], [-3.592278372303577, 37.15396972579379], [-3.592172982653738, 37.15381196456481], [-3.592120388416963, 37.15368667945926], [-3.59211500439514, 37.153587623764665], [-3.592134023726651, 37.153453147070095], [-3.592282214438488, 37.153031528186425], [-3.592339960748872, 37.152549060105514], [-3.592444258492084, 37.15174156532165], [-3.592514441490808, 37.151278663023135], [-3.592573554700437, 37.151122370929535], [-3.592477347558174, 37.15084064307059], [-3.592381102821715, 37.15055891079845], [-3.592284756048155, 37.150258371086714], [-3.592138621494457, 37.14960061356564], [-3.592137301239706, 37.14943128634221], [-3.592064723642928, 37.14916824875883], [-3.591969260830715, 37.14898057398826], [-3.591802101085612, 37.148642761814074], [-3.591658781205595, 37.14834245601419], [-3.591694223405871, 37.14815515955772]]]]}}, {"type": "Feature", "properties": {"CUSEC": "1808702045", "CDIS": "02", "CSEC": "045", "NMUN": "Granada", "poblaciones": {"2015": 1480, "2016": 1135, "2017": 1157, "2018": 1144, "2019": 1183, "2020": 1194, "2021": 1206, "2022": 1205, "2023": 1195, "2024": 1177, "2025": 1163}, "superficie_verde_m2": 1196, "estacion_cercana": {"name": "Granada Palacio de Congresos", "distancia_m": 1510}, "superficie_verde_desglose": {"parques": 1196, "jardines": 0, "arbolado": 0}, "centroide": [-3.604198, 37.153233], "equipamientos": {"sanidad": {"n_dentro": 2}, "educacion": {"n_dentro": 0, "mas_cercana_m": 245, "mas_cercana_name": "Biblioteca Almudena Grandes"}, "agua": {"n_dentro": 0, "mas_cercana_m": 233, "mas_cercana_name": "drinking_water"}, "reciclaje": {"n_dentro": 11}, "aparcabicis": {"n_dentro": 0, "mas_cercana_m": 249, "mas_cercana_name": "bicycle_parking"}, "patrimonio": {"n_dentro": 0, "mas_cercana_m": 935, "mas_cercana_name": "viewpoint"}}, "renta": {"2015": 10850, "2016": 12950, "2017": 12950, "2018": 13650, "2019": 14350, "2020": 13650, "2021": 14350, "2022": 15050, "2023": 16450}, "vft": {"n_vfts": 4, "n_plazas": 23, "viviendas_total": 612, "viviendas_fuente": "censo2021", "ratio_vft_pct": 0.65, "serie": {"2015": 0, "2016": 0, "2017": 0, "2018": 1, "2019": 2, "2020": 2, "2021": 2, "2022": 2, "2023": 2, "2024": 3, "2025": 4}}, "renta_med_uc": {"2015": 10850, "2016": 12950, "2017": 12950, "2018": 13650, "2019": 14350, "2020": 13650, "2021": 14350, "2022": 15050, "2023": 16450}, "renta_hogar": {"2015": 22403, "2016": 25044, "2017": 25444, "2018": 25839, "2019": 27549, "2020": 27139, "2021": 28336, "2022": 29285, "2023": 31780}, "renta_persona": {"2015": 8721, "2016": 9550, "2017": 9617, "2018": 10184, "2019": 10478, "2020": 10467, "2021": 11072, "2022": 11709, "2023": 12888}}, "geometry": {"type": "MultiPolygon", "coordinates": [[[[-3.602565194790281, 37.15418534384493], [-3.602757020363124, 37.1537616162462], [-3.602726307697701, 37.153646101328896], [-3.602722703321275, 37.15356741520166], [-3.6027519677148, 37.153500487514584], [-3.602819425865565, 37.15336539323791], [-3.603094258921989, 37.15345462417561], [-3.603117980349207, 37.15344019364273], [-3.603352624837173, 37.152971544611404], [-3.603534442095068, 37.15260452452514], [-3.603792528541429, 37.152086862931945], [-3.603949114370006, 37.1517364276827], [-3.605091842332067, 37.152075023604326], [-3.605306487644628, 37.152113145016365], [-3.605665135222941, 37.15212748488172], [-3.606113746799164, 37.152154348363574], [-3.606003428502666, 37.15232390087838], [-3.605944394448322, 37.152414641679876], [-3.605907941170214, 37.15247951564582], [-3.605892997872377, 37.15251147386859], [-3.605837918794003, 37.152629348349365], [-3.60579222775556, 37.152727128450294], [-3.605757532209292, 37.152801332850004], [-3.60572704587698, 37.15286534426173], [-3.605692572210886, 37.15293279146985], [-3.605623127030967, 37.153068685353375], [-3.605592822742069, 37.153123779091246], [-3.605426709406048, 37.153243771097195], [-3.605407746481933, 37.153263715119834], [-3.605251140207735, 37.15351194188941], [-3.604915210399414, 37.153681756542596], [-3.604704741895856, 37.1540360032045], [-3.604313434408362, 37.15407000534624], [-3.603859030629851, 37.15482128962312], [-3.603845258543879, 37.15484406620391], [-3.603804600488537, 37.15482976342587], [-3.603482799740069, 37.15472386568104], [-3.603223910359641, 37.154640445219606], [-3.602963889281499, 37.15455668200429], [-3.602700936308591, 37.15447193346599], [-3.602448362282055, 37.154390547910204], [-3.602488971066779, 37.15435498924139], [-3.602575031232569, 37.15418726070108], [-3.602565194790281, 37.15418534384493]]]]}}, {"type": "Feature", "properties": {"CUSEC": "1808702047", "CDIS": "02", "CSEC": "047", "NMUN": "Granada", "poblaciones": {"2015": 1304, "2016": 1273, "2017": 1297, "2018": 1299, "2019": 1291, "2020": 1281, "2021": 1283, "2022": 1171, "2023": 1174, "2024": 1169, "2025": 1147}, "superficie_verde_m2": 24942, "estacion_cercana": {"name": "Granada Palacio de Congresos", "distancia_m": 85}, "superficie_verde_desglose": {"parques": 21217, "jardines": 3306, "arbolado": 418}, "centroide": [-3.598525, 37.165286], "equipamientos": {"sanidad": {"n_dentro": 1}, "educacion": {"n_dentro": 1}, "agua": {"n_dentro": 5}, "reciclaje": {"n_dentro": 1}, "aparcabicis": {"n_dentro": 3}, "patrimonio": {"n_dentro": 0, "mas_cercana_m": 395, "mas_cercana_name": "attraction"}}, "renta": {"2015": 21350, "2016": 21350, "2017": 22750, "2018": 22750, "2019": 23450, "2020": 24150, "2021": 25550, "2022": 26250, "2023": 26950}, "vft": {"n_vfts": 3, "n_plazas": 18, "viviendas_total": 613, "viviendas_fuente": "censo2021", "ratio_vft_pct": 0.49, "serie": {"2015": 0, "2016": 0, "2017": 0, "2018": 0, "2019": 0, "2020": 0, "2021": 0, "2022": 3, "2023": 3, "2024": 3, "2025": 3}}, "renta_med_uc": {"2015": 21350, "2016": 21350, "2017": 22750, "2018": 22750, "2019": 23450, "2020": 24150, "2021": 25550, "2022": 26250, "2023": 26950}, "renta_hogar": {"2015": 41074, "2016": 41968, "2017": 42713, "2018": 43215, "2019": 45227, "2020": 44055, "2021": 45646, "2022": 43457, "2023": 48158}, "renta_persona": {"2015": 15598, "2016": 15999, "2017": 16151, "2018": 16361, "2019": 17403, "2020": 17175, "2021": 18304, "2022": 17750, "2023": 19933}}, "geometry": {"type": "MultiPolygon", "coordinates": [[[[-3.596124466134616, 37.16772951932458], [-3.596284500694069, 37.167569554126885], [-3.596499137703161, 37.16740352775726], [-3.596693461124599, 37.16728076612231], [-3.597642480700334, 37.16684212703978], [-3.597624628135526, 37.166821390131354], [-3.597610539256616, 37.166804442672344], [-3.597061428546959, 37.166143391265365], [-3.597100020596901, 37.166123109923085], [-3.596758204276685, 37.16569947255265], [-3.596221434987303, 37.16503433556053], [-3.596159593470875, 37.16495764420353], [-3.596733824245335, 37.164658463242375], [-3.59681255585196, 37.164615057141276], [-3.596922571282877, 37.164554393766096], [-3.597082630173521, 37.16444253167077], [-3.597238775407977, 37.16432274770873], [-3.597609363771916, 37.1640384865044], [-3.597802055693156, 37.163890790284626], [-3.598088965598296, 37.16367066004345], [-3.598181780993633, 37.16359939615298], [-3.598205350570666, 37.16357675558259], [-3.598500584761504, 37.1632934803887], [-3.59853811594816, 37.163257446477836], [-3.598665660607828, 37.16306063582327], [-3.598672660342981, 37.16304490700592], [-3.598753768782499, 37.162861256073896], [-3.598821088068458, 37.162871385738306], [-3.59940901244254, 37.16305664567124], [-3.599727079867885, 37.16321725141636], [-3.600028333316721, 37.16336934203396], [-3.600431888329539, 37.16364999111365], [-3.600330412563737, 37.16372523526167], [-3.60026121670813, 37.16381903348473], [-3.600224483130935, 37.163916837147205], [-3.600231172975782, 37.16405138295429], [-3.600255433400676, 37.16453759030639], [-3.600286164070318, 37.16509504338505], [-3.600298806556957, 37.1653228399297], [-3.600314699467465, 37.16561141250347], [-3.600335998487433, 37.16599761670527], [-3.600335559234725, 37.16599761893053], [-3.600097479160262, 37.16612596156252], [-3.600305069683763, 37.166485821539055], [-3.600106595144869, 37.16655267257208], [-3.599862102124635, 37.16663502601626], [-3.599694962805214, 37.16669132454654], [-3.599478103401401, 37.16676436105846], [-3.599408274527195, 37.16678789840394], [-3.599332217616577, 37.1668135215074], [-3.599123557524251, 37.166887439841624], [-3.598700245843315, 37.16703737440286], [-3.598477476807548, 37.16711627102808], [-3.598468151888306, 37.1671195739939], [-3.598233940204922, 37.16720252838192], [-3.598118472922437, 37.16724206452182], [-3.59787131437166, 37.16732261459547], [-3.597659471783039, 37.16739167432324], [-3.59756329587017, 37.16742302342486], [-3.59747077675262, 37.16745317677758], [-3.597296642613725, 37.167509912829594], [-3.597194850068689, 37.16754308283567], [-3.597058133833632, 37.167593465258086], [-3.596935214588799, 37.16763874368085], [-3.59675909389952, 37.167703651165304], [-3.596397557160778, 37.167836798652324], [-3.596084165473395, 37.16798212421459], [-3.595984640864134, 37.16802828002124], [-3.595913321609361, 37.16806441542116], [-3.5958604962511, 37.16799355036048], [-3.596124466134616, 37.16772951932458]]]]}}, {"type": "Feature", "properties": {"CUSEC": "1808702048", "CDIS": "02", "CSEC": "048", "NMUN": "Granada", "poblaciones": {"2015": 962, "2016": 940, "2017": 944, "2018": 942, "2019": 962, "2020": 947, "2021": 962, "2022": 902, "2023": 921, "2024": 937, "2025": 958}, "superficie_verde_m2": 0, "estacion_cercana": {"name": "Granada Palacio de Congresos", "distancia_m": 607}, "superficie_verde_desglose": {"parques": 0, "jardines": 0, "arbolado": 0}, "centroide": [-3.598522, 37.160578], "equipamientos": {"sanidad": {"n_dentro": 3}, "educacion": {"n_dentro": 0, "mas_cercana_m": 215, "mas_cercana_name": "Colegio de Educación Infantil y Primaria Andrés Segovia"}, "agua": {"n_dentro": 0, "mas_cercana_m": 157, "mas_cercana_name": "fountain"}, "reciclaje": {"n_dentro": 0, "mas_cercana_m": 118, "mas_cercana_name": "recycling"}, "aparcabicis": {"n_dentro": 1}, "patrimonio": {"n_dentro": 0, "mas_cercana_m": 532, "mas_cercana_name": "Helicóptero Augusta Bell"}}, "renta": {"2015": 12950, "2016": 12950, "2017": 13650, "2018": 14350, "2019": 15050, "2020": 14350, "2021": 15750, "2022": 16450, "2023": 16450}, "vft": {"n_vfts": 2, "n_plazas": 6, "viviendas_total": 526, "viviendas_fuente": "censo2021", "ratio_vft_pct": 0.38, "serie": {"2015": 0, "2016": 0, "2017": 0, "2018": 0, "2019": 0, "2020": 0, "2021": 0, "2022": 0, "2023": 0, "2024": 0, "2025": 2}}, "renta_med_uc": {"2015": 12950, "2016": 12950, "2017": 13650, "2018": 14350, "2019": 15050, "2020": 14350, "2021": 15750, "2022": 16450, "2023": 16450}, "renta_hogar": {"2015": 23227, "2016": 22966, "2017": 23688, "2018": 24473, "2019": 26290, "2020": 25318, "2021": 26913, "2022": 27329, "2023": 29723}, "renta_persona": {"2015": 9762, "2016": 9871, "2017": 10326, "2018": 10781, "2019": 11327, "2020": 11331, "2021": 12379, "2022": 12519, "2023": 13287}}, "geometry": {"type": "MultiPolygon", "coordinates": [[[[-3.597274198843674, 37.16085117170327], [-3.597448434951947, 37.16007734122212], [-3.597455284593339, 37.16004468934272], [-3.597463887034025, 37.16000364105047], [-3.597748205049692, 37.16004321494712], [-3.597756356639966, 37.160044336643736], [-3.597916113933851, 37.16006841491677], [-3.598040357403201, 37.1600870618493], [-3.598120415775798, 37.16009910261807], [-3.598170106784432, 37.16010566193099], [-3.598178004281555, 37.16010669474055], [-3.598423209928312, 37.160138595161584], [-3.598549305671995, 37.16015501835504], [-3.598682092211301, 37.160172403666444], [-3.598932935685121, 37.16020508581409], [-3.599008529014933, 37.16021487700654], [-3.599267456565126, 37.16024864794514], [-3.599600889162411, 37.16029212089014], [-3.599716944736753, 37.16030567308459], [-3.599916255938339, 37.160329035585775], [-3.599703173372657, 37.16061466780627], [-3.599688590613922, 37.16063419752647], [-3.599600797813681, 37.16084450145911], [-3.599470682890476, 37.16115633282555], [-3.599172328042851, 37.16111351688864], [-3.59890644750683, 37.16107533156168], [-3.598366045501673, 37.1609978264105], [-3.598258484492921, 37.16098241819109], [-3.598184822037001, 37.1609719136817], [-3.598121133182629, 37.16096276588242], [-3.597857426476244, 37.1609280421417], [-3.597688683159491, 37.16090581553634], [-3.597313705320783, 37.16085641707319], [-3.597274198843674, 37.16085117170327]]]]}}, {"type": "Feature", "properties": {"CUSEC": "1808702049", "CDIS": "02", "CSEC": "049", "NMUN": "Granada", "poblaciones": {"2015": 923, "2016": 900, "2017": 913, "2018": 936, "2019": 894, "2020": 876, "2021": 892, "2022": 881, "2023": 922, "2024": 929, "2025": 910}, "superficie_verde_m2": 362, "estacion_cercana": {"name": "Granada Palacio de Congresos", "distancia_m": 848}, "superficie_verde_desglose": {"parques": 0, "jardines": 362, "arbolado": 0}, "centroide": [-3.59692, 37.15851], "equipamientos": {"sanidad": {"n_dentro": 0, "mas_cercana_m": 78, "mas_cercana_name": "Farmacia Ramón Olmo Sánchez"}, "educacion": {"n_dentro": 0, "mas_cercana_m": 168, "mas_cercana_name": "Escuela de Educación Infantil Generalife"}, "agua": {"n_dentro": 0, "mas_cercana_m": 157, "mas_cercana_name": "drinking_water"}, "reciclaje": {"n_dentro": 1}, "aparcabicis": {"n_dentro": 1}, "patrimonio": {"n_dentro": 0, "mas_cercana_m": 762, "mas_cercana_name": "Helicóptero Augusta Bell"}}, "renta": {"2015": 12250, "2016": 12250, "2017": 13650, "2018": 14350, "2019": 13650, "2020": 13650, "2021": 15050, "2022": 15050, "2023": 16450}, "vft": {"n_vfts": 2, "n_plazas": 12, "viviendas_total": 487, "viviendas_fuente": "censo2021", "ratio_vft_pct": 0.41, "serie": {"2015": 0, "2016": 0, "2017": 0, "2018": 0, "2019": 0, "2020": 0, "2021": 1, "2022": 2, "2023": 2, "2024": 2, "2025": 2}}, "renta_med_uc": {"2015": 12250, "2016": 12250, "2017": 13650, "2018": 14350, "2019": 13650, "2020": 13650, "2021": 15050, "2022": 15050, "2023": 16450}, "renta_hogar": {"2015": 22534, "2016": 23327, "2017": 23449, "2018": 24452, "2019": 24810, "2020": 24842, "2021": 27463, "2022": 28293, "2023": 30312}, "renta_persona": {"2015": 9053, "2016": 9647, "2017": 9650, "2018": 10036, "2019": 10370, "2020": 10717, "2021": 11789, "2022": 11794, "2023": 12683}}, "geometry": {"type": "MultiPolygon", "coordinates": [[[[-3.595216483132933, 37.15916442807545], [-3.595372634847427, 37.15790605317712], [-3.595372626909401, 37.1579050409385], [-3.59559888406466, 37.157829475000526], [-3.595595741645748, 37.1578320228416], [-3.59612864355443, 37.15790794063603], [-3.596250038302559, 37.15790379553117], [-3.59652833006602, 37.157932139656864], [-3.596735962880663, 37.15795326622702], [-3.596917952823585, 37.157971790334685], [-3.597066079563733, 37.15798684669885], [-3.597138693629762, 37.157993458623984], [-3.597268346646007, 37.15800515994012], [-3.597444872278861, 37.158021087686], [-3.597801686704758, 37.1580532614327], [-3.597802238954715, 37.15805331273133], [-3.598042531893392, 37.15807504836856], [-3.598130180564894, 37.15808287643093], [-3.598132835050596, 37.15808316139885], [-3.598162083928878, 37.15808615066572], [-3.598249244796965, 37.15809509974619], [-3.598354829132681, 37.15810600644262], [-3.598805931281146, 37.15815231826327], [-3.598791978099985, 37.158239504190895], [-3.5987834632118, 37.15829225238819], [-3.59874325649119, 37.15854278482221], [-3.59872380272701, 37.15866439164857], [-3.598723709774002, 37.15866474366626], [-3.598710710175578, 37.15874719779029], [-3.598662685240947, 37.159053926326536], [-3.598256976693091, 37.15904984193528], [-3.598169692860041, 37.159049010641745], [-3.597942034737242, 37.1590424957586], [-3.597625152169809, 37.15903255256788], [-3.597230867095293, 37.15902030342148], [-3.597206216203726, 37.15901773244463], [-3.597050875687622, 37.15899788918867], [-3.597034320388001, 37.158995777670405], [-3.597019799874793, 37.158993912799744], [-3.597002548180418, 37.15899132253338], [-3.596985289505492, 37.15898784441534], [-3.596952695701711, 37.158981310255776], [-3.596772082790666, 37.15894499905786], [-3.59675212260121, 37.1589409846522], [-3.59669929210695, 37.15893035718084], [-3.59648638069838, 37.15887202006984], [-3.596093722875483, 37.15876424061416], [-3.59600229400961, 37.1592460320284], [-3.595943388146528, 37.159234785762735], [-3.595421466236083, 37.159135094240966], [-3.595418968265198, 37.15913466510264], [-3.595216483132933, 37.15916442807545]]]]}}, {"type": "Feature", "properties": {"CUSEC": "1808702050", "CDIS": "02", "CSEC": "050", "NMUN": "Granada", "poblaciones": {"2018": 1521, "2019": 1566, "2020": 1547, "2021": 1795, "2022": 1745, "2023": 1710, "2024": 1691, "2025": 1697}, "superficie_verde_m2": 31, "estacion_cercana": {"name": "Granada Palacio de Congresos", "distancia_m": 1614}, "superficie_verde_desglose": {"parques": 0, "jardines": 1, "arbolado": 30}, "centroide": [-3.599036, 37.151511], "equipamientos": {"sanidad": {"n_dentro": 1}, "educacion": {"n_dentro": 0, "mas_cercana_m": 148, "mas_cercana_name": "Colegio de Educación Infantil y Primaria Gallego Burín"}, "agua": {"n_dentro": 0, "mas_cercana_m": 177, "mas_cercana_name": "drinking_water"}, "reciclaje": {"n_dentro": 0, "mas_cercana_m": 158, "mas_cercana_name": "recycling"}, "aparcabicis": {"n_dentro": 0, "mas_cercana_m": 262, "mas_cercana_name": "bicycle_parking"}, "patrimonio": {"n_dentro": 0, "mas_cercana_m": 1233, "mas_cercana_name": "viewpoint"}}, "renta": {"2018": 10850, "2019": 10850, "2020": 10850, "2021": 11550, "2022": 12950, "2023": 14350}, "vft": {"n_vfts": 3, "n_plazas": 16, "viviendas_total": 854, "viviendas_fuente": "censo2021", "ratio_vft_pct": 0.35, "serie": {"2015": 0, "2016": 2, "2017": 2, "2018": 2, "2019": 2, "2020": 2, "2021": 2, "2022": 2, "2023": 2, "2024": 3, "2025": 3}}, "renta_med_uc": {"2018": 10850, "2019": 10850, "2020": 10850, "2021": 11550, "2022": 12950, "2023": 14350}, "renta_hogar": {"2018": 20653, "2019": 21238, "2020": 21324, "2021": 22469, "2022": 23836, "2023": 25770}, "renta_persona": {"2018": 8373, "2019": 8462, "2020": 8692, "2021": 9367, "2022": 10124, "2023": 11539}}, "geometry": {"type": "MultiPolygon", "coordinates": [[[[-3.597079992277204, 37.150580486958816], [-3.597178063679701, 37.15058922145544], [-3.59824007344761, 37.150755583580775], [-3.599057553044535, 37.15089455364197], [-3.600388018593442, 37.15109769850027], [-3.601203425358646, 37.151191381171735], [-3.601187742147845, 37.1512483025105], [-3.601110125689862, 37.151529687090374], [-3.60094186172508, 37.152139264559835], [-3.600877244493435, 37.15237351791651], [-3.600410162235638, 37.15232026650229], [-3.599552404857823, 37.15222255066298], [-3.598940358416471, 37.152152810735124], [-3.598911756951239, 37.15214952091317], [-3.598334565962893, 37.15208372113719], [-3.598114598195985, 37.15205868884346], [-3.598104903742361, 37.152057592981], [-3.598101907845806, 37.15205725655133], [-3.597795019493647, 37.1520128340393], [-3.597791770227938, 37.152030665824505], [-3.597413972938131, 37.15199191555274], [-3.597137399559245, 37.15196354941615], [-3.597139183979118, 37.151950025638705], [-3.597171309201139, 37.15153606321587], [-3.597195249104328, 37.15122844397611], [-3.597195244170722, 37.151227816622004], [-3.597108693919302, 37.1510464507126], [-3.597101502748016, 37.15103243852026], [-3.597040063568661, 37.150911883832414], [-3.596885080979912, 37.15089161841094], [-3.596893093783422, 37.15084010863999], [-3.597000766091378, 37.15085363458109], [-3.597054035807507, 37.150670899905634], [-3.597079992277204, 37.150580486958816]]]]}}, {"type": "Feature", "properties": {"CUSEC": "1808703002", "CDIS": "03", "CSEC": "002", "NMUN": "Granada", "poblaciones": {"2015": 1370, "2016": 1293, "2017": 1284, "2018": 1280, "2019": 1331, "2020": 1314, "2021": 1359, "2022": 1342, "2023": 1414, "2024": 1428, "2025": 1479}, "superficie_verde_m2": 72205, "estacion_cercana": {"name": "Granada Norte", "distancia_m": 1482}, "superficie_verde_desglose": {"parques": 8753, "jardines": 39754, "arbolado": 23697}, "centroide": [-3.597169, 37.191108], "equipamientos": {"sanidad": {"n_dentro": 2}, "educacion": {"n_dentro": 9}, "agua": {"n_dentro": 9}, "reciclaje": {"n_dentro": 6}, "aparcabicis": {"n_dentro": 0, "mas_cercana_m": 699, "mas_cercana_name": "bicycle_parking"}, "patrimonio": {"n_dentro": 3}}, "renta": {"2015": 17850, "2016": 19250, "2017": 19950, "2018": 19950, "2019": 19250, "2020": 20650, "2021": 21350, "2022": 22050, "2023": 24150}, "vft": {"n_vfts": 37, "n_plazas": 197, "viviendas_total": 1025, "viviendas_fuente": "censo2021", "ratio_vft_pct": 3.61, "serie": {"2015": 0, "2016": 1, "2017": 6, "2018": 9, "2019": 11, "2020": 12, "2021": 13, "2022": 14, "2023": 18, "2024": 35, "2025": 36}}, "renta_med_uc": {"2015": 17850, "2016": 19250, "2017": 19950, "2018": 19950, "2019": 19250, "2020": 20650, "2021": 21350, "2022": 22050, "2023": 24150}, "renta_hogar": {"2015": 31902, "2016": 34015, "2017": 33866, "2018": 33323, "2019": 34360, "2020": 34814, "2021": 36791, "2022": 36778, "2023": 40041}, "renta_persona": {"2015": 14063, "2016": 14981, "2017": 15144, "2018": 15123, "2019": 15509, "2020": 15476, "2021": 16141, "2022": 16670, "2023": 18394}}, "geometry": {"type": "MultiPolygon", "coordinates": [[[[-3.597220036256173, 37.19739617074633], [-3.59623043270511, 37.19707109896547], [-3.596200542816059, 37.19705298162828], [-3.595825560203247, 37.196825489901485], [-3.595807728595336, 37.19679393143862], [-3.595733555785247, 37.19672057806633], [-3.595129429435282, 37.19656831141255], [-3.594815656726874, 37.196114134982935], [-3.594697942363597, 37.195943260764786], [-3.594604893782433, 37.19587512497839], [-3.594179733952418, 37.19611732077464], [-3.594168385602652, 37.19612501705646], [-3.594179368027645, 37.19612957714183], [-3.59402815825207, 37.19638424627507], [-3.593918807850594, 37.19633875012894], [-3.593910894778563, 37.196335485267596], [-3.593908090187503, 37.196334187790896], [-3.593792042345342, 37.19628178883029], [-3.593738708386495, 37.19625763271181], [-3.593752558065104, 37.19621682002254], [-3.593701747041925, 37.19611971356505], [-3.593602260761777, 37.19593371965868], [-3.593530779451612, 37.19579632045086], [-3.593493776397149, 37.19560333490788], [-3.59348486254287, 37.19555641662185], [-3.593481496458995, 37.195543840926184], [-3.593478959008436, 37.19553780073656], [-3.59347233229187, 37.195526120240004], [-3.593468092222951, 37.19552064744747], [-3.593458322586043, 37.19551050515917], [-3.593452817217749, 37.19550604827253], [-3.593434651740064, 37.19549356924509], [-3.593428070888381, 37.19548990646962], [-3.593421078015805, 37.195486867723666], [-3.593413783960757, 37.195484218087955], [-3.593406495539867, 37.19548156842356], [-3.593391597380504, 37.19547696478091], [-3.593376352592583, 37.195473422017606], [-3.593368438041326, 37.19547211316466], [-3.59335277564477, 37.19546992008304], [-3.593336888653718, 37.19546854389125], [-3.593334596913563, 37.19546510300694], [-3.593262297400142, 37.1953556421091], [-3.593183206266474, 37.19523643047269], [-3.593108347364854, 37.19512166402941], [-3.593685214243928, 37.194279775647345], [-3.593592082264466, 37.193969325037905], [-3.593457330098951, 37.19386745142851], [-3.593272690167131, 37.19372421345244], [-3.593538451420244, 37.19319338619919], [-3.59353925156244, 37.19319196699188], [-3.593559135081761, 37.193141010363945], [-3.59361225347927, 37.19300465078782], [-3.593569936001054, 37.192088289056876], [-3.593568439688958, 37.192056044441784], [-3.593563558819761, 37.191948535413644], [-3.59356247264163, 37.191924207546954], [-3.593553535373477, 37.191731600481496], [-3.593467082307078, 37.191730148754374], [-3.593466530801916, 37.19173022362908], [-3.59332435658686, 37.19174555465269], [-3.593301244190907, 37.19174799601331], [-3.593157577307806, 37.19178641106936], [-3.592991802618207, 37.191830403604484], [-3.592940220964425, 37.19184402864473], [-3.592912433888672, 37.191616653289884], [-3.592867101020128, 37.19118050577159], [-3.592844914257271, 37.19118170749177], [-3.59279324754248, 37.1911843989028], [-3.592716137616094, 37.19118840382833], [-3.592701950554338, 37.191071269272314], [-3.592277689354049, 37.19035480239394], [-3.592254481175154, 37.190344208870236], [-3.592428374239145, 37.19003658010758], [-3.592432245716802, 37.19003602441481], [-3.592745375762001, 37.189933386817565], [-3.592779506003347, 37.1899222144565], [-3.593085621446593, 37.189822454978085], [-3.5932267969675, 37.189684090728214], [-3.59324325127954, 37.18958963616614], [-3.593254162599947, 37.18952762824195], [-3.593276774226937, 37.189397753838605], [-3.59327787488925, 37.1893613046855], [-3.593279299852888, 37.18930999881996], [-3.593299111696276, 37.188595023683575], [-3.593300909150841, 37.188530991768], [-3.593282201775136, 37.188314946586516], [-3.59300878640876, 37.18768191016071], [-3.592982081525891, 37.18753871561408], [-3.592990063343548, 37.18742625740479], [-3.593063160436844, 37.187131321693045], [-3.593068848758668, 37.187108830297966], [-3.593128856914015, 37.18687193458118], [-3.593126367501198, 37.18685470774262], [-3.593256723195173, 37.1868499005259], [-3.593393508619778, 37.186844804063604], [-3.593824154690809, 37.18683845940218], [-3.593984058739749, 37.18683609030463], [-3.594432486300461, 37.18662804596293], [-3.594667995544669, 37.186518796925974], [-3.594874308373881, 37.18633154612592], [-3.595065609133751, 37.186157963496896], [-3.595328162782824, 37.18591964536472], [-3.595425211089676, 37.18582842351841], [-3.595585933473836, 37.18567732142649], [-3.59576940512136, 37.185511443429384], [-3.595903983491003, 37.185389812981214], [-3.59614268671233, 37.18520177147325], [-3.596185005443433, 37.185168459073445], [-3.596437017639153, 37.18503549774367], [-3.597256860143685, 37.18516353486205], [-3.597547817420779, 37.18525806524309], [-3.597735561226839, 37.18540650476759], [-3.598080209009405, 37.18567615852171], [-3.598165271249473, 37.18573997287384], [-3.598328261502421, 37.18586221098393], [-3.598381023628075, 37.18587032845373], [-3.598503784477522, 37.18588916603401], [-3.598737743166919, 37.185859406827234], [-3.59895265306244, 37.18582428096672], [-3.599202217388698, 37.18579551552007], [-3.599328500337109, 37.18578101413574], [-3.599344527742386, 37.18578329473135], [-3.599529972440024, 37.18580973835533], [-3.599809090828082, 37.18584473142481], [-3.600092160937785, 37.185850867094466], [-3.600096143895722, 37.186068905783614], [-3.600090744987175, 37.18615617974764], [-3.600082836324025, 37.18628522473118], [-3.600068085158442, 37.18652713635015], [-3.600052893508782, 37.18672677087292], [-3.600044619684505, 37.1868358777987], [-3.600012256461799, 37.18707393135098], [-3.600007574853515, 37.187108771674524], [-3.59999238727612, 37.18719915544829], [-3.600185395532755, 37.18709605453929], [-3.600236226069991, 37.187072798686], [-3.600295589438268, 37.18704565420102], [-3.600567965931722, 37.1870239679719], [-3.600771568808374, 37.18698341560614], [-3.600976365594575, 37.18689507717335], [-3.601123751629192, 37.18682934927627], [-3.601447712983955, 37.186690635409235], [-3.601547207185471, 37.18664666563671], [-3.601843026809688, 37.18651617102435], [-3.602041719626148, 37.186428452176585], [-3.602111151580123, 37.18639972864671], [-3.602546942434853, 37.1862194630111], [-3.602920840211538, 37.18601800242393], [-3.603270507040826, 37.18640834907752], [-3.603331951331719, 37.18652699949333], [-3.603820359099109, 37.18638559555439], [-3.603772456827932, 37.186536040115556], [-3.603758979474935, 37.18668726561842], [-3.603795106061378, 37.1868168562019], [-3.603820800362616, 37.18686172408828], [-3.603931030516784, 37.18705405482637], [-3.603943711573645, 37.18707606549193], [-3.603947645840223, 37.18708625380146], [-3.603628021308595, 37.18716080329703], [-3.603624344332719, 37.18709305020751], [-3.603623065647971, 37.187088811124134], [-3.603619501618027, 37.18708196060758], [-3.602413224091643, 37.187327601501], [-3.601321481284243, 37.18754995701008], [-3.601066162681883, 37.187601890578605], [-3.601012575254269, 37.18761279445261], [-3.600803834759037, 37.187686954977856], [-3.600458516122633, 37.18787113291622], [-3.600185638962013, 37.18801658017409], [-3.600089313535457, 37.18801496243167], [-3.600185836620292, 37.18815259695742], [-3.600581969066131, 37.189324566669725], [-3.600593171434124, 37.189357685932706], [-3.60062676920888, 37.189532816399705], [-3.600626835959806, 37.189541244157134], [-3.60062977715553, 37.18976692283154], [-3.600637736776329, 37.190405274172456], [-3.600638621244409, 37.19047213106957], [-3.600771316992109, 37.19157712950004], [-3.600923630694599, 37.192642429548336], [-3.600963433395244, 37.19292076118896], [-3.600994640529013, 37.193138679505104], [-3.601035907702475, 37.19363224987555], [-3.601066655825948, 37.1938291543336], [-3.601074026823682, 37.19387631874472], [-3.60134065939909, 37.195188302511674], [-3.600855000955091, 37.1953871871027], [-3.600364059904786, 37.19566006533731], [-3.599950358281799, 37.19581903353457], [-3.599763161624166, 37.19580142878557], [-3.599654853261378, 37.195668614071955], [-3.599366481739727, 37.19583758680465], [-3.599489907328063, 37.195999121396504], [-3.599360373603419, 37.1961128294612], [-3.599322901808065, 37.19615122936791], [-3.599231628034371, 37.196247040239534], [-3.599201304499717, 37.19627889133732], [-3.599148717860595, 37.19634395442058], [-3.599089644150312, 37.19641713584029], [-3.599029676843873, 37.19649146562472], [-3.598961530014235, 37.19657591528297], [-3.598909720343683, 37.19664010898651], [-3.598864449416335, 37.19668205822497], [-3.598795854523015, 37.19674463308288], [-3.598729770855311, 37.196804318842986], [-3.598597992300687, 37.19685580478465], [-3.598533889476167, 37.196820888452486], [-3.59841226448596, 37.197007586913344], [-3.598398521244438, 37.19703231862683], [-3.598361854771246, 37.197152313356575], [-3.597903182706645, 37.19705054455848], [-3.597890790742225, 37.19705018344242], [-3.597745220419937, 37.1970768143427], [-3.597385522928727, 37.19746969912989], [-3.597220036256173, 37.19739617074633]]]]}}, {"type": "Feature", "properties": {"CUSEC": "1808703003", "CDIS": "03", "CSEC": "003", "NMUN": "Granada", "poblaciones": {"2015": 1311, "2016": 1291, "2017": 1302, "2018": 1313, "2019": 1323, "2020": 1314, "2021": 1406, "2022": 1443, "2023": 1444, "2024": 1504, "2025": 1571}, "superficie_verde_m2": 17181, "estacion_cercana": {"name": "Granada Norte", "distancia_m": 1541}, "superficie_verde_desglose": {"parques": 17157, "jardines": 23, "arbolado": 0}, "centroide": [-3.602925, 37.184604], "equipamientos": {"sanidad": {"n_dentro": 1}, "educacion": {"n_dentro": 0, "mas_cercana_m": 165, "mas_cercana_name": "Rectorado de la Universidad de Granada"}, "agua": {"n_dentro": 5}, "reciclaje": {"n_dentro": 1}, "aparcabicis": {"n_dentro": 1}, "patrimonio": {"n_dentro": 1}}, "renta": {"2015": 21350, "2016": 20650, "2017": 21350, "2018": 22050, "2019": 21700, "2020": 20650, "2021": 22050, "2022": 23450, "2023": 26250}, "vft": {"n_vfts": 13, "n_plazas": 69, "viviendas_total": 1051, "viviendas_fuente": "censo2021", "ratio_vft_pct": 1.24, "serie": {"2015": 0, "2016": 0, "2017": 0, "2018": 1, "2019": 1, "2020": 2, "2021": 2, "2022": 4, "2023": 6, "2024": 13, "2025": 13}}, "renta_med_uc": {"2015": 21350, "2016": 20650, "2017": 21350, "2018": 22050, "2019": 21700, "2020": 20650, "2021": 22050, "2022": 23450, "2023": 26250}, "renta_hogar": {"2015": 39990, "2016": 38962, "2017": 39357, "2018": 41251, "2019": 40717, "2020": 39362, "2021": 40668, "2022": 44391, "2023": 50256}, "renta_persona": {"2015": 16186, "2016": 16135, "2017": 16457, "2018": 17674, "2019": 17328, "2020": 17182, "2021": 17790, "2022": 19654, "2023": 21458}}, "geometry": {"type": "MultiPolygon", "coordinates": [[[[-3.602920840211538, 37.18601800242393], [-3.602605538319233, 37.185665986873445], [-3.602312519726127, 37.18533883590155], [-3.601866135719811, 37.18484053818976], [-3.601838492386214, 37.184811197380775], [-3.601764474354097, 37.184732447435415], [-3.601022266234272, 37.18394374325075], [-3.601018330686821, 37.18393972042904], [-3.601201740361518, 37.18376805275655], [-3.601447486727301, 37.18353780088296], [-3.601567289876358, 37.18342557753026], [-3.60207286835404, 37.18295191362006], [-3.602361123335753, 37.1831017198971], [-3.602733043009567, 37.18329499903606], [-3.602994935723411, 37.18343101571233], [-3.603522690712988, 37.18370517242322], [-3.603974105199078, 37.18393968830872], [-3.603998959435436, 37.1839518936801], [-3.604591711842517, 37.18424255238819], [-3.604589847172562, 37.18424606835414], [-3.604377039235919, 37.18479829782874], [-3.604366407946587, 37.18482565550052], [-3.604238044455879, 37.18517488653983], [-3.604117760216541, 37.18550251020836], [-3.604031623984286, 37.18573688458691], [-3.604013555419317, 37.1857860084122], [-3.603995805917487, 37.18583431483992], [-3.603820359099109, 37.18638559555439], [-3.603331951331719, 37.18652699949333], [-3.603270507040826, 37.18640834907752], [-3.602920840211538, 37.18601800242393]]]]}}, {"type": "Feature", "properties": {"CUSEC": "1808703004", "CDIS": "03", "CSEC": "004", "NMUN": "Granada", "poblaciones": {"2015": 2033, "2016": 2056, "2017": 2059, "2018": 2042, "2019": 2075, "2020": 2062, "2021": 2003, "2022": 1985, "2023": 1973, "2024": 1998, "2025": 1999}, "superficie_verde_m2": 4817, "estacion_cercana": {"name": "Granada Norte", "distancia_m": 1187}, "superficie_verde_desglose": {"parques": 3975, "jardines": 674, "arbolado": 168}, "centroide": [-3.605866, 37.186883], "equipamientos": {"sanidad": {"n_dentro": 7}, "educacion": {"n_dentro": 4}, "agua": {"n_dentro": 14}, "reciclaje": {"n_dentro": 6}, "aparcabicis": {"n_dentro": 0, "mas_cercana_m": 273, "mas_cercana_name": "bicycle_parking"}, "patrimonio": {"n_dentro": 0, "mas_cercana_m": 423, "mas_cercana_name": "Cripta de Fray Leopoldo de Alpandeire"}}, "renta": {"2015": 26950, "2016": 27650, "2017": 27650, "2018": 28350, "2019": 28350, "2020": 27650, "2021": 29750, "2022": 31850, "2023": 33250}, "vft": {"n_vfts": 14, "n_plazas": 71, "viviendas_total": 1318, "viviendas_fuente": "censo2021", "ratio_vft_pct": 1.06, "serie": {"2015": 0, "2016": 1, "2017": 2, "2018": 3, "2019": 5, "2020": 6, "2021": 6, "2022": 8, "2023": 9, "2024": 14, "2025": 14}}, "renta_med_uc": {"2015": 26950, "2016": 27650, "2017": 27650, "2018": 28350, "2019": 28350, "2020": 27650, "2021": 29750, "2022": 31850, "2023": 33250}, "renta_hogar": {"2015": 48094, "2016": 49263, "2017": 48679, "2018": 50146, "2019": 51458, "2020": 50585, "2021": 54030, "2022": 56679, "2023": 59512}, "renta_persona": {"2015": 19252, "2016": 19686, "2017": 19447, "2018": 20173, "2019": 20739, "2020": 20785, "2021": 22287, "2022": 23709, "2023": 25144}}, "geometry": {"type": "MultiPolygon", "coordinates": [[[[-3.603947645840223, 37.18708625380146], [-3.603943711573645, 37.18707606549193], [-3.603931030516784, 37.18705405482637], [-3.603820800362616, 37.18686172408828], [-3.603795106061378, 37.1868168562019], [-3.603758979474935, 37.18668726561842], [-3.603772456827932, 37.186536040115556], [-3.603820359099109, 37.18638559555439], [-3.603995805917487, 37.18583431483992], [-3.604013555419317, 37.1857860084122], [-3.604031623984286, 37.18573688458691], [-3.604117760216541, 37.18550251020836], [-3.604238044455879, 37.18517488653983], [-3.604366407946587, 37.18482565550052], [-3.604377039235919, 37.18479829782874], [-3.604589847172562, 37.18424606835414], [-3.604591711842517, 37.18424255238819], [-3.605648330576451, 37.18476060136888], [-3.605711369042315, 37.184791495534625], [-3.605739170196074, 37.184805144839835], [-3.606259721974562, 37.1850508372674], [-3.606558795027533, 37.185191884748875], [-3.606577836533983, 37.185201247468015], [-3.607073234482403, 37.1854454506515], [-3.607107745373197, 37.18546194162272], [-3.607467501078206, 37.18563442767258], [-3.607775560466863, 37.185782122483175], [-3.607870806515471, 37.18582778647749], [-3.608469739416992, 37.186114883813694], [-3.607949943217879, 37.18696244140526], [-3.607906260256745, 37.18703375902026], [-3.607884667311091, 37.187068943311004], [-3.607602536660767, 37.187543796229484], [-3.6072792404843, 37.18808793739145], [-3.606562462855273, 37.18929415138589], [-3.606547776843347, 37.189318834804105], [-3.6064882731787, 37.18941783285138], [-3.606174274184656, 37.18994080438632], [-3.605547766428756, 37.18932693387993], [-3.605538463684509, 37.18931751221586], [-3.605520737785762, 37.18929947114336], [-3.605207671049671, 37.18898216071356], [-3.604983605120148, 37.1887549821418], [-3.604578433427339, 37.18817778243416], [-3.604577548837567, 37.188176349214125], [-3.604186595805021, 37.187528964578576], [-3.604025301706227, 37.187262019586555], [-3.603998391376531, 37.187217420255465], [-3.603947645840223, 37.18708625380146]]]]}}, {"type": "Feature", "properties": {"CUSEC": "1808703005", "CDIS": "03", "CSEC": "005", "NMUN": "Granada", "poblaciones": {"2015": 1309, "2016": 1297, "2017": 1277, "2018": 1266, "2019": 1285, "2020": 1267, "2021": 1289, "2022": 1257, "2023": 1301, "2024": 1285, "2025": 1298}, "superficie_verde_m2": 15515, "estacion_cercana": {"name": "Granada Norte", "distancia_m": 1061}, "superficie_verde_desglose": {"parques": 3293, "jardines": 10808, "arbolado": 1414}, "centroide": [-3.60237, 37.191234], "equipamientos": {"sanidad": {"n_dentro": 0, "mas_cercana_m": 182, "mas_cercana_name": "Farmacia-Ortopedia Jiménez Millán"}, "educacion": {"n_dentro": 1}, "agua": {"n_dentro": 1}, "reciclaje": {"n_dentro": 0, "mas_cercana_m": 137, "mas_cercana_name": "recycling"}, "aparcabicis": {"n_dentro": 0, "mas_cercana_m": 301, "mas_cercana_name": "bicycle_parking"}, "patrimonio": {"n_dentro": 0, "mas_cercana_m": 574, "mas_cercana_name": "Mecánicas de la memoria. Diario Patria."}}, "renta": {"2015": 17150, "2016": 17150, "2017": 18550, "2018": 18550, "2019": 19950, "2020": 19950, "2021": 21350, "2022": 22050, "2023": 23450}, "vft": {"n_vfts": 16, "n_plazas": 100, "viviendas_total": 821, "viviendas_fuente": "censo2021", "ratio_vft_pct": 1.95, "serie": {"2015": 0, "2016": 0, "2017": 1, "2018": 1, "2019": 2, "2020": 2, "2021": 3, "2022": 4, "2023": 10, "2024": 15, "2025": 15}}, "renta_med_uc": {"2015": 17150, "2016": 17150, "2017": 18550, "2018": 18550, "2019": 19950, "2020": 19950, "2021": 21350, "2022": 22050, "2023": 23450}, "renta_hogar": {"2015": 30034, "2016": 29628, "2017": 31028, "2018": 33326, "2019": 32956, "2020": 33418, "2021": 34687, "2022": 36097, "2023": 39318}, "renta_persona": {"2015": 12572, "2016": 12486, "2017": 13249, "2018": 14290, "2019": 14335, "2020": 14647, "2021": 15436, "2022": 16180, "2023": 17863}}, "geometry": {"type": "MultiPolygon", "coordinates": [[[[-3.60134065939909, 37.195188302511674], [-3.601074026823682, 37.19387631874472], [-3.601066655825948, 37.1938291543336], [-3.601035907702475, 37.19363224987555], [-3.600994640529013, 37.193138679505104], [-3.600963433395244, 37.19292076118896], [-3.600923630694599, 37.192642429548336], [-3.600771316992109, 37.19157712950004], [-3.600638621244409, 37.19047213106957], [-3.600637736776329, 37.190405274172456], [-3.60062977715553, 37.18976692283154], [-3.600626835959806, 37.189541244157134], [-3.60062676920888, 37.189532816399705], [-3.600593171434124, 37.189357685932706], [-3.600581969066131, 37.189324566669725], [-3.600185836620292, 37.18815259695742], [-3.600089313535457, 37.18801496243167], [-3.600185638962013, 37.18801658017409], [-3.600458516122633, 37.18787113291622], [-3.600803834759037, 37.187686954977856], [-3.601012575254269, 37.18761279445261], [-3.601066162681883, 37.187601890578605], [-3.601321481284243, 37.18754995701008], [-3.602413224091643, 37.187327601501], [-3.603619501618027, 37.18708196060758], [-3.603623065647971, 37.187088811124134], [-3.603624344332719, 37.18709305020751], [-3.603628021308595, 37.18716080329703], [-3.603654272855503, 37.187644543303904], [-3.603690620886745, 37.18831554288132], [-3.603715655150485, 37.18877646551756], [-3.603741040836901, 37.189243983671474], [-3.603741283063421, 37.1892482280336], [-3.60374448288234, 37.18930852083094], [-3.603746858186398, 37.18935143341903], [-3.603781166027606, 37.18993987488956], [-3.603797333053181, 37.1902172399342], [-3.603815845621251, 37.19053389406357], [-3.60381408382758, 37.19094753400648], [-3.603813884453033, 37.191006685809334], [-3.603841340627508, 37.19135694808606], [-3.603896937253516, 37.19156126542057], [-3.603904918717478, 37.191590245314515], [-3.603962604966195, 37.19179870741185], [-3.60406318169167, 37.192020941422705], [-3.604098937138975, 37.192100011105694], [-3.604102597023468, 37.19211673595011], [-3.604230477138809, 37.19270712549586], [-3.604424144775421, 37.19365677105629], [-3.604455791503298, 37.19381193971196], [-3.604462399046793, 37.19384434287094], [-3.604487946849436, 37.19442264705149], [-3.604083735807208, 37.19460271454927], [-3.604040277635234, 37.19462206383923], [-3.603489263273098, 37.194877169287416], [-3.603331677351616, 37.19495006047417], [-3.602606704605024, 37.19519001983203], [-3.601397137603894, 37.19546673401882], [-3.60134065939909, 37.195188302511674]]]]}}, {"type": "Feature", "properties": {"CUSEC": "1808703028", "CDIS": "03", "CSEC": "028", "NMUN": "Granada", "poblaciones": {"2015": 971, "2016": 960, "2017": 948, "2018": 903, "2019": 917, "2020": 884, "2021": 888, "2022": 902, "2023": 897, "2024": 921, "2025": 907}, "superficie_verde_m2": 19, "estacion_cercana": {"name": "Granada Norte", "distancia_m": 769}, "superficie_verde_desglose": {"parques": 0, "jardines": 0, "arbolado": 19}, "centroide": [-3.607549, 37.190511], "equipamientos": {"sanidad": {"n_dentro": 2}, "educacion": {"n_dentro": 1}, "agua": {"n_dentro": 2}, "reciclaje": {"n_dentro": 0, "mas_cercana_m": 92, "mas_cercana_name": "recycling"}, "aparcabicis": {"n_dentro": 0, "mas_cercana_m": 163, "mas_cercana_name": "bicycle_parking"}, "patrimonio": {"n_dentro": 0, "mas_cercana_m": 813, "mas_cercana_name": "Cripta de Fray Leopoldo de Alpandeire"}}, "renta": {"2015": 17150, "2016": 17150, "2017": 17150, "2018": 17850, "2019": 17850, "2020": 18550, "2021": 18550, "2022": 19600, "2023": 20300}, "vft": {"n_vfts": 10, "n_plazas": 58, "viviendas_total": 846, "viviendas_fuente": "censo2021", "ratio_vft_pct": 1.18, "serie": {"2015": 0, "2016": 0, "2017": 0, "2018": 0, "2019": 1, "2020": 1, "2021": 1, "2022": 4, "2023": 4, "2024": 10, "2025": 10}}, "renta_med_uc": {"2015": 17150, "2016": 17150, "2017": 17150, "2018": 17850, "2019": 17850, "2020": 18550, "2021": 18550, "2022": 19600, "2023": 20300}, "renta_hogar": {"2015": 28466, "2016": 27939, "2017": 28092, "2018": 28014, "2019": 29445, "2020": 29053, "2021": 29947, "2022": 30747, "2023": 32562}, "renta_persona": {"2015": 12977, "2016": 13107, "2017": 13467, "2018": 13898, "2019": 14476, "2020": 14459, "2021": 14734, "2022": 15427, "2023": 16353}}, "geometry": {"type": "MultiPolygon", "coordinates": [[[[-3.607591395406214, 37.19132948324107], [-3.607483260874855, 37.19122348145844], [-3.607128955568617, 37.1908763846136], [-3.60691309315684, 37.1906648521297], [-3.60669892910281, 37.19045491142999], [-3.606174274184656, 37.18994080438632], [-3.6064882731787, 37.18941783285138], [-3.607370883299658, 37.18975325197817], [-3.607949765295202, 37.18997312795057], [-3.608190591048282, 37.190064621658436], [-3.608219733144159, 37.190018153603994], [-3.608360763211429, 37.19007250145268], [-3.608305522181951, 37.19016471890502], [-3.60821444086397, 37.19031663527635], [-3.608302889107456, 37.19044057078954], [-3.608521344000399, 37.190746747951394], [-3.608692243073865, 37.19098619410548], [-3.608935326708914, 37.19132691266834], [-3.608852086891644, 37.19134604362839], [-3.607990821595836, 37.19154036191188], [-3.607836433962173, 37.191579183277334], [-3.607807607549108, 37.19154130020335], [-3.607591395406214, 37.19132948324107]]]]}}, {"type": "Feature", "properties": {"CUSEC": "1808703029", "CDIS": "03", "CSEC": "029", "NMUN": "Granada", "poblaciones": {"2015": 1529, "2016": 1524, "2017": 1502, "2018": 1472, "2019": 1480, "2020": 1459, "2021": 1462, "2022": 1449, "2023": 1401, "2024": 1428, "2025": 1421}, "superficie_verde_m2": 958, "estacion_cercana": {"name": "Granada Norte", "distancia_m": 706}, "superficie_verde_desglose": {"parques": 0, "jardines": 958, "arbolado": 0}, "centroide": [-3.613851, 37.189812], "equipamientos": {"sanidad": {"n_dentro": 3}, "educacion": {"n_dentro": 0, "mas_cercana_m": 223, "mas_cercana_name": "Centro Infantil Los Mondragones"}, "agua": {"n_dentro": 0, "mas_cercana_m": 245, "mas_cercana_name": "fountain"}, "reciclaje": {"n_dentro": 7}, "aparcabicis": {"n_dentro": 0, "mas_cercana_m": 254, "mas_cercana_name": "bicycle_parking"}, "patrimonio": {"n_dentro": 0, "mas_cercana_m": 1198, "mas_cercana_name": "Cripta de Fray Leopoldo de Alpandeire"}}, "renta": {"2015": 22750, "2016": 23450, "2017": 23450, "2018": 24150, "2019": 25550, "2020": 25550, "2021": 26250, "2022": 27650, "2023": 29750}, "vft": {"n_vfts": 3, "n_plazas": 12, "viviendas_total": 814, "viviendas_fuente": "censo2021", "ratio_vft_pct": 0.37, "serie": {"2015": 0, "2016": 0, "2017": 0, "2018": 0, "2019": 0, "2020": 0, "2021": 0, "2022": 2, "2023": 2, "2024": 3, "2025": 3}}, "renta_med_uc": {"2015": 22750, "2016": 23450, "2017": 23450, "2018": 24150, "2019": 25550, "2020": 25550, "2021": 26250, "2022": 27650, "2023": 29750}, "renta_hogar": {"2015": 38866, "2016": 39235, "2017": 39621, "2018": 40356, "2019": 41614, "2020": 41742, "2021": 43691, "2022": 45340, "2023": 48566}, "renta_persona": {"2015": 16297, "2016": 16815, "2017": 17030, "2018": 17831, "2019": 18577, "2020": 19021, "2021": 19793, "2022": 21115, "2023": 22367}}, "geometry": {"type": "MultiPolygon", "coordinates": [[[[-3.611664759953448, 37.189015493723495], [-3.612555869399483, 37.18829178151605], [-3.613709360190076, 37.18903513968533], [-3.613768299977361, 37.189073144765565], [-3.614051397115001, 37.18925563826059], [-3.614087792615511, 37.18927906179357], [-3.614150307285549, 37.18930838569673], [-3.61420765950628, 37.18933533860608], [-3.614708107143582, 37.18956996903933], [-3.615266233380556, 37.18983172831416], [-3.61531282973234, 37.189852827863824], [-3.615958588462671, 37.190144258875556], [-3.615322274848855, 37.19101752078585], [-3.61529017639329, 37.191061567632126], [-3.615154796735645, 37.19124499248391], [-3.615029078087839, 37.191415373348555], [-3.614935570728049, 37.19130610791505], [-3.614934984357135, 37.191305353782845], [-3.612880222786214, 37.1899493725949], [-3.612784481077262, 37.189885771986006], [-3.612326486878558, 37.18958159634859], [-3.611983109816143, 37.18928939783954], [-3.611956413948324, 37.18926645988986], [-3.611664759953448, 37.189015493723495]]]]}}, {"type": "Feature", "properties": {"CUSEC": "1808703030", "CDIS": "03", "CSEC": "030", "NMUN": "Granada", "poblaciones": {"2015": 1506, "2016": 1476, "2017": 1447, "2018": 1400, "2019": 1366, "2020": 1325, "2021": 1326, "2022": 1292, "2023": 1292, "2024": 1294, "2025": 1269}, "superficie_verde_m2": 67936, "estacion_cercana": {"name": "Granada Norte", "distancia_m": 1516}, "superficie_verde_desglose": {"parques": 63036, "jardines": 1065, "arbolado": 3834}, "centroide": [-3.611809, 37.20975], "equipamientos": {"sanidad": {"n_dentro": 1}, "educacion": {"n_dentro": 2}, "agua": {"n_dentro": 0, "mas_cercana_m": 198, "mas_cercana_name": "drinking_water"}, "reciclaje": {"n_dentro": 0, "mas_cercana_m": 214, "mas_cercana_name": "recycling"}, "aparcabicis": {"n_dentro": 0, "mas_cercana_m": 1052, "mas_cercana_name": "bicycle_parking"}, "patrimonio": {"n_dentro": 0, "mas_cercana_m": 2254, "mas_cercana_name": "Mecánicas de la memoria. Diario Patria."}}, "renta": {"2015": 5950, "2016": 6650, "2017": 7350, "2018": 7350, "2019": 7350, "2020": 7350, "2021": 7350, "2022": 8050, "2023": 9450}, "vft": {"n_vfts": 0, "n_plazas": 0, "viviendas_total": 605, "viviendas_fuente": "censo2021", "ratio_vft_pct": 0.0, "serie": {"2015": 0, "2016": 0, "2017": 0, "2018": 0, "2019": 0, "2020": 0, "2021": 0, "2022": 0, "2023": 0, "2024": 0, "2025": 0}}, "renta_med_uc": {"2015": 5950, "2016": 6650, "2017": 7350, "2018": 7350, "2019": 7350, "2020": 7350, "2021": 7350, "2022": 8050, "2023": 9450}, "renta_hogar": {"2015": 13717, "2016": 13835, "2017": 14180, "2018": 14591, "2019": 14884, "2020": 15213, "2021": 15711, "2022": 16914, "2023": 18706}, "renta_persona": {"2015": 4727, "2016": 4801, "2017": 5090, "2018": 5273, "2019": 5440, "2020": 5620, "2021": 5842, "2022": 6483, "2023": 7356}}, "geometry": {"type": "MultiPolygon", "coordinates": [[[[-3.610448468283369, 37.213004497572825], [-3.610274291266344, 37.21193770419755], [-3.610252466856665, 37.211810255467945], [-3.610108452055361, 37.210968007357465], [-3.610033006714935, 37.21052698452575], [-3.609941205383535, 37.209906771467054], [-3.609923585453783, 37.20978767856418], [-3.609890684032465, 37.20956500817057], [-3.609889753625743, 37.209558626562], [-3.609834939171555, 37.209203022736155], [-3.609831360978651, 37.209179910403186], [-3.609790320632124, 37.20892678758825], [-3.609667625885006, 37.20815771775728], [-3.609655887118234, 37.2080839897824], [-3.60959650529631, 37.207866404195194], [-3.609478026108056, 37.20754928747297], [-3.609371452777462, 37.20734412603835], [-3.609419835452531, 37.20733326317565], [-3.60946041120277, 37.20730733844633], [-3.609741466498055, 37.20712780474897], [-3.609817899007099, 37.207083936887535], [-3.609980645293137, 37.20699052270894], [-3.609998378673227, 37.207016260937515], [-3.611041251183609, 37.20644956676662], [-3.611008047094872, 37.20640049288747], [-3.611374130245529, 37.20619037036091], [-3.6122139124301, 37.205708131019726], [-3.612431068665161, 37.20605388704065], [-3.612788956302118, 37.206814159679126], [-3.612823418322406, 37.2068873506428], [-3.612856217911939, 37.2069793226994], [-3.612966786252763, 37.207289274793226], [-3.613009410677144, 37.20740894006866], [-3.613263832195214, 37.20828063093374], [-3.613396905684172, 37.2087364166505], [-3.613571717685421, 37.20933548388871], [-3.613628020166337, 37.20953935054993], [-3.613631021496435, 37.20955022838481], [-3.613828583565469, 37.21021652065383], [-3.613920485944063, 37.210526406132516], [-3.613924096348076, 37.21053858692513], [-3.61445566195791, 37.21233201321088], [-3.613996019753029, 37.212295727705346], [-3.61369282389654, 37.21243250124878], [-3.612908296434753, 37.212977437345515], [-3.612582253077214, 37.21307823435304], [-3.611127494787348, 37.2129685692791], [-3.610448468283369, 37.213004497572825]]]]}}, {"type": "Feature", "properties": {"CUSEC": "1808703031", "CDIS": "03", "CSEC": "031", "NMUN": "Granada", "poblaciones": {"2015": 2102, "2016": 2325, "2017": 2309, "2018": 2390, "2019": 2358, "2020": 2342, "2021": 2370, "2022": 2306, "2023": 2274, "2024": 2249, "2025": 2296}, "superficie_verde_m2": 31602, "estacion_cercana": {"name": "Granada Norte", "distancia_m": 1746}, "superficie_verde_desglose": {"parques": 15466, "jardines": 3243, "arbolado": 12894}, "centroide": [-3.606448, 37.211036], "equipamientos": {"sanidad": {"n_dentro": 3}, "educacion": {"n_dentro": 0, "mas_cercana_m": 484, "mas_cercana_name": "Colegio de Educación Infantil y Primaria Andalucía"}, "agua": {"n_dentro": 1}, "reciclaje": {"n_dentro": 6}, "aparcabicis": {"n_dentro": 0, "mas_cercana_m": 989, "mas_cercana_name": "bicycle_parking"}, "patrimonio": {"n_dentro": 0, "mas_cercana_m": 2090, "mas_cercana_name": "viewpoint"}}, "renta": {"2015": 3850, "2016": 3850, "2017": 4550, "2018": 5250, "2019": 5250, "2020": 5950, "2021": 6650, "2022": 6650, "2023": 7350}, "vft": {"n_vfts": 1, "n_plazas": 2, "viviendas_total": 1093, "viviendas_fuente": "censo2021", "ratio_vft_pct": 0.09, "serie": {"2015": 0, "2016": 0, "2017": 0, "2018": 0, "2019": 0, "2020": 0, "2021": 0, "2022": 0, "2023": 1, "2024": 1, "2025": 1}}, "renta_med_uc": {"2015": 3850, "2016": 3850, "2017": 4550, "2018": 5250, "2019": 5250, "2020": 5950, "2021": 6650, "2022": 6650, "2023": 7350}, "renta_hogar": {"2015": 11388, "2016": 11550, "2017": 12087, "2018": 12537, "2019": 13605, "2020": 13646, "2021": 14756, "2022": 16229, "2023": 17834}, "renta_persona": {"2015": 3281, "2016": 3268, "2017": 3498, "2018": 3829, "2019": 4139, "2020": 4377, "2021": 5067, "2022": 5625, "2023": 6352}}, "geometry": {"type": "MultiPolygon", "coordinates": [[[[-3.602894897150941, 37.21477050986731], [-3.602900641091312, 37.21445288430599], [-3.602749873365644, 37.21392183381753], [-3.602767215905408, 37.21326373303907], [-3.602648899991886, 37.212561242704346], [-3.602533661988945, 37.21223730617724], [-3.602319222094058, 37.2120116791999], [-3.602294969689265, 37.21198614425133], [-3.602629062338696, 37.21147964092171], [-3.602501912976676, 37.21148898081533], [-3.602703016352389, 37.21140449915751], [-3.603580159637147, 37.21001670704035], [-3.603645313037525, 37.20981312343245], [-3.603706887636642, 37.20962082008279], [-3.603715688881761, 37.209590204331036], [-3.603879809696048, 37.209018251303654], [-3.603933261747977, 37.20876268948124], [-3.603978831924013, 37.2085442332837], [-3.604047909156953, 37.208143673118194], [-3.604068172585225, 37.207972547603504], [-3.604095098192833, 37.207745825048406], [-3.60413961104298, 37.20774135335112], [-3.604188370890995, 37.20774091987031], [-3.605315565999582, 37.207730040693555], [-3.606358153962566, 37.20771991743474], [-3.60646620916154, 37.207718869392835], [-3.606752243147253, 37.207716148956166], [-3.606898600951042, 37.207714643814555], [-3.607051546703529, 37.207713252559756], [-3.607197791792669, 37.20771174672472], [-3.607364044423696, 37.207710193109264], [-3.607580708011346, 37.207708087747314], [-3.60805802670223, 37.20768489193955], [-3.608206811646764, 37.20767774259344], [-3.608264191614043, 37.2076749384702], [-3.608378788643587, 37.20765002214029], [-3.608693352789787, 37.20758143049084], [-3.609124728908838, 37.207421376515526], [-3.609266201510578, 37.20737440815012], [-3.609327108160038, 37.2073541748799], [-3.609371452777462, 37.20734412603835], [-3.609478026108056, 37.20754928747297], [-3.60959650529631, 37.207866404195194], [-3.609655887118234, 37.2080839897824], [-3.609667625885006, 37.20815771775728], [-3.609790320632124, 37.20892678758825], [-3.609831360978651, 37.209179910403186], [-3.609834939171555, 37.209203022736155], [-3.609889753625743, 37.209558626562], [-3.609890684032465, 37.20956500817057], [-3.609923585453783, 37.20978767856418], [-3.609941205383535, 37.209906771467054], [-3.610033006714935, 37.21052698452575], [-3.610108452055361, 37.210968007357465], [-3.610252466856665, 37.211810255467945], [-3.610274291266344, 37.21193770419755], [-3.610448468283369, 37.213004497572825], [-3.6103726952748, 37.21300850626681], [-3.610057863049538, 37.21305745873649], [-3.609888652767317, 37.213083103203004], [-3.60861895206552, 37.21355836034146], [-3.608056708680198, 37.213723495768726], [-3.605603253932038, 37.214159680287], [-3.604803436686652, 37.21420883947841], [-3.604195839169598, 37.214338131413506], [-3.603971645757589, 37.21449249782841], [-3.603466372043242, 37.21472944625191], [-3.602892816173726, 37.21488560448131], [-3.602894897150941, 37.21477050986731]]]]}}, {"type": "Feature", "properties": {"CUSEC": "1808703032", "CDIS": "03", "CSEC": "032", "NMUN": "Granada", "poblaciones": {"2015": 2422, "2016": 2401, "2017": 2426, "2018": 2428, "2019": 2479, "2020": 2510, "2021": 2559, "2022": 2506, "2023": 2542, "2024": 2584, "2025": 2588}, "superficie_verde_m2": 33067, "estacion_cercana": {"name": "Granada Norte", "distancia_m": 2361}, "superficie_verde_desglose": {"parques": 25529, "jardines": 4518, "arbolado": 3021}, "centroide": [-3.588948, 37.205754], "equipamientos": {"sanidad": {"n_dentro": 3}, "educacion": {"n_dentro": 1}, "agua": {"n_dentro": 1}, "reciclaje": {"n_dentro": 4}, "aparcabicis": {"n_dentro": 1}, "patrimonio": {"n_dentro": 0, "mas_cercana_m": 1263, "mas_cercana_name": "viewpoint"}}, "renta": {"2015": 9450, "2016": 9450, "2017": 10150, "2018": 10150, "2019": 11550, "2020": 10850, "2021": 11550, "2022": 12250, "2023": 12950}, "vft": {"n_vfts": 5, "n_plazas": 22, "viviendas_total": 1297, "viviendas_fuente": "censo2021", "ratio_vft_pct": 0.39, "serie": {"2015": 0, "2016": 0, "2017": 0, "2018": 1, "2019": 1, "2020": 1, "2021": 1, "2022": 2, "2023": 2, "2024": 5, "2025": 5}}, "renta_med_uc": {"2015": 9450, "2016": 9450, "2017": 10150, "2018": 10150, "2019": 11550, "2020": 10850, "2021": 11550, "2022": 12250, "2023": 12950}, "renta_hogar": {"2015": 18175, "2016": 18449, "2017": 18669, "2018": 19475, "2019": 21008, "2020": 20996, "2021": 21646, "2022": 22398, "2023": 24516}, "renta_persona": {"2015": 7372, "2016": 7459, "2017": 7727, "2018": 8062, "2019": 8643, "2020": 8646, "2021": 9150, "2022": 9666, "2023": 10579}}, "geometry": {"type": "MultiPolygon", "coordinates": [[[[-3.575573776965853, 37.21029639738156], [-3.575199483894232, 37.21001202056453], [-3.574853557482194, 37.20969316158943], [-3.574622739706367, 37.20945387848495], [-3.574478576968585, 37.20931720456675], [-3.574334761784832, 37.20922631894098], [-3.574100303054117, 37.209135873390565], [-3.573947351530531, 37.2090984556756], [-3.573774393241019, 37.2089390239734], [-3.573458776464048, 37.20884133809015], [-3.573085566201507, 37.208698139851286], [-3.572934056945912, 37.208535741186424], [-3.572833202570793, 37.20844750875777], [-3.572728185939987, 37.208408254951074], [-3.572659384805891, 37.20839484936383], [-3.572600193438986, 37.208390556399145], [-3.57253741694434, 37.20841680841343], [-3.572419692480829, 37.20849522218344], [-3.572235582704287, 37.20862737976751], [-3.571787111782881, 37.20913172199889], [-3.571717481758374, 37.20920136124511], [-3.572065613131461, 37.208656328000835], [-3.572344868310786, 37.20843862704276], [-3.572303661418827, 37.208394688234364], [-3.572526284458414, 37.208295641180115], [-3.572864647651744, 37.20825943032054], [-3.573282545390486, 37.20825741216621], [-3.573830130414438, 37.20825476526365], [-3.574378015461026, 37.2082924528791], [-3.575112170830295, 37.208190927592376], [-3.575528370162932, 37.207964149544914], [-3.576369064545148, 37.20766037472828], [-3.577101347551271, 37.20731102823376], [-3.577662708979017, 37.2072276258196], [-3.577928155073931, 37.20707648428004], [-3.578237245285824, 37.206982769965705], [-3.578667823539053, 37.206755910707486], [-3.578975438305528, 37.20646625826552], [-3.579363311344032, 37.206308756025884], [-3.580010544336935, 37.206149990083716], [-3.580753042524909, 37.2061982331112], [-3.581221710164901, 37.20624203651238], [-3.581538325772873, 37.20618862779743], [-3.581653690507526, 37.206199582161496], [-3.581905628912308, 37.206169528886406], [-3.582251379410455, 37.20615631274409], [-3.582532497546947, 37.20617221314765], [-3.582625970572417, 37.20614871368334], [-3.582891535799837, 37.206014844781116], [-3.583221820612756, 37.205863395766976], [-3.583638130726808, 37.20565962848039], [-3.583975523206556, 37.205496603539046], [-3.584284394024311, 37.20537405232016], [-3.584802198940745, 37.20525047442223], [-3.585096516811666, 37.205110716720746], [-3.585404499702455, 37.20487291770385], [-3.585667602853556, 37.20442208139201], [-3.586097570437988, 37.204120287411996], [-3.586799767408841, 37.203621180402685], [-3.587178178896467, 37.2031755528201], [-3.587608799050789, 37.20296019969476], [-3.587881677759024, 37.20284358117851], [-3.588236322706164, 37.20275361694257], [-3.588714042576955, 37.202621319704484], [-3.589003461658161, 37.202462597683116], [-3.589028618835823, 37.20240092505844], [-3.589138437539416, 37.202229433097806], [-3.589231468281343, 37.20209904811829], [-3.589307536011059, 37.201989253382465], [-3.589433914419133, 37.20174928058334], [-3.589544128543319, 37.201632488584885], [-3.589696790337457, 37.201474444477654], [-3.589772400455027, 37.20130310416858], [-3.589882984751706, 37.201234174312454], [-3.590018594476103, 37.20108306442879], [-3.590181060723544, 37.20108908503324], [-3.590369782807982, 37.20117020535689], [-3.590516375126775, 37.20133358977386], [-3.590637013356812, 37.20145608433459], [-3.590732360622193, 37.20162657910477], [-3.590879089408516, 37.20180364110664], [-3.591060208708275, 37.20200787527692], [-3.591232018500577, 37.202116436048925], [-3.59149701561862, 37.20211511587195], [-3.59168419371369, 37.20199793307284], [-3.592057799716474, 37.20167466984328], [-3.592457016875499, 37.201344445640174], [-3.592575735948373, 37.201220756761366], [-3.592754447761519, 37.20111729875958], [-3.592865003631389, 37.201041515636426], [-3.593026882756028, 37.20097233063614], [-3.593137362177805, 37.20088971954218], [-3.593273284649403, 37.20077962255734], [-3.593579305512134, 37.200559259582505], [-3.59361318280288, 37.200518071655274], [-3.59377479777282, 37.20041467434728], [-3.593911040009258, 37.20034561663704], [-3.594107282526025, 37.20029676561183], [-3.594457050448398, 37.200206104151235], [-3.59462744201449, 37.20013004164298], [-3.594771950041255, 37.200026733350114], [-3.594984377871076, 37.19986154974792], [-3.595205131093547, 37.199668971872704], [-3.595459897497423, 37.19945570587075], [-3.595715377892541, 37.19933132812869], [-3.595861024229237, 37.19920549131702], [-3.596117744866631, 37.19934950353872], [-3.596325435279045, 37.19946609356404], [-3.596841212487093, 37.19975554948069], [-3.597595473179344, 37.20017874788583], [-3.59738365567213, 37.200441496001254], [-3.597451480839637, 37.20047942285317], [-3.597641623785798, 37.20058575907751], [-3.597797869534751, 37.200671682605304], [-3.597948521087552, 37.20075349674006], [-3.598032380171747, 37.200799059198935], [-3.598201575989521, 37.20089104632477], [-3.598228648784773, 37.200868221398316], [-3.598284497136705, 37.200821161251646], [-3.598329866580011, 37.20078292011143], [-3.598366455489062, 37.20075209314396], [-3.59841709726964, 37.200709412990676], [-3.598438192066635, 37.20069230604196], [-3.598497599348523, 37.20064860445651], [-3.598522448738708, 37.20063035177489], [-3.598618246296123, 37.20056580980395], [-3.598692671389732, 37.200516182151404], [-3.598742005272807, 37.20048329315547], [-3.598826856034343, 37.20042670800724], [-3.598913953096319, 37.20036863314708], [-3.59898317221896, 37.2003224830886], [-3.599142626655638, 37.20021617338053], [-3.599393101187312, 37.199884409231814], [-3.599428399646326, 37.199835993153364], [-3.599605166966697, 37.19989360117965], [-3.599601043308672, 37.19990506982021], [-3.599437441060077, 37.20017438761008], [-3.599374202709795, 37.20027856678726], [-3.599126801574948, 37.20059944356204], [-3.599101146548107, 37.20063265465404], [-3.599035774064565, 37.20072141248766], [-3.598503112082541, 37.201350231888526], [-3.598480794157157, 37.20137657535202], [-3.598185757975615, 37.201829575350985], [-3.598111945956434, 37.20194296454084], [-3.597925685449361, 37.20236189248311], [-3.597765197839154, 37.20285981033548], [-3.597757630944546, 37.20288340206788], [-3.597712615770801, 37.20307550995587], [-3.597694621123809, 37.20315232330098], [-3.597234844831068, 37.20511601521921], [-3.597196024573746, 37.2053182062069], [-3.597154870764476, 37.20553161692682], [-3.597019871001261, 37.20622312997215], [-3.596919370809786, 37.206743599908854], [-3.596869474473272, 37.20700202529363], [-3.596799058812223, 37.2073717018252], [-3.596798061029426, 37.207376655527796], [-3.596739589422223, 37.20758376688207], [-3.596553680231195, 37.20787447933156], [-3.594630543010786, 37.21015497768191], [-3.594526595545228, 37.210141396184845], [-3.593771297029119, 37.21011813197526], [-3.593307929789266, 37.20994919363473], [-3.593208948304004, 37.2098652094653], [-3.593001637365856, 37.209689282355924], [-3.592704999328075, 37.20923106848441], [-3.59250054194252, 37.209024794145954], [-3.591729725050634, 37.208451744339115], [-3.591345206075534, 37.20828239980322], [-3.590950633047456, 37.20825729723739], [-3.590714809924724, 37.20836666651804], [-3.590331573117756, 37.2083595459427], [-3.588947350081569, 37.2086098219699], [-3.588486497587015, 37.208765342008874], [-3.58723621225344, 37.20885263131112], [-3.586773670795024, 37.20879184000981], [-3.586355392766128, 37.20862266360079], [-3.586355364488393, 37.208622650219795], [-3.585724808720288, 37.20868882716824], [-3.584597559275677, 37.20865834885862], [-3.58380916265566, 37.20871632377548], [-3.582760053581799, 37.20858626645586], [-3.582366134944693, 37.20865130707899], [-3.580917414527506, 37.20931643264435], [-3.580591429385664, 37.20942619601027], [-3.579972081648848, 37.209492332500105], [-3.578993645692141, 37.20975846789538], [-3.578205829513355, 37.20989755563432], [-3.577576800894315, 37.210171031407704], [-3.576857230030114, 37.21039988210283], [-3.576614842851098, 37.210202778030684], [-3.57600453793974, 37.210477467660304], [-3.575748133784473, 37.21063898378168], [-3.575761315395139, 37.21049009790956], [-3.575573776965853, 37.21029639738156]]]]}}, {"type": "Feature", "properties": {"CUSEC": "1808703033", "CDIS": "03", "CSEC": "033", "NMUN": "Granada", "poblaciones": {"2015": 1791, "2016": 1790, "2017": 1788, "2018": 1776, "2019": 1753, "2020": 1739, "2021": 1772, "2022": 1744, "2023": 1727, "2024": 1729, "2025": 1727}, "superficie_verde_m2": 9893, "estacion_cercana": {"name": "Granada Norte", "distancia_m": 800}, "superficie_verde_desglose": {"parques": 8457, "jardines": 1436, "arbolado": 0}, "centroide": [-3.60795, 37.202256], "equipamientos": {"sanidad": {"n_dentro": 2}, "educacion": {"n_dentro": 0, "mas_cercana_m": 471, "mas_cercana_name": "Colegio Escolapios Granada Cartuja"}, "agua": {"n_dentro": 1}, "reciclaje": {"n_dentro": 0, "mas_cercana_m": 551, "mas_cercana_name": "recycling"}, "aparcabicis": {"n_dentro": 0, "mas_cercana_m": 531, "mas_cercana_name": "bicycle_parking"}, "patrimonio": {"n_dentro": 0, "mas_cercana_m": 1402, "mas_cercana_name": "Mecánicas de la memoria. Diario Patria."}}, "renta": {"2015": 12950, "2016": 12950, "2017": 12950, "2018": 13650, "2019": 14350, "2020": 14350, "2021": 15050, "2022": 15750, "2023": 17150}, "vft": {"n_vfts": 0, "n_plazas": 0, "viviendas_total": 1051, "viviendas_fuente": "censo2021", "ratio_vft_pct": 0.0, "serie": {"2015": 0, "2016": 0, "2017": 0, "2018": 0, "2019": 0, "2020": 0, "2021": 0, "2022": 0, "2023": 0, "2024": 0, "2025": 0}}, "renta_med_uc": {"2015": 12950, "2016": 12950, "2017": 12950, "2018": 13650, "2019": 14350, "2020": 14350, "2021": 15050, "2022": 15750, "2023": 17150}, "renta_hogar": {"2015": 22103, "2016": 22656, "2017": 22828, "2018": 23235, "2019": 23929, "2020": 24494, "2021": 25608, "2022": 26669, "2023": 28270}, "renta_persona": {"2015": 9290, "2016": 9661, "2017": 9920, "2018": 10266, "2019": 10815, "2020": 11018, "2021": 11553, "2022": 12258, "2023": 13061}}, "geometry": {"type": "MultiPolygon", "coordinates": [[[[-3.606990123781897, 37.20384275116052], [-3.606327566583214, 37.20286641089011], [-3.606301278365607, 37.202816499804214], [-3.605976630168071, 37.20220116276232], [-3.605357257941172, 37.20102683161435], [-3.60821091264341, 37.19974590101728], [-3.608252131455948, 37.199808293331024], [-3.608415494336725, 37.20005551214189], [-3.608750955974364, 37.20055045941509], [-3.608774898396674, 37.200585855989814], [-3.608995259888417, 37.200903649882115], [-3.609695533517672, 37.20191365592244], [-3.609765067626502, 37.20201390850048], [-3.609777284719928, 37.20203234681433], [-3.609978924585079, 37.202336795287756], [-3.610034734282561, 37.20242096531], [-3.610283192372184, 37.202796085124234], [-3.610304404474063, 37.20282809806738], [-3.610623937553036, 37.20330247885774], [-3.610676076949735, 37.20337989347144], [-3.60979130392779, 37.203776197116454], [-3.60974761158424, 37.203795620901], [-3.607594025555726, 37.20473249270082], [-3.607372719536202, 37.20440650305266], [-3.606990123781897, 37.20384275116052]]]]}}, {"type": "Feature", "properties": {"CUSEC": "1808703034", "CDIS": "03", "CSEC": "034", "NMUN": "Granada", "poblaciones": {"2015": 1348, "2016": 1296, "2017": 1315, "2018": 1335, "2019": 1389, "2020": 1385, "2021": 1412, "2022": 1405, "2023": 1395, "2024": 1409, "2025": 1399}, "superficie_verde_m2": 12098, "estacion_cercana": {"name": "Granada Norte", "distancia_m": 1621}, "superficie_verde_desglose": {"parques": 7461, "jardines": 2527, "arbolado": 2110}, "centroide": [-3.618422, 37.209966], "equipamientos": {"sanidad": {"n_dentro": 1}, "educacion": {"n_dentro": 1}, "agua": {"n_dentro": 1}, "reciclaje": {"n_dentro": 0, "mas_cercana_m": 325, "mas_cercana_name": "recycling"}, "aparcabicis": {"n_dentro": 0, "mas_cercana_m": 754, "mas_cercana_name": "bicycle_parking"}, "patrimonio": {"n_dentro": 0, "mas_cercana_m": 2664, "mas_cercana_name": "Mecánicas de la memoria. Diario Patria."}}, "renta": {"2015": 5950, "2016": 5950, "2017": 6650, "2018": 6650, "2019": 5950, "2020": 5950, "2021": 6650, "2022": 8050, "2023": 8750}, "vft": {"n_vfts": 1, "n_plazas": 7, "viviendas_total": 644, "viviendas_fuente": "censo2021", "ratio_vft_pct": 0.16, "serie": {"2015": 0, "2016": 1, "2017": 1, "2018": 1, "2019": 1, "2020": 1, "2021": 1, "2022": 1, "2023": 1, "2024": 1, "2025": 1}}, "renta_med_uc": {"2015": 5950, "2016": 5950, "2017": 6650, "2018": 6650, "2019": 5950, "2020": 5950, "2021": 6650, "2022": 8050, "2023": 8750}, "renta_hogar": {"2015": 12422, "2016": 12241, "2017": 12122, "2018": 13084, "2019": 13605, "2020": 13646, "2021": 14650, "2022": 15640, "2023": 17450}, "renta_persona": {"2015": 5082, "2016": 5049, "2017": 4903, "2018": 5140, "2019": 5120, "2020": 5059, "2021": 5329, "2022": 5893, "2023": 6991}}, "geometry": {"type": "MultiPolygon", "coordinates": [[[[-3.61445566195791, 37.21233201321088], [-3.613924096348076, 37.21053858692513], [-3.614285619526867, 37.21048242780128], [-3.614737756908097, 37.210346524897126], [-3.615773765543747, 37.210140808254664], [-3.615773067867131, 37.21005495293151], [-3.615735737236156, 37.20986435102069], [-3.61568593790737, 37.209607035714065], [-3.615685550373278, 37.20955933850767], [-3.615946774446252, 37.20941488367975], [-3.616303101961601, 37.209231773757274], [-3.617098926856521, 37.20882695860479], [-3.617942215556344, 37.208393271158606], [-3.618560059244545, 37.20810385196677], [-3.619118266821395, 37.207814742169674], [-3.620264333385381, 37.2072735123134], [-3.623331367163115, 37.21035993174496], [-3.623267607619916, 37.21037473286297], [-3.623075656677043, 37.210418530203874], [-3.622073308055334, 37.210495951692764], [-3.620160880877837, 37.21092057174243], [-3.619213760642155, 37.21087144020863], [-3.618729490628124, 37.210910031163266], [-3.618179017080944, 37.21112922334931], [-3.616260200398458, 37.21215779191511], [-3.615664231870869, 37.21232316499128], [-3.615067365150011, 37.21238029463596], [-3.61445566195791, 37.21233201321088]]]]}}, {"type": "Feature", "properties": {"CUSEC": "1808703035", "CDIS": "03", "CSEC": "035", "NMUN": "Granada", "poblaciones": {"2015": 2376, "2016": 1830, "2017": 1837, "2018": 1811, "2019": 1789, "2020": 1752, "2021": 1612, "2022": 1601, "2023": 1541, "2024": 1531, "2025": 1519}, "superficie_verde_m2": 24772, "estacion_cercana": {"name": "Granada Norte", "distancia_m": 493}, "superficie_verde_desglose": {"parques": 19390, "jardines": 4125, "arbolado": 1257}, "centroide": [-3.609974, 37.199992], "equipamientos": {"sanidad": {"n_dentro": 1}, "educacion": {"n_dentro": 0, "mas_cercana_m": 564, "mas_cercana_name": "Escuela Infantil Gaviota"}, "agua": {"n_dentro": 6}, "reciclaje": {"n_dentro": 0, "mas_cercana_m": 298, "mas_cercana_name": "recycling"}, "aparcabicis": {"n_dentro": 0, "mas_cercana_m": 259, "mas_cercana_name": "bicycle_parking"}, "patrimonio": {"n_dentro": 0, "mas_cercana_m": 1391, "mas_cercana_name": "Mecánicas de la memoria. Diario Patria."}}, "renta": {"2015": 14350, "2016": 15050, "2017": 15750, "2018": 16450, "2019": 16450, "2020": 16450, "2021": 17850, "2022": 19250, "2023": 19250}, "vft": {"n_vfts": 2, "n_plazas": 11, "viviendas_total": 834, "viviendas_fuente": "censo2021", "ratio_vft_pct": 0.24, "serie": {"2015": 0, "2016": 0, "2017": 0, "2018": 0, "2019": 1, "2020": 1, "2021": 1, "2022": 1, "2023": 1, "2024": 2, "2025": 2}}, "renta_med_uc": {"2015": 14350, "2016": 15050, "2017": 15750, "2018": 16450, "2019": 16450, "2020": 16450, "2021": 17850, "2022": 19250, "2023": 19250}, "renta_hogar": {"2015": 23607, "2016": 24706, "2017": 25225, "2018": 25986, "2019": 26841, "2020": 28284, "2021": 29672, "2022": 31254, "2023": 32178}, "renta_persona": {"2015": 10883, "2016": 11428, "2017": 11642, "2018": 12232, "2019": 12816, "2020": 12751, "2021": 13445, "2022": 14405, "2023": 14909}}, "geometry": {"type": "MultiPolygon", "coordinates": [[[[-3.612591597220303, 37.2025124680513], [-3.611423571561378, 37.203029949477774], [-3.61087114014319, 37.203295144242816], [-3.610677759230807, 37.20338239068567], [-3.610676076949735, 37.20337989347144], [-3.610623937553036, 37.20330247885774], [-3.610304404474063, 37.20282809806738], [-3.610283192372184, 37.202796085124234], [-3.610034734282561, 37.20242096531], [-3.609978924585079, 37.202336795287756], [-3.609777284719928, 37.20203234681433], [-3.609765067626502, 37.20201390850048], [-3.609695533517672, 37.20191365592244], [-3.608995259888417, 37.200903649882115], [-3.608774898396674, 37.200585855989814], [-3.608750955974364, 37.20055045941509], [-3.608415494336725, 37.20005551214189], [-3.608252131455948, 37.199808293331024], [-3.60821091264341, 37.19974590101728], [-3.607827240495153, 37.199165139341126], [-3.607406218407703, 37.19834408181949], [-3.607390228527274, 37.198303951492804], [-3.607250384800728, 37.19795276944184], [-3.608210103836166, 37.1976751710572], [-3.608378497749285, 37.197626421372426], [-3.609703295638853, 37.197243281817464], [-3.609738695649018, 37.1972315797413], [-3.610337319846868, 37.197033889602864], [-3.610459773234124, 37.19722211708389], [-3.610468797195639, 37.19723100344714], [-3.610627417405281, 37.197387103296045], [-3.6110701504238, 37.19782282459046], [-3.611170710200677, 37.19792180765777], [-3.611213439773592, 37.19796386281306], [-3.611288114403349, 37.19803735706405], [-3.611414003798993, 37.19816128252407], [-3.611518727300538, 37.198264363189864], [-3.611605776994743, 37.19834719043616], [-3.611480472805738, 37.19840220425167], [-3.611431692378957, 37.19842322425972], [-3.610259502778687, 37.19894255649776], [-3.610690853050002, 37.19959971671273], [-3.610978230955775, 37.20003767483769], [-3.61107155257222, 37.200179858742175], [-3.611159540672957, 37.20031387186501], [-3.611257836041681, 37.200463638658114], [-3.611360139170665, 37.20061483953838], [-3.61145138053089, 37.20074272415989], [-3.611572778307041, 37.20091284218746], [-3.611677794270097, 37.2010600400841], [-3.611970595507775, 37.20147046147833], [-3.612681470645955, 37.20246681166135], [-3.612589524673813, 37.20250965198449], [-3.612591597220303, 37.2025124680513]]]]}}, {"type": "Feature", "properties": {"CUSEC": "1808703036", "CDIS": "03", "CSEC": "036", "NMUN": "Granada", "poblaciones": {"2015": 1901, "2016": 1893, "2017": 1843, "2018": 1842, "2019": 1822, "2020": 1762, "2021": 1752, "2022": 1706, "2023": 1693, "2024": 1680, "2025": 1696}, "superficie_verde_m2": 10547, "estacion_cercana": {"name": "Granada Norte", "distancia_m": 610}, "superficie_verde_desglose": {"parques": 6506, "jardines": 2590, "arbolado": 1450}, "centroide": [-3.613355, 37.201572], "equipamientos": {"sanidad": {"n_dentro": 1}, "educacion": {"n_dentro": 0, "mas_cercana_m": 580, "mas_cercana_name": "Centro de Estudios Superiores La Inmaculada"}, "agua": {"n_dentro": 0, "mas_cercana_m": 111, "mas_cercana_name": "fountain"}, "reciclaje": {"n_dentro": 0, "mas_cercana_m": 201, "mas_cercana_name": "recycling"}, "aparcabicis": {"n_dentro": 0, "mas_cercana_m": 238, "mas_cercana_name": "bicycle_parking"}, "patrimonio": {"n_dentro": 0, "mas_cercana_m": 1739, "mas_cercana_name": "Mecánicas de la memoria. Diario Patria."}}, "renta": {"2015": 12950, "2016": 13650, "2017": 14350, "2018": 15050, "2019": 15750, "2020": 16450, "2021": 17850, "2022": 18550, "2023": 19950}, "vft": {"n_vfts": 1, "n_plazas": 5, "viviendas_total": 891, "viviendas_fuente": "censo2021", "ratio_vft_pct": 0.11, "serie": {"2015": 0, "2016": 1, "2017": 1, "2018": 1, "2019": 1, "2020": 1, "2021": 1, "2022": 1, "2023": 1, "2024": 1, "2025": 1}}, "renta_med_uc": {"2015": 12950, "2016": 13650, "2017": 14350, "2018": 15050, "2019": 15750, "2020": 16450, "2021": 17850, "2022": 18550, "2023": 19950}, "renta_hogar": {"2015": 20255, "2016": 21888, "2017": 22685, "2018": 23402, "2019": 24443, "2020": 27167, "2021": 28412, "2022": 30307, "2023": 33995}, "renta_persona": {"2015": 9562, "2016": 10270, "2017": 10519, "2018": 10974, "2019": 11724, "2020": 12187, "2021": 13170, "2022": 14019, "2023": 15003}}, "geometry": {"type": "MultiPolygon", "coordinates": [[[[-3.612591597220303, 37.2025124680513], [-3.612589524673813, 37.20250965198449], [-3.612681470645955, 37.20246681166135], [-3.611970595507775, 37.20147046147833], [-3.611677794270097, 37.2010600400841], [-3.611572778307041, 37.20091284218746], [-3.61145138053089, 37.20074272415989], [-3.611360139170665, 37.20061483953838], [-3.611257836041681, 37.200463638658114], [-3.611159540672957, 37.20031387186501], [-3.61107155257222, 37.200179858742175], [-3.610978230955775, 37.20003767483769], [-3.610690853050002, 37.19959971671273], [-3.610259502778687, 37.19894255649776], [-3.611431692378957, 37.19842322425972], [-3.611480472805738, 37.19840220425167], [-3.611605776994743, 37.19834719043616], [-3.611864468955247, 37.19858148744063], [-3.611916475054758, 37.198628682872744], [-3.611948689091246, 37.19865988063941], [-3.612051838754669, 37.19875975546336], [-3.612174625087143, 37.198878657304], [-3.61227517446327, 37.198975998913454], [-3.612377639474657, 37.199073312504474], [-3.612490535770871, 37.19917941118727], [-3.612633164071447, 37.19931748094984], [-3.612693754112798, 37.19938167257958], [-3.612765675699331, 37.199457857263255], [-3.612861834741608, 37.19955972355458], [-3.612938064355252, 37.19964048297526], [-3.613001286240671, 37.19970748220227], [-3.613025943176841, 37.199734180230045], [-3.613079815477684, 37.1997924932439], [-3.613144351083244, 37.199862365561245], [-3.613220760547996, 37.19994508440441], [-3.613313420859346, 37.20004541802177], [-3.613454440691355, 37.20019807971753], [-3.613595478257955, 37.200350773597826], [-3.613803780237781, 37.20057626817726], [-3.613911832028254, 37.20069294954395], [-3.613935039384577, 37.200714503396334], [-3.613990888873743, 37.20076632918705], [-3.61402674439719, 37.200799612261804], [-3.614143337621047, 37.20090785351339], [-3.614275389324928, 37.201030413425215], [-3.614403206761537, 37.201149083979864], [-3.614601854123619, 37.201333464832274], [-3.614617507928624, 37.20134799437982], [-3.614763680116484, 37.20148367784055], [-3.614900151001379, 37.20161038847747], [-3.614922240452298, 37.20163089329785], [-3.61501365277551, 37.20171576402649], [-3.615115590595947, 37.20181040076128], [-3.615235559048225, 37.20192176024671], [-3.61547488405596, 37.202143931267706], [-3.615660424888443, 37.202316168052285], [-3.615793435071812, 37.20243958658463], [-3.61587230828529, 37.20251279913249], [-3.615961747040531, 37.2025958315034], [-3.616050368227279, 37.202678074826466], [-3.616088723331297, 37.20271503638626], [-3.61612293994543, 37.202750950400144], [-3.616231784176852, 37.20286517365846], [-3.616346351429776, 37.202985402796756], [-3.616456360947716, 37.20310080060981], [-3.616555621333265, 37.203208705057676], [-3.616270803915081, 37.203372896649306], [-3.615889478587867, 37.20359273146717], [-3.615065286260313, 37.204067718252446], [-3.614523082700478, 37.2043800776703], [-3.614113786945091, 37.20461583083968], [-3.613774551067773, 37.20413940201274], [-3.613385940946019, 37.203602635863994], [-3.6129083270494, 37.202942940136765], [-3.612591597220303, 37.2025124680513]]]]}}, {"type": "Feature", "properties": {"CUSEC": "1808703037", "CDIS": "03", "CSEC": "037", "NMUN": "Granada", "poblaciones": {"2015": 1770, "2016": 1783, "2017": 1826, "2018": 1826, "2019": 1813, "2020": 1850, "2021": 1847, "2022": 1868, "2023": 2031, "2024": 2054, "2025": 2034}, "superficie_verde_m2": 34745, "estacion_cercana": {"name": "Granada Norte", "distancia_m": 942}, "superficie_verde_desglose": {"parques": 31966, "jardines": 2131, "arbolado": 648}, "centroide": [-3.623015, 37.194255], "equipamientos": {"sanidad": {"n_dentro": 1}, "educacion": {"n_dentro": 0, "mas_cercana_m": 323, "mas_cercana_name": "Biblioteca de la Escuela Técnica Superior de Ingenierías Informática y de Telecomunicación"}, "agua": {"n_dentro": 4}, "reciclaje": {"n_dentro": 0, "mas_cercana_m": 164, "mas_cercana_name": "waste_disposal"}, "aparcabicis": {"n_dentro": 0, "mas_cercana_m": 318, "mas_cercana_name": "bicycle_parking"}, "patrimonio": {"n_dentro": 0, "mas_cercana_m": 2149, "mas_cercana_name": "Cripta de Fray Leopoldo de Alpandeire"}}, "renta": {"2015": 19250, "2016": 19950, "2017": 19950, "2018": 20650, "2019": 21350, "2020": 22750, "2021": 23450, "2022": 24150, "2023": 26250}, "vft": {"n_vfts": 7, "n_plazas": 33, "viviendas_total": 928, "viviendas_fuente": "censo2021", "ratio_vft_pct": 0.75, "serie": {"2015": 0, "2016": 2, "2017": 3, "2018": 3, "2019": 4, "2020": 4, "2021": 4, "2022": 4, "2023": 4, "2024": 5, "2025": 7}}, "renta_med_uc": {"2015": 19250, "2016": 19950, "2017": 19950, "2018": 20650, "2019": 21350, "2020": 22750, "2021": 23450, "2022": 24150, "2023": 26250}, "renta_hogar": {"2015": 33950, "2016": 36399, "2017": 36710, "2018": 38453, "2019": 38886, "2020": 40613, "2021": 42998, "2022": 43840, "2023": 46788}, "renta_persona": {"2015": 13371, "2016": 14047, "2017": 14249, "2018": 15084, "2019": 15464, "2020": 15908, "2021": 16982, "2022": 17765, "2023": 19058}}, "geometry": {"type": "MultiPolygon", "coordinates": [[[[-3.62160313746377, 37.1961206010762], [-3.621467471163625, 37.195881732788685], [-3.621464718148201, 37.19587688508597], [-3.619432379997786, 37.192298447216466], [-3.61989800056183, 37.19171709075151], [-3.620700365661557, 37.191958771637665], [-3.620945011534501, 37.19203242476374], [-3.620964212711503, 37.19203815707853], [-3.621486817574981, 37.19219523481809], [-3.621979951382698, 37.19234347801675], [-3.62201891990333, 37.192356619541464], [-3.62277525117368, 37.192610898782604], [-3.622843764823621, 37.1926338902496], [-3.623708993027612, 37.19298043233531], [-3.62391483406063, 37.193062905460664], [-3.62402547220784, 37.193112000647346], [-3.624311991294123, 37.193239312743486], [-3.624605567574219, 37.19336970577346], [-3.625017548247154, 37.19355269745874], [-3.62535728893289, 37.19370363220832], [-3.625407273872215, 37.19372579965762], [-3.625495189878294, 37.19377299787944], [-3.625783436384674, 37.19391119066723], [-3.626270561403313, 37.194144805580436], [-3.626537731522371, 37.194272917615685], [-3.626580498171725, 37.19429346056017], [-3.626616602431187, 37.194308832249405], [-3.627020606821052, 37.19448122258458], [-3.627341994081934, 37.194618277045315], [-3.627499444082777, 37.194685427564224], [-3.627037694046082, 37.19493259224377], [-3.625271613440894, 37.19586930000083], [-3.624562357345357, 37.19624175659921], [-3.624409277150552, 37.19630960235367], [-3.624157695132029, 37.19628857973521], [-3.622522596994108, 37.1961742621221], [-3.62160313746377, 37.1961206010762]]]]}}, {"type": "Feature", "properties": {"CUSEC": "1808703038", "CDIS": "03", "CSEC": "038", "NMUN": "Granada", "poblaciones": {"2015": 2455, "2016": 2483, "2017": 2470, "2018": 2471, "2019": 2430, "2020": 2403, "2021": 2338, "2022": 2329, "2023": 2307, "2024": 2342, "2025": 2313}, "superficie_verde_m2": 38620, "estacion_cercana": {"name": "Granada Norte", "distancia_m": 267}, "superficie_verde_desglose": {"parques": 30069, "jardines": 7955, "arbolado": 597}, "centroide": [-3.614789, 37.197799], "equipamientos": {"sanidad": {"n_dentro": 3}, "educacion": {"n_dentro": 1}, "agua": {"n_dentro": 3}, "reciclaje": {"n_dentro": 12}, "aparcabicis": {"n_dentro": 5}, "patrimonio": {"n_dentro": 0, "mas_cercana_m": 1686, "mas_cercana_name": "Mecánicas de la memoria. Diario Patria."}}, "renta": {"2015": 19250, "2016": 19250, "2017": 18550, "2018": 19950, "2019": 20650, "2020": 21350, "2021": 22750, "2022": 23450, "2023": 24150}, "vft": {"n_vfts": 4, "n_plazas": 24, "viviendas_total": 1135, "viviendas_fuente": "censo2021", "ratio_vft_pct": 0.35, "serie": {"2015": 0, "2016": 1, "2017": 1, "2018": 2, "2019": 2, "2020": 2, "2021": 2, "2022": 3, "2023": 4, "2024": 4, "2025": 4}}, "renta_med_uc": {"2015": 19250, "2016": 19250, "2017": 18550, "2018": 19950, "2019": 20650, "2020": 21350, "2021": 22750, "2022": 23450, "2023": 24150}, "renta_hogar": {"2015": 34327, "2016": 35212, "2017": 35271, "2018": 36311, "2019": 37303, "2020": 38102, "2021": 39952, "2022": 41760, "2023": 44151}, "renta_persona": {"2015": 13949, "2016": 14169, "2017": 14008, "2018": 14631, "2019": 15183, "2020": 15543, "2021": 16415, "2022": 17486, "2023": 18099}}, "geometry": {"type": "MultiPolygon", "coordinates": [[[[-3.611605776994743, 37.19834719043616], [-3.611518727300538, 37.198264363189864], [-3.611414003798993, 37.19816128252407], [-3.611288114403349, 37.19803735706405], [-3.611213439773592, 37.19796386281306], [-3.611170710200677, 37.19792180765777], [-3.6110701504238, 37.19782282459046], [-3.610627417405281, 37.197387103296045], [-3.610468797195639, 37.19723100344714], [-3.610459773234124, 37.19722211708389], [-3.610337319846868, 37.197033889602864], [-3.610211135173701, 37.196839926674784], [-3.611592162623833, 37.19644953651532], [-3.612041258894559, 37.19628707282217], [-3.613088986708316, 37.195881270943495], [-3.614036462335637, 37.19546266941634], [-3.614949745621662, 37.19493747519589], [-3.614991004291255, 37.19496567222272], [-3.615274754489163, 37.19515959067142], [-3.616766271450878, 37.19532213090001], [-3.618132452720073, 37.195465326843035], [-3.618028497112932, 37.19624329238949], [-3.617943568629449, 37.19687885108287], [-3.61774537656005, 37.19927671340384], [-3.617248078569946, 37.199602099047254], [-3.614601854123619, 37.201333464832274], [-3.614403206761537, 37.201149083979864], [-3.614275389324928, 37.201030413425215], [-3.614143337621047, 37.20090785351339], [-3.61402674439719, 37.200799612261804], [-3.613990888873743, 37.20076632918705], [-3.613935039384577, 37.200714503396334], [-3.613911832028254, 37.20069294954395], [-3.613803780237781, 37.20057626817726], [-3.613595478257955, 37.200350773597826], [-3.613454440691355, 37.20019807971753], [-3.613313420859346, 37.20004541802177], [-3.613220760547996, 37.19994508440441], [-3.613144351083244, 37.199862365561245], [-3.613079815477684, 37.1997924932439], [-3.613025943176841, 37.199734180230045], [-3.613001286240671, 37.19970748220227], [-3.612938064355252, 37.19964048297526], [-3.612861834741608, 37.19955972355458], [-3.612765675699331, 37.199457857263255], [-3.612693754112798, 37.19938167257958], [-3.612633164071447, 37.19931748094984], [-3.612490535770871, 37.19917941118727], [-3.612377639474657, 37.199073312504474], [-3.61227517446327, 37.198975998913454], [-3.612174625087143, 37.198878657304], [-3.612051838754669, 37.19875975546336], [-3.611948689091246, 37.19865988063941], [-3.611916475054758, 37.198628682872744], [-3.611864468955247, 37.19858148744063], [-3.611605776994743, 37.19834719043616]]]]}}, {"type": "Feature", "properties": {"CUSEC": "1808703039", "CDIS": "03", "CSEC": "039", "NMUN": "Granada", "poblaciones": {"2015": 1295, "2016": 1265, "2017": 1229, "2018": 1230, "2019": 1236, "2020": 1239, "2021": 1349, "2022": 1376, "2023": 1341, "2024": 1338, "2025": 1364}, "superficie_verde_m2": 5817, "estacion_cercana": {"name": "Granada Norte", "distancia_m": 1048}, "superficie_verde_desglose": {"parques": 5175, "jardines": 642, "arbolado": 0}, "centroide": [-3.609953, 37.2053], "equipamientos": {"sanidad": {"n_dentro": 0, "mas_cercana_m": 183, "mas_cercana_name": "Farmacia Baldomero Sierra"}, "educacion": {"n_dentro": 1}, "agua": {"n_dentro": 0, "mas_cercana_m": 320, "mas_cercana_name": "drinking_water"}, "reciclaje": {"n_dentro": 0, "mas_cercana_m": 577, "mas_cercana_name": "recycling"}, "aparcabicis": {"n_dentro": 0, "mas_cercana_m": 708, "mas_cercana_name": "bicycle_parking"}, "patrimonio": {"n_dentro": 0, "mas_cercana_m": 1768, "mas_cercana_name": "Mecánicas de la memoria. Diario Patria."}}, "renta": {"2015": 6650, "2016": 6650, "2017": 6650, "2018": 7350, "2019": 7350, "2020": 7350, "2021": 8750, "2022": 9450, "2023": 10150}, "vft": {"n_vfts": 0, "n_plazas": 0, "viviendas_total": 623, "viviendas_fuente": "censo2021", "ratio_vft_pct": 0.0, "serie": {"2015": 0, "2016": 0, "2017": 0, "2018": 0, "2019": 0, "2020": 0, "2021": 0, "2022": 0, "2023": 0, "2024": 0, "2025": 0}}, "renta_med_uc": {"2015": 6650, "2016": 6650, "2017": 6650, "2018": 7350, "2019": 7350, "2020": 7350, "2021": 8750, "2022": 9450, "2023": 10150}, "renta_hogar": {"2015": 14071, "2016": 14988, "2017": 14666, "2018": 15430, "2019": 15825, "2020": 16443, "2021": 18122, "2022": 19076, "2023": 20587}, "renta_persona": {"2015": 5480, "2016": 5845, "2017": 5773, "2018": 6047, "2019": 6386, "2020": 6453, "2021": 7202, "2022": 7723, "2023": 8231}}, "geometry": {"type": "MultiPolygon", "coordinates": [[[[-3.608710515784317, 37.2062713375044], [-3.607817768733366, 37.20506227330457], [-3.607594025555726, 37.20473249270082], [-3.60974761158424, 37.203795620901], [-3.60979130392779, 37.203776197116454], [-3.610676076949735, 37.20337989347144], [-3.610677759230807, 37.20338239068567], [-3.611412657209745, 37.204473365741244], [-3.611795648228843, 37.205041828940644], [-3.6122139124301, 37.205708131019726], [-3.611374130245529, 37.20619037036091], [-3.611008047094872, 37.20640049288747], [-3.611041251183609, 37.20644956676662], [-3.609998378673227, 37.207016260937515], [-3.609980645293137, 37.20699052270894], [-3.609817899007099, 37.207083936887535], [-3.609741466498055, 37.20712780474897], [-3.60946041120277, 37.20730733844633], [-3.609419835452531, 37.20733326317565], [-3.609371452777462, 37.20734412603835], [-3.609361282044004, 37.20732450085116], [-3.609352352684013, 37.20730789346596], [-3.609025910206424, 37.20669848781056], [-3.608710515784317, 37.2062713375044]]]]}}, {"type": "Feature", "properties": {"CUSEC": "1808703040", "CDIS": "03", "CSEC": "040", "NMUN": "Granada", "poblaciones": {"2015": 1101, "2016": 1106, "2017": 1121, "2018": 1117, "2019": 1101, "2020": 1075, "2021": 1195, "2022": 1185, "2023": 1183, "2024": 1172, "2025": 1160}, "superficie_verde_m2": 31475, "estacion_cercana": {"name": "Granada Norte", "distancia_m": 539}, "superficie_verde_desglose": {"parques": 21991, "jardines": 9102, "arbolado": 382}, "centroide": [-3.617799, 37.193513], "equipamientos": {"sanidad": {"n_dentro": 1}, "educacion": {"n_dentro": 5}, "agua": {"n_dentro": 3}, "reciclaje": {"n_dentro": 1}, "aparcabicis": {"n_dentro": 0, "mas_cercana_m": 331, "mas_cercana_name": "bicycle_parking"}, "patrimonio": {"n_dentro": 0, "mas_cercana_m": 1712, "mas_cercana_name": "Cripta de Fray Leopoldo de Alpandeire"}}, "renta": {"2015": 19950, "2016": 20650, "2017": 22050, "2018": 23450, "2019": 24850, "2020": 26250, "2021": 26950, "2022": 29050, "2023": 30450}, "vft": {"n_vfts": 2, "n_plazas": 12, "viviendas_total": 531, "viviendas_fuente": "censo2021", "ratio_vft_pct": 0.38, "serie": {"2015": 0, "2016": 0, "2017": 0, "2018": 0, "2019": 1, "2020": 1, "2021": 1, "2022": 1, "2023": 2, "2024": 2, "2025": 2}}, "renta_med_uc": {"2015": 19950, "2016": 20650, "2017": 22050, "2018": 23450, "2019": 24850, "2020": 26250, "2021": 26950, "2022": 29050, "2023": 30450}, "renta_hogar": {"2015": 39405, "2016": 40803, "2017": 42082, "2018": 45681, "2019": 48043, "2020": 49854, "2021": 50624, "2022": 52713, "2023": 62045}, "renta_persona": {"2015": 14487, "2016": 14898, "2017": 15358, "2018": 16955, "2019": 17758, "2020": 18350, "2021": 19109, "2022": 20590, "2023": 24993}}, "geometry": {"type": "MultiPolygon", "coordinates": [[[[-3.618028497112932, 37.19624329238949], [-3.618132452720073, 37.195465326843035], [-3.616766271450878, 37.19532213090001], [-3.615274754489163, 37.19515959067142], [-3.614991004291255, 37.19496567222272], [-3.615220187767302, 37.19478970908872], [-3.615080451459189, 37.19275310452372], [-3.615092823269418, 37.19274633658308], [-3.615084850656444, 37.19238619135081], [-3.615074779065314, 37.19193742687766], [-3.615072647943504, 37.191842772954374], [-3.615096535227864, 37.19158980994338], [-3.61510461382932, 37.19150370236002], [-3.615029078087839, 37.191415373348555], [-3.615154796735645, 37.19124499248391], [-3.61529017639329, 37.191061567632126], [-3.615322274848855, 37.19101752078585], [-3.615958588462671, 37.190144258875556], [-3.61823440456515, 37.19117176281905], [-3.618763770771409, 37.19135593686269], [-3.619128216487925, 37.19148277885365], [-3.619186622235119, 37.191503111157196], [-3.619216993699706, 37.19151205745588], [-3.619517291647866, 37.19160251409443], [-3.619856733427006, 37.191704677164054], [-3.61989800056183, 37.19171709075151], [-3.619432379997786, 37.192298447216466], [-3.621464718148201, 37.19587688508597], [-3.619693301527209, 37.196402705589996], [-3.618028497112932, 37.19624329238949]]]]}}, {"type": "Feature", "properties": {"CUSEC": "1808703041", "CDIS": "03", "CSEC": "041", "NMUN": "Granada", "poblaciones": {"2015": 2351, "2016": 2445, "2017": 2511, "2018": 2637, "2019": 2846, "2020": 1628, "2021": 1286, "2022": 1284, "2023": 1335, "2024": 1371, "2025": 1348}, "superficie_verde_m2": 17042, "estacion_cercana": {"name": "Granada Norte", "distancia_m": 637}, "superficie_verde_desglose": {"parques": 14694, "jardines": 1886, "arbolado": 461}, "centroide": [-3.619343, 37.198196], "equipamientos": {"sanidad": {"n_dentro": 0, "mas_cercana_m": 64, "mas_cercana_name": "Farmacia Osorio"}, "educacion": {"n_dentro": 2}, "agua": {"n_dentro": 0, "mas_cercana_m": 229, "mas_cercana_name": "drinking_water"}, "reciclaje": {"n_dentro": 0, "mas_cercana_m": 221, "mas_cercana_name": "recycling"}, "aparcabicis": {"n_dentro": 0, "mas_cercana_m": 309, "mas_cercana_name": "bicycle_parking"}, "patrimonio": {"n_dentro": 0, "mas_cercana_m": 2088, "mas_cercana_name": "Mecánicas de la memoria. Diario Patria."}}, "renta": {"2015": 17150, "2016": 16450, "2017": 17150, "2018": 17850, "2019": 19250, "2020": 18550, "2021": 19950, "2022": 21350, "2023": 22750}, "vft": {"n_vfts": 0, "n_plazas": 0, "viviendas_total": 725, "viviendas_fuente": "censo2021", "ratio_vft_pct": 0.0, "serie": {"2015": 0, "2016": 0, "2017": 0, "2018": 0, "2019": 0, "2020": 0, "2021": 0, "2022": 0, "2023": 0, "2024": 0, "2025": 0}}, "renta_med_uc": {"2015": 17150, "2016": 16450, "2017": 17150, "2018": 17850, "2019": 19250, "2020": 18550, "2021": 19950, "2022": 21350, "2023": 22750}, "renta_hogar": {"2015": 27833, "2016": 29151, "2017": 30069, "2018": 32393, "2019": 33552, "2020": 32485, "2021": 34136, "2022": 35571, "2023": 38854}, "renta_persona": {"2015": 11637, "2016": 11998, "2017": 12196, "2018": 13105, "2019": 13392, "2020": 13654, "2021": 14308, "2022": 15335, "2023": 15836}}, "geometry": {"type": "MultiPolygon", "coordinates": [[[[-3.617248078569946, 37.199602099047254], [-3.61774537656005, 37.19927671340384], [-3.617943568629449, 37.19687885108287], [-3.618028497112932, 37.19624329238949], [-3.619693301527209, 37.196402705589996], [-3.621464718148201, 37.19587688508597], [-3.621467471163625, 37.195881732788685], [-3.62160313746377, 37.1961206010762], [-3.622058309035831, 37.196922003447476], [-3.622050519567216, 37.19693148469593], [-3.622026139250569, 37.19696115965337], [-3.621990678182362, 37.19699950564699], [-3.621967142544412, 37.19703778811873], [-3.621919599417609, 37.197057117620545], [-3.621848520544831, 37.197114729551856], [-3.621741510862999, 37.197153450117746], [-3.621622497356188, 37.1971826940744], [-3.621491169502252, 37.1971643041112], [-3.621395771179874, 37.197164804546226], [-3.62124051424889, 37.19713699941631], [-3.621037089987314, 37.19705220689043], [-3.619708847345517, 37.19795590622966], [-3.619781020490563, 37.19803184736476], [-3.620081640195759, 37.19833554811915], [-3.620610711938079, 37.198867007570236], [-3.621114924456047, 37.199274576951964], [-3.620960444699985, 37.19934216508486], [-3.619631850611712, 37.200207705427346], [-3.618559077778635, 37.200848212506536], [-3.617248078569946, 37.199602099047254]]]]}}, {"type": "Feature", "properties": {"CUSEC": "1808703042", "CDIS": "03", "CSEC": "042", "NMUN": "Granada", "poblaciones": {"2015": 1107, "2016": 1094, "2017": 1074, "2018": 1065, "2019": 1041, "2020": 1026, "2021": 1060, "2022": 1063, "2023": 1055, "2024": 1062, "2025": 1054}, "superficie_verde_m2": 10009, "estacion_cercana": {"name": "Granada Norte", "distancia_m": 681}, "superficie_verde_desglose": {"parques": 3535, "jardines": 6288, "arbolado": 185}, "centroide": [-3.606207, 37.199419], "equipamientos": {"sanidad": {"n_dentro": 1}, "educacion": {"n_dentro": 0, "mas_cercana_m": 245, "mas_cercana_name": "Colegio Juan XXIII Cartuja"}, "agua": {"n_dentro": 0, "mas_cercana_m": 211, "mas_cercana_name": "drinking_water"}, "reciclaje": {"n_dentro": 0, "mas_cercana_m": 618, "mas_cercana_name": "recycling"}, "aparcabicis": {"n_dentro": 0, "mas_cercana_m": 235, "mas_cercana_name": "bicycle_parking"}, "patrimonio": {"n_dentro": 0, "mas_cercana_m": 1079, "mas_cercana_name": "Mecánicas de la memoria. Diario Patria."}}, "renta": {"2015": 11550, "2016": 12250, "2017": 12950, "2018": 13650, "2019": 13650, "2020": 13650, "2021": 15050, "2022": 15750, "2023": 17150}, "vft": {"n_vfts": 0, "n_plazas": 0, "viviendas_total": 659, "viviendas_fuente": "censo2021", "ratio_vft_pct": 0.0, "serie": {"2015": 0, "2016": 0, "2017": 0, "2018": 0, "2019": 0, "2020": 0, "2021": 0, "2022": 0, "2023": 0, "2024": 0, "2025": 0}}, "renta_med_uc": {"2015": 11550, "2016": 12250, "2017": 12950, "2018": 13650, "2019": 13650, "2020": 13650, "2021": 15050, "2022": 15750, "2023": 17150}, "renta_hogar": {"2015": 21625, "2016": 22522, "2017": 22972, "2018": 24157, "2019": 25282, "2020": 24328, "2021": 24984, "2022": 25423, "2023": 28834}, "renta_persona": {"2015": 8957, "2016": 9551, "2017": 9830, "2018": 10497, "2019": 11291, "2020": 10874, "2021": 11390, "2022": 11709, "2023": 13217}}, "geometry": {"type": "MultiPolygon", "coordinates": [[[[-3.604649714707165, 37.199665638101955], [-3.60458721232068, 37.19954451973867], [-3.604416760556822, 37.1990649501803], [-3.604358305310872, 37.19880105556315], [-3.605938754903112, 37.19833212303062], [-3.606011738813967, 37.1983109994956], [-3.607250384800728, 37.19795276944184], [-3.607390228527274, 37.198303951492804], [-3.607406218407703, 37.19834408181949], [-3.607827240495153, 37.199165139341126], [-3.60821091264341, 37.19974590101728], [-3.605357257941172, 37.20102683161435], [-3.605131336450496, 37.20059847210199], [-3.60511614268688, 37.20056905143963], [-3.604784212038265, 37.199926169725565], [-3.604649714707165, 37.199665638101955]]]]}}, {"type": "Feature", "properties": {"CUSEC": "1808703043", "CDIS": "03", "CSEC": "043", "NMUN": "Granada", "poblaciones": {"2015": 1623, "2016": 1661, "2017": 1710, "2018": 1733, "2019": 1726, "2020": 1743, "2021": 1799, "2022": 1789, "2023": 1836, "2024": 1841, "2025": 1777}, "superficie_verde_m2": 34253, "estacion_cercana": {"name": "Granada Norte", "distancia_m": 1273}, "superficie_verde_desglose": {"parques": 24940, "jardines": 6606, "arbolado": 2706}, "centroide": [-3.626891, 37.197511], "equipamientos": {"sanidad": {"n_dentro": 3}, "educacion": {"n_dentro": 2}, "agua": {"n_dentro": 4}, "reciclaje": {"n_dentro": 28}, "aparcabicis": {"n_dentro": 3}, "patrimonio": {"n_dentro": 0, "mas_cercana_m": 2630, "mas_cercana_name": "Cripta de Fray Leopoldo de Alpandeire"}}, "renta": {"2015": 20650, "2016": 21350, "2017": 22050, "2018": 22050, "2019": 24150, "2020": 24150, "2021": 24850, "2022": 26250, "2023": 27650}, "vft": {"n_vfts": 7, "n_plazas": 30, "viviendas_total": 884, "viviendas_fuente": "censo2021", "ratio_vft_pct": 0.79, "serie": {"2015": 0, "2016": 0, "2017": 1, "2018": 1, "2019": 1, "2020": 3, "2021": 3, "2022": 3, "2023": 3, "2024": 5, "2025": 6}}, "renta_med_uc": {"2015": 20650, "2016": 21350, "2017": 22050, "2018": 22050, "2019": 24150, "2020": 24150, "2021": 24850, "2022": 26250, "2023": 27650}, "renta_hogar": {"2015": 38001, "2016": 39082, "2017": 39439, "2018": 41760, "2019": 43216, "2020": 43903, "2021": 45083, "2022": 48140, "2023": 50446}, "renta_persona": {"2015": 14271, "2016": 14562, "2017": 14689, "2018": 15560, "2019": 16368, "2020": 16590, "2021": 17328, "2022": 18395, "2023": 19615}}, "geometry": {"type": "MultiPolygon", "coordinates": [[[[-3.622050519567216, 37.19693148469593], [-3.622058309035831, 37.196922003447476], [-3.62160313746377, 37.1961206010762], [-3.622522596994108, 37.1961742621221], [-3.624157695132029, 37.19628857973521], [-3.624409277150552, 37.19630960235367], [-3.624562357345357, 37.19624175659921], [-3.625271613440894, 37.19586930000083], [-3.627037694046082, 37.19493259224377], [-3.627499444082777, 37.194685427564224], [-3.630919552952944, 37.19614398672198], [-3.631138047638512, 37.19621703229762], [-3.631462408749397, 37.19631351835277], [-3.631875184565368, 37.19648229101993], [-3.630805917181787, 37.1988349215679], [-3.630027467316194, 37.199180560527275], [-3.630016494323005, 37.19916605680275], [-3.629839109047494, 37.19926419146099], [-3.628767992056114, 37.19979502050285], [-3.628386620352425, 37.19928306614775], [-3.627295169700381, 37.19981680934115], [-3.627295550238645, 37.1998173139117], [-3.6272385809604, 37.199863494012746], [-3.627111533742798, 37.199910501188164], [-3.626526111783843, 37.199162949766446], [-3.626121210262056, 37.199345700007974], [-3.626006726422762, 37.19939737103731], [-3.625752787068423, 37.19950991724409], [-3.625746003089712, 37.19949825834122], [-3.623873798807363, 37.20025946523259], [-3.624014225858414, 37.20069654267755], [-3.622050519567216, 37.19693148469593]]]]}}, {"type": "Feature", "properties": {"CUSEC": "1808703045", "CDIS": "03", "CSEC": "045", "NMUN": "Granada", "poblaciones": {"2015": 1897, "2016": 1920, "2017": 1889, "2018": 1894, "2019": 1891, "2020": 1910, "2021": 1948, "2022": 1889, "2023": 1907, "2024": 2007, "2025": 2009}, "superficie_verde_m2": 49048, "estacion_cercana": {"name": "Granada Norte", "distancia_m": 1222}, "superficie_verde_desglose": {"parques": 30631, "jardines": 4851, "arbolado": 13566}, "centroide": [-3.615869, 37.206816], "equipamientos": {"sanidad": {"n_dentro": 0, "mas_cercana_m": 265, "mas_cercana_name": "Farmacia Granados Martin"}, "educacion": {"n_dentro": 0, "mas_cercana_m": 371, "mas_cercana_name": "Centro de Estudios Superiores La Inmaculada"}, "agua": {"n_dentro": 6}, "reciclaje": {"n_dentro": 11}, "aparcabicis": {"n_dentro": 0, "mas_cercana_m": 566, "mas_cercana_name": "bicycle_parking"}, "patrimonio": {"n_dentro": 0, "mas_cercana_m": 2262, "mas_cercana_name": "Mecánicas de la memoria. Diario Patria."}}, "renta": {"2015": 5950, "2016": 5950, "2017": 6650, "2018": 7350, "2019": 7350, "2020": 7350, "2021": 8050, "2022": 8750, "2023": 10150}, "vft": {"n_vfts": 0, "n_plazas": 0, "viviendas_total": 930, "viviendas_fuente": "censo2021", "ratio_vft_pct": 0.0, "serie": {"2015": 0, "2016": 0, "2017": 0, "2018": 0, "2019": 0, "2020": 0, "2021": 0, "2022": 0, "2023": 0, "2024": 0, "2025": 0}}, "renta_med_uc": {"2015": 5950, "2016": 5950, "2017": 6650, "2018": 7350, "2019": 7350, "2020": 7350, "2021": 8050, "2022": 8750, "2023": 10150}, "renta_hogar": {"2015": 13713, "2016": 13917, "2017": 14593, "2018": 15042, "2019": 16062, "2020": 16049, "2021": 16938, "2022": 17863, "2023": 20730}, "renta_persona": {"2015": 5368, "2016": 5313, "2017": 5544, "2018": 5667, "2019": 6026, "2020": 6042, "2021": 6571, "2022": 6934, "2023": 7845}}, "geometry": {"type": "MultiPolygon", "coordinates": [[[[-3.6122139124301, 37.205708131019726], [-3.613097751402675, 37.20520060426281], [-3.613676655235925, 37.20486760853076], [-3.614113786945091, 37.20461583083968], [-3.614523082700478, 37.2043800776703], [-3.615065286260313, 37.204067718252446], [-3.615889478587867, 37.20359273146717], [-3.616270803915081, 37.203372896649306], [-3.616555621333265, 37.203208705057676], [-3.616803401470582, 37.20347878817785], [-3.617007645653506, 37.203699845158646], [-3.617280067725086, 37.203994722539704], [-3.617585229404735, 37.204324985117815], [-3.617763869756288, 37.204518315635816], [-3.617895368067095, 37.20466065544642], [-3.617941948559938, 37.20471107641651], [-3.6181068051281, 37.204889470032434], [-3.618230500986753, 37.20502436496512], [-3.618337836401456, 37.20514830665197], [-3.618416787763623, 37.20523597095203], [-3.618537655260464, 37.2053657820137], [-3.618651650686656, 37.205488211238624], [-3.618763549143102, 37.20560841493666], [-3.618796795381948, 37.20564110171001], [-3.618904950096782, 37.20574578113037], [-3.618979578940397, 37.205818016773875], [-3.619007568334139, 37.20584312406303], [-3.619118568460235, 37.20593737637317], [-3.619283784011811, 37.20607766435405], [-3.619385626800988, 37.206164122125216], [-3.619481643809956, 37.20624564357472], [-3.619441660444396, 37.206445582462656], [-3.620264333385381, 37.2072735123134], [-3.619118266821395, 37.207814742169674], [-3.618560059244545, 37.20810385196677], [-3.617942215556344, 37.208393271158606], [-3.617098926856521, 37.20882695860479], [-3.616303101961601, 37.209231773757274], [-3.615946774446252, 37.20941488367975], [-3.615685550373278, 37.20955933850767], [-3.61568593790737, 37.209607035714065], [-3.615735737236156, 37.20986435102069], [-3.615773067867131, 37.21005495293151], [-3.615773765543747, 37.210140808254664], [-3.614737756908097, 37.210346524897126], [-3.614285619526867, 37.21048242780128], [-3.613924096348076, 37.21053858692513], [-3.613920485944063, 37.210526406132516], [-3.613828583565469, 37.21021652065383], [-3.613631021496435, 37.20955022838481], [-3.613628020166337, 37.20953935054993], [-3.613571717685421, 37.20933548388871], [-3.613396905684172, 37.2087364166505], [-3.613263832195214, 37.20828063093374], [-3.613009410677144, 37.20740894006866], [-3.612966786252763, 37.207289274793226], [-3.612856217911939, 37.2069793226994], [-3.612823418322406, 37.2068873506428], [-3.612788956302118, 37.206814159679126], [-3.612431068665161, 37.20605388704065], [-3.6122139124301, 37.205708131019726]]]]}}, {"type": "Feature", "properties": {"CUSEC": "1808703046", "CDIS": "03", "CSEC": "046", "NMUN": "Granada", "poblaciones": {"2016": 526, "2017": 580, "2018": 599, "2019": 645, "2020": 673, "2021": 998, "2022": 977, "2023": 1008, "2024": 1003, "2025": 1019}, "superficie_verde_m2": 3732, "estacion_cercana": {"name": "Granada Norte", "distancia_m": 883}, "superficie_verde_desglose": {"parques": 3071, "jardines": 0, "arbolado": 661}, "centroide": [-3.612398, 37.204065], "equipamientos": {"sanidad": {"n_dentro": 1}, "educacion": {"n_dentro": 0, "mas_cercana_m": 291, "mas_cercana_name": "Centro de Estudios Superiores La Inmaculada"}, "agua": {"n_dentro": 0, "mas_cercana_m": 202, "mas_cercana_name": "fountain"}, "reciclaje": {"n_dentro": 0, "mas_cercana_m": 484, "mas_cercana_name": "recycling"}, "aparcabicis": {"n_dentro": 0, "mas_cercana_m": 517, "mas_cercana_name": "bicycle_parking"}, "patrimonio": {"n_dentro": 0, "mas_cercana_m": 1830, "mas_cercana_name": "Mecánicas de la memoria. Diario Patria."}}, "renta": {"2016": 12950, "2017": 12950, "2018": 12950, "2019": 13650, "2020": 13650, "2021": 15050, "2022": 15750, "2023": 18550}, "vft": {"n_vfts": 1, "n_plazas": 8, "viviendas_total": 572, "viviendas_fuente": "censo2021", "ratio_vft_pct": 0.17, "serie": {"2015": 0, "2016": 0, "2017": 0, "2018": 0, "2019": 0, "2020": 0, "2021": 0, "2022": 1, "2023": 1, "2024": 1, "2025": 1}}, "renta_med_uc": {"2016": 12950, "2017": 12950, "2018": 12950, "2019": 13650, "2020": 13650, "2021": 15050, "2022": 15750, "2023": 18550}, "renta_hogar": {"2016": 22268, "2017": 21294, "2018": 22182, "2019": 22590, "2020": 23085, "2021": 24144, "2022": 25883, "2023": 30143}, "renta_persona": {"2016": 9854, "2017": 9935, "2018": 10445, "2019": 10733, "2020": 10621, "2021": 11140, "2022": 11871, "2023": 13872}}, "geometry": {"type": "MultiPolygon", "coordinates": [[[[-3.610677759230807, 37.20338239068567], [-3.61087114014319, 37.203295144242816], [-3.611423571561378, 37.203029949477774], [-3.612591597220303, 37.2025124680513], [-3.6129083270494, 37.202942940136765], [-3.613385940946019, 37.203602635863994], [-3.613774551067773, 37.20413940201274], [-3.614113786945091, 37.20461583083968], [-3.613676655235925, 37.20486760853076], [-3.613097751402675, 37.20520060426281], [-3.6122139124301, 37.205708131019726], [-3.611795648228843, 37.205041828940644], [-3.611412657209745, 37.204473365741244], [-3.610677759230807, 37.20338239068567]]]]}}, {"type": "Feature", "properties": {"CUSEC": "1808703047", "CDIS": "03", "CSEC": "047", "NMUN": "Granada", "poblaciones": {"2020": 1238, "2021": 1595, "2022": 1635, "2023": 1596, "2024": 1587, "2025": 1611}, "superficie_verde_m2": 24325, "estacion_cercana": {"name": "Granada Norte", "distancia_m": 896}, "superficie_verde_desglose": {"parques": 19375, "jardines": 3856, "arbolado": 1095}, "centroide": [-3.621461, 37.200067], "equipamientos": {"sanidad": {"n_dentro": 2}, "educacion": {"n_dentro": 1}, "agua": {"n_dentro": 1}, "reciclaje": {"n_dentro": 0, "mas_cercana_m": 258, "mas_cercana_name": "recycling"}, "aparcabicis": {"n_dentro": 1}, "patrimonio": {"n_dentro": 0, "mas_cercana_m": 2327, "mas_cercana_name": "Mecánicas de la memoria. Diario Patria."}}, "renta": {"2020": 20650, "2021": 22050, "2022": 22750, "2023": 23450}, "vft": {"n_vfts": 0, "n_plazas": 0, "viviendas_total": 754, "viviendas_fuente": "censo2021", "ratio_vft_pct": 0.0, "serie": {"2015": 0, "2016": 0, "2017": 0, "2018": 0, "2019": 0, "2020": 0, "2021": 0, "2022": 0, "2023": 0, "2024": 0, "2025": 0}}, "renta_med_uc": {"2020": 20650, "2021": 22050, "2022": 22750, "2023": 23450}, "renta_hogar": {"2020": 37393, "2021": 39267, "2022": 40220, "2023": 42918}, "renta_persona": {"2020": 14215, "2021": 14770, "2022": 15180, "2023": 16625}}, "geometry": {"type": "MultiPolygon", "coordinates": [[[[-3.620726419607771, 37.20290816269566], [-3.618559077778635, 37.200848212506536], [-3.619631850611712, 37.200207705427346], [-3.620960444699985, 37.19934216508486], [-3.621114924456047, 37.199274576951964], [-3.620610711938079, 37.198867007570236], [-3.620081640195759, 37.19833554811915], [-3.619781020490563, 37.19803184736476], [-3.619708847345517, 37.19795590622966], [-3.621037089987314, 37.19705220689043], [-3.62124051424889, 37.19713699941631], [-3.621395771179874, 37.197164804546226], [-3.621491169502252, 37.1971643041112], [-3.621622497356188, 37.1971826940744], [-3.621741510862999, 37.197153450117746], [-3.621848520544831, 37.197114729551856], [-3.621919599417609, 37.197057117620545], [-3.621967142544412, 37.19703778811873], [-3.621990678182362, 37.19699950564699], [-3.622026139250569, 37.19696115965337], [-3.622050519567216, 37.19693148469593], [-3.624014225858414, 37.20069654267755], [-3.624094107661166, 37.20094517177965], [-3.624069943594634, 37.200907139305016], [-3.624034857841324, 37.20092847904113], [-3.62074724872974, 37.20292795821346], [-3.620726419607771, 37.20290816269566]]]]}}, {"type": "Feature", "properties": {"CUSEC": "1808704002", "CDIS": "04", "CSEC": "002", "NMUN": "Granada", "poblaciones": {"2015": 753, "2016": 729, "2017": 758, "2018": 746, "2019": 740, "2020": 699, "2021": 721, "2022": 709, "2023": 734, "2024": 704, "2025": 702}, "superficie_verde_m2": 564, "estacion_cercana": {"name": "Granada Palacio de Congresos", "distancia_m": 1257}, "superficie_verde_desglose": {"parques": 0, "jardines": 0, "arbolado": 564}, "centroide": [-3.595661, 37.177159], "equipamientos": {"sanidad": {"n_dentro": 2}, "educacion": {"n_dentro": 0, "mas_cercana_m": 287, "mas_cercana_name": "Centro Albayzín"}, "agua": {"n_dentro": 5}, "reciclaje": {"n_dentro": 6}, "aparcabicis": {"n_dentro": 1}, "patrimonio": {"n_dentro": 4}}, "renta": {"2015": 15750, "2016": 15750, "2017": 16450, "2018": 17150, "2019": 18550, "2020": 17150, "2021": 19950, "2022": 19950, "2023": 18550}, "vft": {"n_vfts": 180, "n_plazas": 750, "viviendas_total": 841, "viviendas_fuente": "censo2021", "ratio_vft_pct": 21.4, "serie": {"2015": 0, "2016": 14, "2017": 22, "2018": 56, "2019": 82, "2020": 86, "2021": 98, "2022": 107, "2023": 145, "2024": 176, "2025": 179}}, "renta_med_uc": {"2015": 15750, "2016": 15750, "2017": 16450, "2018": 17150, "2019": 18550, "2020": 17150, "2021": 19950, "2022": 19950, "2023": 18550}, "renta_hogar": {"2015": 25587, "2016": 25357, "2017": 26989, "2018": 27618, "2019": 31745, "2020": 28005, "2021": 30406, "2022": 31872, "2023": 34270}, "renta_persona": {"2015": 13020, "2016": 13041, "2017": 13898, "2018": 14249, "2019": 15961, "2020": 14706, "2021": 16001, "2022": 17103, "2023": 18263}}, "geometry": {"type": "MultiPolygon", "coordinates": [[[[-3.593487761577453, 37.177374475915656], [-3.593595137752612, 37.17731574888762], [-3.593685343119585, 37.17726818603726], [-3.593772849393459, 37.17722135776621], [-3.59369795366596, 37.177143440817666], [-3.593835177108147, 37.17705751742548], [-3.59395840545859, 37.176979037503905], [-3.594041895936508, 37.176907836302064], [-3.5941006762101, 37.17678897106774], [-3.594000530949037, 37.176709851331964], [-3.593907247830996, 37.17665899665791], [-3.59391381079245, 37.17664834974349], [-3.593838501285876, 37.17663279399989], [-3.593592662009043, 37.17658624515771], [-3.593479682681301, 37.17656203963599], [-3.59292152494142, 37.17645157177512], [-3.593003694312182, 37.17621403300538], [-3.5930274651361, 37.17614136011268], [-3.593045203094196, 37.17614658961326], [-3.593058369953592, 37.17613411590042], [-3.593064683625517, 37.17609517073274], [-3.593093441481293, 37.176096446501425], [-3.593443634249162, 37.176126728089876], [-3.593794035669458, 37.17615715091951], [-3.594302542947165, 37.17608704138902], [-3.594305879382067, 37.17608658296731], [-3.594439927955551, 37.17606678368456], [-3.594462342078129, 37.17606842536624], [-3.594655894249636, 37.17608204066861], [-3.594893991078757, 37.1761505392887], [-3.595356246635026, 37.17641771090211], [-3.595417580988301, 37.17645321634703], [-3.595421348851366, 37.176455338245034], [-3.595620731374871, 37.17656934795521], [-3.595917260766305, 37.17673897389957], [-3.596696680887555, 37.17630400152737], [-3.596748497055002, 37.17627507146321], [-3.596966300581872, 37.176153463104534], [-3.597013546202146, 37.17612708528753], [-3.597252176889669, 37.17599394528232], [-3.597422199127107, 37.175898947456915], [-3.597518233490762, 37.175845398537206], [-3.597545448528261, 37.175829572379726], [-3.597711419166317, 37.17613151017072], [-3.597921813120873, 37.176514065852466], [-3.59797897955116, 37.176618025490725], [-3.598057802640883, 37.17676138427169], [-3.598219160842544, 37.1770548713849], [-3.598287207698782, 37.17717866988458], [-3.598312882909872, 37.177225381625824], [-3.59843155564501, 37.17744121990005], [-3.598449034878505, 37.17747297366445], [-3.598315215054849, 37.17752124262114], [-3.59829625909828, 37.17752806730846], [-3.597656125649642, 37.17774998622802], [-3.597655747667826, 37.17774919490031], [-3.597604702817986, 37.177700938874], [-3.597134268797827, 37.17784538065506], [-3.596842249860455, 37.17789730164846], [-3.596578136368551, 37.1779443391465], [-3.596294621583856, 37.1779947953638], [-3.596201172831194, 37.17801141874253], [-3.596189481920856, 37.17796512203905], [-3.596155880741739, 37.17794610925593], [-3.59594010604284, 37.17797674988206], [-3.595538814337139, 37.178033735936765], [-3.595532274641573, 37.17803513443089], [-3.59542318991648, 37.17805839258564], [-3.595304991245222, 37.17808361191092], [-3.595235706939016, 37.178098358991114], [-3.595060289909597, 37.17824188163313], [-3.594812125763521, 37.1783113575447], [-3.594619632137111, 37.17834815265838], [-3.594599919821392, 37.17835556195572], [-3.594511197843684, 37.17839470346053], [-3.594435831761217, 37.178437004916525], [-3.594396872127847, 37.17845582784865], [-3.594012161813668, 37.17873918582762], [-3.593924056821469, 37.17858095720209], [-3.593873836053362, 37.17847225098544], [-3.593825943056899, 37.178404591967826], [-3.593796368157343, 37.17831055713216], [-3.593775554900292, 37.17824855839921], [-3.593734636957914, 37.17811418312631], [-3.593727125941302, 37.17809151443013], [-3.593699809856132, 37.17800898366509], [-3.593727743360076, 37.17799983417825], [-3.593646899109675, 37.1778276458729], [-3.593743281623472, 37.177788565780304], [-3.593671788173323, 37.17765316284527], [-3.593657561380301, 37.17765688931376], [-3.593634387493432, 37.177614211323416], [-3.593645080028904, 37.1776098580619], [-3.593528466049701, 37.17758304502042], [-3.593515854156939, 37.177588865453856], [-3.593492956914713, 37.17755763386418], [-3.59358460294016, 37.17751432751014], [-3.593535039803521, 37.177442728583486], [-3.59353209986402, 37.17743843911197], [-3.59350689765136, 37.17740214417242], [-3.593487761577453, 37.177374475915656]]]]}}, {"type": "Feature", "properties": {"CUSEC": "1808704003", "CDIS": "04", "CSEC": "003", "NMUN": "Granada", "poblaciones": {"2015": 1020, "2016": 981, "2017": 967, "2018": 938, "2019": 936, "2020": 934, "2021": 905, "2022": 896, "2023": 935, "2024": 915, "2025": 908}, "superficie_verde_m2": 138592, "estacion_cercana": {"name": "Granada Palacio de Congresos", "distancia_m": 1790}, "superficie_verde_desglose": {"parques": 1163, "jardines": 11949, "arbolado": 125480}, "centroide": [-3.587638, 37.179661], "equipamientos": {"sanidad": {"n_dentro": 0, "mas_cercana_m": 484, "mas_cercana_name": "Centro de Salud Albaycín"}, "educacion": {"n_dentro": 3}, "agua": {"n_dentro": 14}, "reciclaje": {"n_dentro": 0, "mas_cercana_m": 255, "mas_cercana_name": "recycling"}, "aparcabicis": {"n_dentro": 2}, "patrimonio": {"n_dentro": 14}}, "renta": {"2015": 12950, "2016": 14350, "2017": 15050, "2018": 15050, "2019": 15750, "2020": 15050, "2021": 15750, "2022": 17150, "2023": 17850}, "vft": {"n_vfts": 226, "n_plazas": 1076, "viviendas_total": 838, "viviendas_fuente": "censo2021", "ratio_vft_pct": 26.97, "serie": {"2015": 0, "2016": 24, "2017": 52, "2018": 81, "2019": 98, "2020": 108, "2021": 121, "2022": 143, "2023": 161, "2024": 208, "2025": 225}}, "renta_med_uc": {"2015": 12950, "2016": 14350, "2017": 15050, "2018": 15050, "2019": 15750, "2020": 15050, "2021": 15750, "2022": 17150, "2023": 17850}, "renta_hogar": {"2015": 24312, "2016": 26195, "2017": 25879, "2018": 26660, "2019": 28282, "2020": 27512, "2021": 29091, "2022": 30873, "2023": 31994}, "renta_persona": {"2015": 12019, "2016": 12563, "2017": 12982, "2018": 13603, "2019": 14527, "2020": 14285, "2021": 15490, "2022": 16291, "2023": 16999}}, "geometry": {"type": "MultiPolygon", "coordinates": [[[[-3.581739441167394, 37.178016843101815], [-3.581994172443897, 37.17814659130464], [-3.582001945812677, 37.17814958183767], [-3.582016784553628, 37.17815563849211], [-3.582078119217976, 37.178178594302786], [-3.582129980103933, 37.17819643609316], [-3.582161272437203, 37.178206414122286], [-3.582288834002175, 37.17824243566185], [-3.582321212054452, 37.178250028608666], [-3.582386765350947, 37.17826252077043], [-3.582441925593578, 37.17827136733014], [-3.582508435679014, 37.178280235587664], [-3.58255309335032, 37.17828496473794], [-3.582642511118012, 37.17829308930912], [-3.58270947474078, 37.17830072030113], [-3.582880230081966, 37.17832242451859], [-3.582993184846316, 37.178336780717366], [-3.583031146684847, 37.178341673335694], [-3.583153420885597, 37.17835584290516], [-3.583219838555848, 37.17836424609345], [-3.583242128481995, 37.17836740486407], [-3.583274998139867, 37.1783729850008], [-3.583307556840584, 37.178379878200694], [-3.583337628571043, 37.17838711354892], [-3.583339874660111, 37.17838767488199], [-3.58338232159635, 37.178399355406675], [-3.583424088239691, 37.178412661791306], [-3.583475127977697, 37.17843133181746], [-3.583480381451315, 37.178433302555284], [-3.5835459840641, 37.1784587515], [-3.583566003226514, 37.17846692327833], [-3.583595382340135, 37.17848003371145], [-3.583672267212352, 37.17851735257835], [-3.583799091215963, 37.17857521260692], [-3.583876454981343, 37.17861178982998], [-3.583895683563171, 37.17862188543629], [-3.583905315997526, 37.17862636301146], [-3.583915719923884, 37.17862935397592], [-3.583926759262194, 37.17863074181773], [-3.583937998153687, 37.178630979386206], [-3.583949154637894, 37.17863002390217], [-3.58396016681343, 37.178627882881955], [-3.583970875787743, 37.17862513490802], [-3.583981164823045, 37.17862183463997], [-3.583991306231304, 37.178617795948185], [-3.584001077577482, 37.17861324527977], [-3.58402959762619, 37.178598889581906], [-3.584042759857753, 37.1785912736513], [-3.585326675961567, 37.17863432867932], [-3.587474816013396, 37.178526993163], [-3.588112502368081, 37.178203674877366], [-3.588123395935116, 37.17821241399228], [-3.588288503973566, 37.17811859301335], [-3.588501933927062, 37.17799637739368], [-3.588747513931154, 37.17809656252844], [-3.588795401453704, 37.17811607971996], [-3.588831261114486, 37.17813166705623], [-3.588953595469587, 37.17824636379875], [-3.589015667605008, 37.17830453916678], [-3.589015536032244, 37.17830500404331], [-3.589273535430683, 37.17824798929108], [-3.589467410433075, 37.17829022647443], [-3.589682533711895, 37.17826807405354], [-3.589747105902882, 37.17826143925335], [-3.589947618872586, 37.17820461900585], [-3.59023996943459, 37.1782041077169], [-3.590257629670662, 37.178199309913], [-3.590299460925227, 37.178188061139075], [-3.590952493436135, 37.17822976254694], [-3.591078485079945, 37.17821874994557], [-3.591080728929946, 37.17818055713403], [-3.591089091142962, 37.178134012050066], [-3.591146006463893, 37.178033154095246], [-3.59117589597757, 37.1780205430776], [-3.591238218390896, 37.17799427712389], [-3.591270537433506, 37.177991163758804], [-3.591349081644809, 37.17801043228498], [-3.591377121977789, 37.17802940207766], [-3.591412035116506, 37.17805645559289], [-3.591426555662651, 37.17807521341931], [-3.591447949911602, 37.17810289236967], [-3.591463766743141, 37.17812825190438], [-3.591467492098659, 37.17821248742308], [-3.591800603432124, 37.17821082684154], [-3.591965154224532, 37.178120528925035], [-3.592003758348273, 37.17810012209731], [-3.592075824495248, 37.17806355807208], [-3.5921557935123, 37.17802863922982], [-3.592307382003161, 37.17805725556835], [-3.5926052102143, 37.178001657892054], [-3.592519612465434, 37.17781188367911], [-3.592598833676584, 37.17777272357201], [-3.592620715331693, 37.17776469080294], [-3.592684388752275, 37.17774129731479], [-3.592763042230448, 37.177714560366454], [-3.59275503944055, 37.17770027711179], [-3.592839638796329, 37.17766477667621], [-3.592904370810895, 37.17763761351555], [-3.593009069066221, 37.177593742014686], [-3.593053292789111, 37.17757520958163], [-3.593101763865335, 37.177554716954496], [-3.593103167468243, 37.17755413753793], [-3.59310774321428, 37.177552248729995], [-3.593336455098427, 37.17745598044057], [-3.593365746394902, 37.177440271041476], [-3.593487761577453, 37.177374475915656], [-3.59350689765136, 37.17740214417242], [-3.59353209986402, 37.17743843911197], [-3.593535039803521, 37.177442728583486], [-3.59358460294016, 37.17751432751014], [-3.593492956914713, 37.17755763386418], [-3.593515854156939, 37.177588865453856], [-3.593528466049701, 37.17758304502042], [-3.593645080028904, 37.1776098580619], [-3.593634387493432, 37.177614211323416], [-3.593657561380301, 37.17765688931376], [-3.593671788173323, 37.17765316284527], [-3.593743281623472, 37.177788565780304], [-3.593646899109675, 37.1778276458729], [-3.593727743360076, 37.17799983417825], [-3.593699809856132, 37.17800898366509], [-3.593727125941302, 37.17809151443013], [-3.593734636957914, 37.17811418312631], [-3.593775554900292, 37.17824855839921], [-3.593796368157343, 37.17831055713216], [-3.593825943056899, 37.178404591967826], [-3.593873836053362, 37.17847225098544], [-3.593924056821469, 37.17858095720209], [-3.594012161813668, 37.17873918582762], [-3.594396872127847, 37.17845582784865], [-3.594435831761217, 37.178437004916525], [-3.594640169444224, 37.17854602553905], [-3.59455678837913, 37.17857815891089], [-3.594449133935505, 37.17865397879024], [-3.594373599315173, 37.17870715737448], [-3.594311562299831, 37.17876906950419], [-3.594271131347366, 37.17880947935103], [-3.594218610453814, 37.17884945404459], [-3.594194931052225, 37.17886313800164], [-3.594092519535755, 37.17892237790788], [-3.59430579756234, 37.17914075207916], [-3.594104324235519, 37.17923105448129], [-3.59409287150353, 37.17923517272381], [-3.594222016857779, 37.179490430570425], [-3.594262435455202, 37.17957020028322], [-3.594377556325222, 37.17953988287663], [-3.594474041941028, 37.17951948234041], [-3.594555499373395, 37.17963273776101], [-3.594441240064121, 37.17968819203191], [-3.594387112641856, 37.17971441855431], [-3.594144705397532, 37.17988890461043], [-3.593873051637823, 37.179997152985], [-3.593836514639458, 37.18001904638485], [-3.593720862379812, 37.180057876069256], [-3.593578468078713, 37.18010850826677], [-3.593133088706799, 37.1802060258853], [-3.593106889024588, 37.180210109685575], [-3.592979732789594, 37.18024445316486], [-3.592866084160552, 37.180247716172374], [-3.592860631860454, 37.18027383003841], [-3.592852746343285, 37.18027386949439], [-3.592854183370817, 37.180307110530386], [-3.592860439267993, 37.18034936852002], [-3.592860073629143, 37.18036168350572], [-3.592859989426204, 37.18036244110503], [-3.592847045376572, 37.18042442319905], [-3.592705487632357, 37.180443870656035], [-3.592655848832833, 37.180450690178624], [-3.592479624981356, 37.18048645847967], [-3.592237245561783, 37.1805355193744], [-3.592260476867795, 37.18065335175006], [-3.592258690429583, 37.180655406863025], [-3.592061450275879, 37.180687592857446], [-3.591895684963902, 37.18072977198694], [-3.591728502653324, 37.18080983939485], [-3.591647298085855, 37.180949767569466], [-3.591671444191642, 37.18099303239003], [-3.59153002355483, 37.18107430043856], [-3.59121142739625, 37.18107230390344], [-3.591179569811791, 37.180915509784924], [-3.590502542341437, 37.18101291925722], [-3.590193754055811, 37.181057375353504], [-3.589495107622341, 37.18124713177375], [-3.589701802330599, 37.181090337294755], [-3.589365839062387, 37.181127341181515], [-3.589102671969977, 37.18115628061723], [-3.588946900516127, 37.18120477344451], [-3.588697844533664, 37.181240276161674], [-3.588694418485981, 37.18124010839661], [-3.588560763263998, 37.1812357506766], [-3.588335717955352, 37.1812281851408], [-3.588161552715202, 37.181211034399304], [-3.587757481332601, 37.18109966563341], [-3.587519040626368, 37.18110941423063], [-3.587293764359743, 37.18111852019933], [-3.587077468787812, 37.18105656785171], [-3.587036840106479, 37.181045005851466], [-3.586799355734007, 37.18105749753956], [-3.586728957057263, 37.18106127961119], [-3.586335930493339, 37.180948671353924], [-3.586072855738494, 37.18101938271248], [-3.585918938484965, 37.181094477205924], [-3.585736133427856, 37.18122483507669], [-3.585423865909324, 37.18144751675396], [-3.585220597484763, 37.18157307581144], [-3.584971193330274, 37.1816815634909], [-3.584817679881615, 37.18189264013994], [-3.584463948982175, 37.18175914905006], [-3.584212949697029, 37.18173081010241], [-3.584083084024102, 37.181925629591106], [-3.583993145555014, 37.18194922003511], [-3.583819585862743, 37.18188203118921], [-3.58366577543863, 37.181625702658344], [-3.583527131854223, 37.181544085689744], [-3.582889642845265, 37.181339236616566], [-3.582716324307411, 37.181324249687485], [-3.582405741596971, 37.181338398185844], [-3.581914622968447, 37.181492410036576], [-3.581848147767324, 37.18149799528102], [-3.581789920777592, 37.1814854497375], [-3.58188002596041, 37.181088952552706], [-3.582424087571697, 37.180836140165276], [-3.582380062621815, 37.18057123868839], [-3.582388646760685, 37.179828131374805], [-3.582222431497019, 37.179827563688946], [-3.582210976061317, 37.179829224475554], [-3.582166968907344, 37.17983671412652], [-3.582090155602622, 37.17985064410539], [-3.582048646748559, 37.17985941044519], [-3.582035863941456, 37.17986206026456], [-3.581992632602795, 37.17987229622015], [-3.581971173440692, 37.179877624351576], [-3.581917777449945, 37.17989184482891], [-3.581885607773798, 37.179899754883024], [-3.581852992956042, 37.179907057766], [-3.581820141834537, 37.179913515383035], [-3.581787050269839, 37.179918734742614], [-3.581755104300254, 37.179922766728986], [-3.581753770815411, 37.179922958063834], [-3.581720111152001, 37.179926079925245], [-3.581686440703589, 37.179927795641504], [-3.581663876343494, 37.17992797852687], [-3.58165284534853, 37.1799276982583], [-3.581619169404261, 37.1799257587936], [-3.581597090049064, 37.17992293310679], [-3.581564371049631, 37.179916504449764], [-3.581532166923789, 37.17990817039513], [-3.58151125948763, 37.179901710793736], [-3.581461904619852, 37.17988393306257], [-3.581439322725722, 37.179875800549176], [-3.581435559049041, 37.17987419649299], [-3.58140212219634, 37.179857882923464], [-3.581345258104693, 37.17982896459371], [-3.581317841970523, 37.179813297512], [-3.581291713439266, 37.17979659560619], [-3.581266453717981, 37.17977860132754], [-3.581250209343762, 37.17976614700921], [-3.581234602105754, 37.17975304055307], [-3.581219617551294, 37.17973960112682], [-3.581205441186211, 37.17972578004645], [-3.581185222429813, 37.17970406527072], [-3.581172500993145, 37.17968899311366], [-3.581160627338373, 37.179673560742735], [-3.581144683977834, 37.179649660721], [-3.581130978769196, 37.17962528189162], [-3.581119180014209, 37.17959977146359], [-3.581112652963052, 37.17958228470832], [-3.581107122448144, 37.179564738981], [-3.581100920802813, 37.17953825913415], [-3.581097318834901, 37.17951143662374], [-3.581095864749992, 37.17948411772303], [-3.581096439808401, 37.179465802900744], [-3.581097160469453, 37.17945678984334], [-3.581099579621034, 37.17943876343992], [-3.581101427062728, 37.17942992964398], [-3.581108774327063, 37.17940375292288], [-3.581119034119384, 37.17937763402903], [-3.581127731785007, 37.179360829781956], [-3.581132603603682, 37.17935268424652], [-3.581143654100622, 37.17933713943676], [-3.58115606684793, 37.179322218926536], [-3.581162978454659, 37.17931476197237], [-3.581177709407736, 37.17930099289926], [-3.581185776983416, 37.1792945849153], [-3.581194173732808, 37.17928850072262], [-3.581202980775317, 37.1792830355835], [-3.581269457333631, 37.17924920433394], [-3.581288905721251, 37.17924008137203], [-3.581308799388138, 37.179231880160444], [-3.581319084603738, 37.17922820245407], [-3.581350598178006, 37.17921849747379], [-3.581371375015718, 37.17921161698097], [-3.581391342751339, 37.17920352806749], [-3.58142100711158, 37.179190663710514], [-3.581430297411583, 37.179187256790485], [-3.581484442480585, 37.17917440298914], [-3.58152781361275, 37.17916481103608], [-3.581647271086127, 37.17913970742606], [-3.58165853562597, 37.179137404029476], [-3.58169136151281, 37.179131370240874], [-3.581713625572894, 37.17912819616737], [-3.58173603389886, 37.17912620672635], [-3.58176970762517, 37.17912423047552], [-3.581916062429975, 37.17911989355589], [-3.582050920266341, 37.17911472955817], [-3.582084584956823, 37.179112311574805], [-3.582118026816977, 37.17910801434989], [-3.58213975234128, 37.17910366200421], [-3.582150227096931, 37.17910046915082], [-3.582159856941857, 37.17909580665384], [-3.582168485862172, 37.179089896123756], [-3.582175953463833, 37.17908312234657], [-3.582180312738798, 37.17907499731452], [-3.582179421957184, 37.179066082308424], [-3.582174100766645, 37.17905822478278], [-3.582165707329636, 37.179052249157444], [-3.582155980054931, 37.17904788458234], [-3.582145472541093, 37.17904460552349], [-3.58211321458625, 37.17903655673226], [-3.582058905576027, 37.17902493312522], [-3.582014827380961, 37.17901723082131], [-3.581915450725274, 37.17900108262649], [-3.581893456637022, 37.178997002723136], [-3.581882717004086, 37.178994301678756], [-3.581872254222941, 37.178990977305745], [-3.581862045141885, 37.17898694859156], [-3.58185209401287, 37.178982769878296], [-3.581822851696308, 37.17896912200703], [-3.581781920334995, 37.17895383147685], [-3.581760921952077, 37.17894723264667], [-3.581707742961172, 37.178932376306825], [-3.581686833292423, 37.1789255922403], [-3.581676925961768, 37.17892124653761], [-3.581658254374471, 37.17891103966822], [-3.58164962640194, 37.17890532205719], [-3.581642144991459, 37.178898544175595], [-3.581608187861781, 37.17886280707647], [-3.581589350618311, 37.17884054023601], [-3.581571802657124, 37.17881746030851], [-3.581565561631325, 37.178810103041386], [-3.581557096326321, 37.17880429448473], [-3.581538174849146, 37.178794548538136], [-3.581508019827314, 37.1787823247777], [-3.581497724509342, 37.178778796733745], [-3.581455729025517, 37.178765746791804], [-3.581427004235092, 37.17875713512545], [-3.581302648699245, 37.17872366593285], [-3.581292706682834, 37.17872066796552], [-3.581283356211811, 37.17871695047988], [-3.581274480632471, 37.17871199123448], [-3.581266709666046, 37.17870637755928], [-3.581257954637144, 37.17869730281602], [-3.581250070078057, 37.178687890282795], [-3.581246916579769, 37.178682844373945], [-3.581243098957434, 37.17867492624691], [-3.581173077440603, 37.178593727888554], [-3.581161151904412, 37.17857870590716], [-3.581146112205935, 37.17855509440411], [-3.581129140193004, 37.17853217383693], [-3.581113572215052, 37.17850871455339], [-3.581107814236443, 37.178501171006225], [-3.581101119067157, 37.178494078249585], [-3.581079808696462, 37.17847393183674], [-3.581059847050986, 37.17845264393931], [-3.581039156865272, 37.17843183735468], [-3.581024864674802, 37.178418300758636], [-3.581017385639406, 37.17841181938667], [-3.581001396611819, 37.17839956659376], [-3.580976618010045, 37.178381808759845], [-3.580928740885621, 37.1783450219732], [-3.580912225824658, 37.17833321343464], [-3.580895045312456, 37.17832203463137], [-3.580887544016584, 37.17831558581065], [-3.580881084926606, 37.17830842427861], [-3.580875567660334, 37.178300681230986], [-3.58087114670733, 37.17829267140168], [-3.580863246377984, 37.17827603777806], [-3.580857007473939, 37.17826894277047], [-3.580851963608586, 37.17826123345707], [-3.580847839071391, 37.17825294724576], [-3.580833972791133, 37.178186149129694], [-3.580832990598673, 37.17818145763367], [-3.580827484709923, 37.17815533491631], [-3.580821824450751, 37.17813038387802], [-3.580767985659827, 37.17789591696729], [-3.580765570020955, 37.17786716953643], [-3.580765690648136, 37.17785276001401], [-3.580766504467575, 37.17783840117814], [-3.580768264364331, 37.17783137512767], [-3.580771801864298, 37.1778247865589], [-3.580776277023557, 37.17781854494133], [-3.580787007565223, 37.17780684170762], [-3.58079884977091, 37.17779614259552], [-3.580811603713932, 37.177786083516416], [-3.580825396790643, 37.177777119054156], [-3.580832703777109, 37.177772909738394], [-3.580848173213818, 37.17776572634147], [-3.580864693682997, 37.1777598673599], [-3.58087326353527, 37.17775801893575], [-3.580985565304726, 37.17775728445507], [-3.581739441167394, 37.178016843101815]]]]}}, {"type": "Feature", "properties": {"CUSEC": "1808705002", "CDIS": "05", "CSEC": "002", "NMUN": "Granada", "poblaciones": {"2015": 1279, "2016": 1220, "2017": 1153, "2018": 1154, "2019": 1170, "2020": 1198, "2021": 1274, "2022": 1239, "2023": 1281, "2024": 1274, "2025": 1266}, "superficie_verde_m2": 1218, "estacion_cercana": {"name": "Granada Palacio de Congresos", "distancia_m": 1581}, "superficie_verde_desglose": {"parques": 0, "jardines": 1218, "arbolado": 0}, "centroide": [-3.595607, 37.180112], "equipamientos": {"sanidad": {"n_dentro": 0, "mas_cercana_m": 322, "mas_cercana_name": "Centro de Salud Albaycín"}, "educacion": {"n_dentro": 2}, "agua": {"n_dentro": 9}, "reciclaje": {"n_dentro": 11}, "aparcabicis": {"n_dentro": 0, "mas_cercana_m": 320, "mas_cercana_name": "bicycle_parking"}, "patrimonio": {"n_dentro": 8}}, "renta": {"2015": 10850, "2016": 11550, "2017": 12250, "2018": 13650, "2019": 14350, "2020": 12250, "2021": 15050, "2022": 15050, "2023": 17850}, "vft": {"n_vfts": 195, "n_plazas": 917, "viviendas_total": 927, "viviendas_fuente": "censo2021", "ratio_vft_pct": 21.04, "serie": {"2015": 0, "2016": 17, "2017": 45, "2018": 75, "2019": 95, "2020": 103, "2021": 110, "2022": 119, "2023": 137, "2024": 190, "2025": 195}}, "renta_med_uc": {"2015": 10850, "2016": 11550, "2017": 12250, "2018": 13650, "2019": 14350, "2020": 12250, "2021": 15050, "2022": 15050, "2023": 17850}, "renta_hogar": {"2015": 24151, "2016": 24208, "2017": 25929, "2018": 27469, "2019": 28159, "2020": 27369, "2021": 28703, "2022": 30521, "2023": 32001}, "renta_persona": {"2015": 10996, "2016": 10861, "2017": 12042, "2018": 12693, "2019": 12931, "2020": 12383, "2021": 13430, "2022": 14295, "2023": 15353}}, "geometry": {"type": "MultiPolygon", "coordinates": [[[[-3.59153002355483, 37.18107430043856], [-3.591671444191642, 37.18099303239003], [-3.591647298085855, 37.180949767569466], [-3.591728502653324, 37.18080983939485], [-3.591895684963902, 37.18072977198694], [-3.592061450275879, 37.180687592857446], [-3.592258690429583, 37.180655406863025], [-3.592260476867795, 37.18065335175006], [-3.592237245561783, 37.1805355193744], [-3.592479624981356, 37.18048645847967], [-3.592655848832833, 37.180450690178624], [-3.592705487632357, 37.180443870656035], [-3.592847045376572, 37.18042442319905], [-3.592859989426204, 37.18036244110503], [-3.592860073629143, 37.18036168350572], [-3.592860439267993, 37.18034936852002], [-3.592854183370817, 37.180307110530386], [-3.592852746343285, 37.18027386949439], [-3.592860631860454, 37.18027383003841], [-3.592866084160552, 37.180247716172374], [-3.592979732789594, 37.18024445316486], [-3.593106889024588, 37.180210109685575], [-3.593133088706799, 37.1802060258853], [-3.593578468078713, 37.18010850826677], [-3.593720862379812, 37.180057876069256], [-3.593836514639458, 37.18001904638485], [-3.593873051637823, 37.179997152985], [-3.594144705397532, 37.17988890461043], [-3.594387112641856, 37.17971441855431], [-3.594441240064121, 37.17968819203191], [-3.594555499373395, 37.17963273776101], [-3.594474041941028, 37.17951948234041], [-3.594377556325222, 37.17953988287663], [-3.594262435455202, 37.17957020028322], [-3.594222016857779, 37.179490430570425], [-3.59409287150353, 37.17923517272381], [-3.594104324235519, 37.17923105448129], [-3.59430579756234, 37.17914075207916], [-3.594092519535755, 37.17892237790788], [-3.594194931052225, 37.17886313800164], [-3.594218610453814, 37.17884945404459], [-3.594271131347366, 37.17880947935103], [-3.594311562299831, 37.17876906950419], [-3.594373599315173, 37.17870715737448], [-3.594449133935505, 37.17865397879024], [-3.59455678837913, 37.17857815891089], [-3.594640169444224, 37.17854602553905], [-3.594435831761217, 37.178437004916525], [-3.594511197843684, 37.17839470346053], [-3.594599919821392, 37.17835556195572], [-3.594619632137111, 37.17834815265838], [-3.594812125763521, 37.1783113575447], [-3.595060289909597, 37.17824188163313], [-3.595235706939016, 37.178098358991114], [-3.595304991245222, 37.17808361191092], [-3.59542318991648, 37.17805839258564], [-3.595532274641573, 37.17803513443089], [-3.595538814337139, 37.178033735936765], [-3.59594010604284, 37.17797674988206], [-3.596155880741739, 37.17794610925593], [-3.596189481920856, 37.17796512203905], [-3.596201172831194, 37.17801141874253], [-3.596294621583856, 37.1779947953638], [-3.596578136368551, 37.1779443391465], [-3.596842249860455, 37.17789730164846], [-3.597134268797827, 37.17784538065506], [-3.597604702817986, 37.177700938874], [-3.597655747667826, 37.17774919490031], [-3.597656125649642, 37.17774998622802], [-3.597800179310317, 37.17806053004586], [-3.597805061131921, 37.17807104731789], [-3.597820220948549, 37.17810368272759], [-3.597846713117603, 37.17818043959318], [-3.597906469935654, 37.17826559102057], [-3.597955052204442, 37.17832935083996], [-3.598012442950006, 37.178404419345625], [-3.598028886270999, 37.17842107990453], [-3.598105517811966, 37.17849896728707], [-3.59820454801442, 37.17859941270875], [-3.598233970644175, 37.17862628820361], [-3.59828353319097, 37.178671582212736], [-3.598312910106791, 37.17869836777806], [-3.598324593522475, 37.178711397143445], [-3.598514220263603, 37.17892261422395], [-3.5985532674944, 37.17900851442052], [-3.598441738405515, 37.179046850133076], [-3.59838335952159, 37.17907799095874], [-3.598396432947218, 37.1791001354874], [-3.59841224142516, 37.1791269715213], [-3.598413992167372, 37.1791325558805], [-3.598404400679884, 37.17913624147971], [-3.598393753353314, 37.179140320013424], [-3.598423887943595, 37.17919971986489], [-3.598467319314595, 37.17928585934995], [-3.598439155763475, 37.17929582237586], [-3.598442611159069, 37.17930400317736], [-3.598404578772087, 37.17931962726829], [-3.59832753398148, 37.17935103269942], [-3.598308526221206, 37.1793306353015], [-3.598297114227424, 37.179319894127445], [-3.598291402462902, 37.179312720764585], [-3.598215599183948, 37.179214281869825], [-3.598162785960193, 37.17924338345835], [-3.598197271954314, 37.17931875227587], [-3.5981188728302, 37.17958217723714], [-3.5980616485545, 37.17959265554141], [-3.598128351417412, 37.17979505501621], [-3.598165471886097, 37.17995891020277], [-3.598187507218094, 37.180129082840736], [-3.598202551498905, 37.18032256586973], [-3.598204351639167, 37.18034598422243], [-3.598172266382009, 37.1804929846119], [-3.598167166487179, 37.180674995326804], [-3.598076242430554, 37.18107621766611], [-3.598046477294061, 37.18126907954303], [-3.598040165278529, 37.18156902676553], [-3.598040261795894, 37.18156983754011], [-3.597976002653598, 37.181578431326756], [-3.597825254693605, 37.181875044769235], [-3.597709011029408, 37.18129090260203], [-3.597623412994198, 37.18109461600891], [-3.597529793616584, 37.18113521769347], [-3.597521639315042, 37.18129507829533], [-3.59751348606767, 37.18145493347873], [-3.597082068780588, 37.18142234214152], [-3.597079645169154, 37.1814221515394], [-3.597074580592872, 37.18145570020178], [-3.59700435695128, 37.18145092417734], [-3.596681564614325, 37.181429120038025], [-3.596639086073031, 37.18172212284163], [-3.596109110700124, 37.18172690869355], [-3.596107956013674, 37.181726914502896], [-3.596050818067924, 37.181504748556854], [-3.595875303845391, 37.18150762166818], [-3.59543119772729, 37.181567797333734], [-3.595316797398337, 37.181581166686165], [-3.59531183336694, 37.18177203646896], [-3.595366769062438, 37.18191036542053], [-3.594776116013116, 37.18207215443099], [-3.594114791551186, 37.18212463843386], [-3.593897622222079, 37.18212914079878], [-3.593776036032537, 37.182366084275536], [-3.59377708986873, 37.18239133177156], [-3.593577716715125, 37.182349241937594], [-3.593404907297585, 37.182279066252875], [-3.593252065600751, 37.182186273313235], [-3.593034811655751, 37.181771897470966], [-3.5929017991276, 37.18151826678171], [-3.592713545067265, 37.181475953076614], [-3.592703399330848, 37.181473659282645], [-3.592690849641753, 37.181470806024016], [-3.592386121284716, 37.18150145607062], [-3.592316132043708, 37.18150848987178], [-3.592259833969103, 37.18126619764907], [-3.5922199660107, 37.18109461579682], [-3.592115023622713, 37.181113658688794], [-3.591810838888083, 37.18114611274937], [-3.591600357904368, 37.18115561632557], [-3.591524086944486, 37.18112635451048], [-3.59153002355483, 37.18107430043856]]]]}}, {"type": "Feature", "properties": {"CUSEC": "1808706001", "CDIS": "06", "CSEC": "001", "NMUN": "Granada", "poblaciones": {"2015": 1169, "2016": 1153, "2017": 1152, "2018": 1191, "2019": 1147, "2020": 1146, "2021": 1304, "2022": 1295, "2023": 1289, "2024": 1281, "2025": 1239}, "superficie_verde_m2": 8330, "estacion_cercana": {"name": "Granada Palacio de Congresos", "distancia_m": 809}, "superficie_verde_desglose": {"parques": 5712, "jardines": 2387, "arbolado": 231}, "centroide": [-3.595074, 37.172815], "equipamientos": {"sanidad": {"n_dentro": 2}, "educacion": {"n_dentro": 1}, "agua": {"n_dentro": 9}, "reciclaje": {"n_dentro": 11}, "aparcabicis": {"n_dentro": 2}, "patrimonio": {"n_dentro": 2}}, "renta": {"2015": 17150, "2016": 17850, "2017": 17150, "2018": 17150, "2019": 18550, "2020": 17150, "2021": 18550, "2022": 18550, "2023": 20650}, "vft": {"n_vfts": 85, "n_plazas": 426, "viviendas_total": 841, "viviendas_fuente": "censo2021", "ratio_vft_pct": 10.11, "serie": {"2015": 0, "2016": 5, "2017": 18, "2018": 23, "2019": 30, "2020": 31, "2021": 37, "2022": 45, "2023": 60, "2024": 82, "2025": 84}}, "renta_med_uc": {"2015": 17150, "2016": 17850, "2017": 17150, "2018": 17150, "2019": 18550, "2020": 17150, "2021": 18550, "2022": 18550, "2023": 20650}, "renta_hogar": {"2015": 31590, "2016": 31844, "2017": 31481, "2018": 33455, "2019": 37902, "2020": 31651, "2021": 33875, "2022": 34357, "2023": 37591}, "renta_persona": {"2015": 13515, "2016": 13875, "2017": 14307, "2018": 14859, "2019": 17766, "2020": 15028, "2021": 16416, "2022": 16718, "2023": 18045}}, "geometry": {"type": "MultiPolygon", "coordinates": [[[[-3.593548618521165, 37.17365838306871], [-3.593675483989746, 37.1735847167194], [-3.593872884248931, 37.17345439148666], [-3.594012748219889, 37.173362018607506], [-3.594005611571756, 37.17335474400223], [-3.593737907711171, 37.1730856881082], [-3.59358809405383, 37.17291181700766], [-3.593838564117872, 37.172794368425336], [-3.594050672218795, 37.17269498647142], [-3.594221637105223, 37.1726149157147], [-3.594380164076379, 37.17254051743708], [-3.594289653113687, 37.17218556423931], [-3.594250587041235, 37.172057201087405], [-3.594211881770211, 37.17197575867255], [-3.593741434454495, 37.17139516020829], [-3.593713180963798, 37.17136022274768], [-3.593690137854193, 37.171331132721456], [-3.593399594853325, 37.1709634821506], [-3.593541932990147, 37.170843032207735], [-3.593566735067229, 37.170860854922125], [-3.593811799224965, 37.170663758380854], [-3.594181472048902, 37.17088135114034], [-3.594256143298901, 37.17093695025596], [-3.59464913708907, 37.17118005238786], [-3.594978497218044, 37.17132468249307], [-3.595008772395315, 37.17133797040322], [-3.595246269209752, 37.17146768665677], [-3.595389042130995, 37.17137634766475], [-3.595433576535696, 37.17134784325482], [-3.595472778422287, 37.17132220414545], [-3.595763680919756, 37.171131890664995], [-3.595764145772812, 37.1711322759314], [-3.59594553465655, 37.17131983199209], [-3.59597539612114, 37.17135069910504], [-3.596104393035265, 37.17148763778109], [-3.596743241478789, 37.17216550380874], [-3.596661005230383, 37.172269312500106], [-3.597064909279827, 37.17245181783053], [-3.597023573530389, 37.17260497171701], [-3.597015034652967, 37.17263654582771], [-3.596972174603556, 37.17286013851973], [-3.596967288143478, 37.17288118836954], [-3.596856060823209, 37.17287436527909], [-3.596728253776668, 37.172850674690146], [-3.596671288641107, 37.172831891459566], [-3.596588261465458, 37.17278778378975], [-3.596465448182445, 37.172912844393224], [-3.596418118833318, 37.17290756153034], [-3.596227037937393, 37.173093778652344], [-3.596250374518625, 37.17310985043064], [-3.596241926398887, 37.17311775768419], [-3.596050687549323, 37.173295460658295], [-3.595872067331939, 37.173461396046946], [-3.596052773830847, 37.173572803833615], [-3.596192424980738, 37.173670851796736], [-3.596200346494017, 37.17367548120853], [-3.596315279543473, 37.17374304173787], [-3.59609899347735, 37.17401490970996], [-3.59617148295092, 37.17404816374997], [-3.596026077416278, 37.17418345579806], [-3.596025524338773, 37.17418403097107], [-3.595794621117081, 37.17442503213984], [-3.5956187172873, 37.17461740874848], [-3.595535021634262, 37.17470874945004], [-3.595290394915502, 37.17456827089608], [-3.5949898173358, 37.17482462796917], [-3.594935722442909, 37.174851665849296], [-3.594833062502607, 37.17464324411956], [-3.594766115040398, 37.17454026946223], [-3.594686557144108, 37.17441790487231], [-3.594399298974347, 37.17450162448384], [-3.594199689654769, 37.174559962077495], [-3.593620240641429, 37.174075826515875], [-3.593453381853163, 37.17389386494255], [-3.593337251477974, 37.173767248581086], [-3.593455221199182, 37.17371266464959], [-3.593548618521165, 37.17365838306871]]]]}}, {"type": "Feature", "properties": {"CUSEC": "1808706003", "CDIS": "06", "CSEC": "003", "NMUN": "Granada", "poblaciones": {"2015": 875, "2016": 875, "2017": 870, "2018": 865, "2019": 855, "2020": 871, "2021": 872, "2022": 891, "2023": 917, "2024": 892, "2025": 918}, "superficie_verde_m2": 16134, "estacion_cercana": {"name": "Granada Palacio de Congresos", "distancia_m": 539}, "superficie_verde_desglose": {"parques": 16087, "jardines": 47, "arbolado": 0}, "centroide": [-3.594643, 37.169825], "equipamientos": {"sanidad": {"n_dentro": 0, "mas_cercana_m": 116, "mas_cercana_name": "Farmacia Carrera de la Virgen"}, "educacion": {"n_dentro": 1}, "agua": {"n_dentro": 5}, "reciclaje": {"n_dentro": 7}, "aparcabicis": {"n_dentro": 2}, "patrimonio": {"n_dentro": 0, "mas_cercana_m": 209, "mas_cercana_name": "Cuarto Real de Santo Domingo"}}, "renta": {"2015": 16450, "2016": 16450, "2017": 17150, "2018": 19950, "2019": 20650, "2020": 21350, "2021": 21350, "2022": 22750, "2023": 22750}, "vft": {"n_vfts": 37, "n_plazas": 189, "viviendas_total": 637, "viviendas_fuente": "censo2021", "ratio_vft_pct": 5.81, "serie": {"2015": 0, "2016": 1, "2017": 4, "2018": 11, "2019": 19, "2020": 19, "2021": 20, "2022": 21, "2023": 28, "2024": 33, "2025": 37}}, "renta_med_uc": {"2015": 16450, "2016": 16450, "2017": 17150, "2018": 19950, "2019": 20650, "2020": 21350, "2021": 21350, "2022": 22750, "2023": 22750}, "renta_hogar": {"2015": 32216, "2016": 33043, "2017": 33127, "2018": 30480, "2019": 38524, "2020": 36020, "2021": 39308, "2022": 39880, "2023": 41184}, "renta_persona": {"2015": 14599, "2016": 14741, "2017": 14671, "2018": 13835, "2019": 17610, "2020": 16698, "2021": 18319, "2022": 18389, "2023": 19508}}, "geometry": {"type": "MultiPolygon", "coordinates": [[[[-3.593811799224965, 37.170663758380854], [-3.593174108793652, 37.17012632358406], [-3.593444754759548, 37.16986461689319], [-3.592968544182872, 37.16991403247951], [-3.592676635414389, 37.16980461655338], [-3.592678561585437, 37.16915589169685], [-3.592725080348615, 37.169154348379806], [-3.592962945967744, 37.16914653483144], [-3.593123021037398, 37.16914126905983], [-3.593242251757803, 37.169137220736964], [-3.593385355522908, 37.16912099647287], [-3.593521224252919, 37.16910560691821], [-3.593579327620785, 37.1690990015482], [-3.593651628566067, 37.16909003635915], [-3.593726732965592, 37.16907746047763], [-3.593886014677747, 37.16905072530594], [-3.594058592806421, 37.1690217833304], [-3.594167702631034, 37.1690034750261], [-3.594323318673048, 37.168976149199715], [-3.594659786409793, 37.16881649735004], [-3.595011768323674, 37.168649492316284], [-3.595345915943077, 37.1684909543901], [-3.595669350796147, 37.16833749019417], [-3.596001514948405, 37.1681798843307], [-3.596044712556508, 37.16823743443768], [-3.596276361772168, 37.16854284825476], [-3.596277072487482, 37.16854513875167], [-3.595908499992519, 37.1686550368841], [-3.595912985570618, 37.16868922260807], [-3.595933890579596, 37.16884837843267], [-3.595951235498246, 37.168980319839164], [-3.595967061063569, 37.16910093913548], [-3.595971347540998, 37.16914476186365], [-3.595979151634835, 37.1692248619278], [-3.595988636141883, 37.16932186477688], [-3.595991742640807, 37.16935383997633], [-3.59599857159504, 37.1694237906262], [-3.596006019237445, 37.16950008855316], [-3.596010784516292, 37.169549079321065], [-3.596015455999658, 37.16959745670407], [-3.5956934994765, 37.16982217487769], [-3.595546498308779, 37.169950731926555], [-3.595379085391376, 37.17007686742], [-3.595235293005802, 37.17018512186676], [-3.595446955549387, 37.1703711970889], [-3.595725957931146, 37.17061641703188], [-3.59607824996368, 37.17092608037673], [-3.595763680919756, 37.171131890664995], [-3.595472778422287, 37.17132220414545], [-3.595433576535696, 37.17134784325482], [-3.595389042130995, 37.17137634766475], [-3.595246269209752, 37.17146768665677], [-3.595008772395315, 37.17133797040322], [-3.594978497218044, 37.17132468249307], [-3.59464913708907, 37.17118005238786], [-3.594256143298901, 37.17093695025596], [-3.594181472048902, 37.17088135114034], [-3.593811799224965, 37.170663758380854]]]]}}, {"type": "Feature", "properties": {"CUSEC": "1808706004", "CDIS": "06", "CSEC": "004", "NMUN": "Granada", "poblaciones": {"2015": 874, "2016": 850, "2017": 856, "2018": 870, "2019": 882, "2020": 845, "2021": 872, "2022": 877, "2023": 886, "2024": 881, "2025": 919}, "superficie_verde_m2": 1539, "estacion_cercana": {"name": "Granada Palacio de Congresos", "distancia_m": 825}, "superficie_verde_desglose": {"parques": 0, "jardines": 1539, "arbolado": 0}, "centroide": [-3.593228, 37.172191], "equipamientos": {"sanidad": {"n_dentro": 1}, "educacion": {"n_dentro": 1}, "agua": {"n_dentro": 0, "mas_cercana_m": 100, "mas_cercana_name": "drinking_water"}, "reciclaje": {"n_dentro": 1}, "aparcabicis": {"n_dentro": 1}, "patrimonio": {"n_dentro": 0, "mas_cercana_m": 175, "mas_cercana_name": "Cuarto Real de Santo Domingo"}}, "renta": {"2015": 15050, "2016": 15050, "2017": 16450, "2018": 17150, "2019": 15750, "2020": 16450, "2021": 17850, "2022": 18550, "2023": 19950}, "vft": {"n_vfts": 56, "n_plazas": 277, "viviendas_total": 630, "viviendas_fuente": "censo2021", "ratio_vft_pct": 8.89, "serie": {"2015": 0, "2016": 6, "2017": 12, "2018": 21, "2019": 30, "2020": 31, "2021": 36, "2022": 39, "2023": 51, "2024": 56, "2025": 56}}, "renta_med_uc": {"2015": 15050, "2016": 15050, "2017": 16450, "2018": 17150, "2019": 15750, "2020": 16450, "2021": 17850, "2022": 18550, "2023": 19950}, "renta_hogar": {"2015": 25269, "2016": 25184, "2017": 26542, "2018": 27688, "2019": 27369, "2020": 27587, "2021": 29283, "2022": 30115, "2023": 32120}, "renta_persona": {"2015": 11410, "2016": 11702, "2017": 11984, "2018": 12756, "2019": 12708, "2020": 12966, "2021": 13660, "2022": 14467, "2023": 15422}}, "geometry": {"type": "MultiPolygon", "coordinates": [[[[-3.592128821774412, 37.17233976623279], [-3.591909424672994, 37.1721257171595], [-3.592131850394639, 37.17197985578604], [-3.592203026734071, 37.17193322292849], [-3.592515201196124, 37.17170326651235], [-3.592508014022275, 37.17169525291535], [-3.59233860189926, 37.17153668935661], [-3.592513999457655, 37.17136586269338], [-3.592546416366887, 37.17133684666204], [-3.59260596100275, 37.17128364190047], [-3.592633776590063, 37.17125680771838], [-3.593127703266091, 37.17078056582004], [-3.593399594853325, 37.1709634821506], [-3.593690137854193, 37.171331132721456], [-3.593713180963798, 37.17136022274768], [-3.593741434454495, 37.17139516020829], [-3.594211881770211, 37.17197575867255], [-3.594250587041235, 37.172057201087405], [-3.594289653113687, 37.17218556423931], [-3.594380164076379, 37.17254051743708], [-3.594221637105223, 37.1726149157147], [-3.594050672218795, 37.17269498647142], [-3.593838564117872, 37.172794368425336], [-3.59358809405383, 37.17291181700766], [-3.593737907711171, 37.1730856881082], [-3.594005611571756, 37.17335474400223], [-3.594012748219889, 37.173362018607506], [-3.593872884248931, 37.17345439148666], [-3.593675483989746, 37.1735847167194], [-3.593548618521165, 37.17365838306871], [-3.593476768463835, 37.17358571035227], [-3.593183000881936, 37.173347058282765], [-3.59317793912943, 37.17334294167328], [-3.592993214450341, 37.173173683094], [-3.592765180201998, 37.17296477631338], [-3.592646256276074, 37.17285585785519], [-3.59260171318091, 37.172814985642006], [-3.592557477710975, 37.172765899185876], [-3.592362780239173, 37.172571978390586], [-3.592166733581755, 37.172376810155384], [-3.592128821774412, 37.17233976623279]]]]}}, {"type": "Feature", "properties": {"CUSEC": "1808706005", "CDIS": "06", "CSEC": "005", "NMUN": "Granada", "poblaciones": {"2015": 1459, "2016": 1442, "2017": 1461, "2018": 1442, "2019": 1478, "2020": 1464, "2021": 1485, "2022": 1431, "2023": 1426, "2024": 1417, "2025": 1407}, "superficie_verde_m2": 2323, "estacion_cercana": {"name": "Granada Palacio de Congresos", "distancia_m": 798}, "superficie_verde_desglose": {"parques": 2323, "jardines": 0, "arbolado": 0}, "centroide": [-3.59091, 37.169934], "equipamientos": {"sanidad": {"n_dentro": 0, "mas_cercana_m": 322, "mas_cercana_name": "Farmacia San Cecilio"}, "educacion": {"n_dentro": 0, "mas_cercana_m": 190, "mas_cercana_name": "Colegio de Educación Infantil y Primaria José Hurtado"}, "agua": {"n_dentro": 2}, "reciclaje": {"n_dentro": 0, "mas_cercana_m": 414, "mas_cercana_name": "recycling"}, "aparcabicis": {"n_dentro": 0, "mas_cercana_m": 156, "mas_cercana_name": "bicycle_parking"}, "patrimonio": {"n_dentro": 0, "mas_cercana_m": 290, "mas_cercana_name": "Casa Molino de Ángel Ganivet"}}, "renta": {"2015": 17150, "2016": 17150, "2017": 17150, "2018": 17850, "2019": 19250, "2020": 19250, "2021": 20650, "2022": 22050, "2023": 23450}, "vft": {"n_vfts": 37, "n_plazas": 193, "viviendas_total": 892, "viviendas_fuente": "censo2021", "ratio_vft_pct": 4.15, "serie": {"2015": 0, "2016": 1, "2017": 2, "2018": 8, "2019": 15, "2020": 16, "2021": 16, "2022": 18, "2023": 22, "2024": 36, "2025": 37}}, "renta_med_uc": {"2015": 17150, "2016": 17150, "2017": 17150, "2018": 17850, "2019": 19250, "2020": 19250, "2021": 20650, "2022": 22050, "2023": 23450}, "renta_hogar": {"2015": 33930, "2016": 35131, "2017": 35860, "2018": 36791, "2019": 37294, "2020": 34194, "2021": 36744, "2022": 41190, "2023": 42523}, "renta_persona": {"2015": 13967, "2016": 14101, "2017": 14569, "2018": 15545, "2019": 16031, "2020": 15067, "2021": 16331, "2022": 18704, "2023": 19332}}, "geometry": {"type": "MultiPolygon", "coordinates": [[[[-3.58749023194813, 37.16898407783727], [-3.587439871690216, 37.168968818839744], [-3.587455033701522, 37.16894042155198], [-3.587519346628065, 37.1688199635372], [-3.587626671456232, 37.168815925810314], [-3.588036833262669, 37.168893940354586], [-3.58859684174715, 37.16823683787271], [-3.588751150634006, 37.168016850665], [-3.588797935928991, 37.16803812571842], [-3.588928893387527, 37.16809771760808], [-3.589186779149396, 37.16821506318798], [-3.58933820384642, 37.168284004079766], [-3.589526759979763, 37.168369814625635], [-3.589692488895299, 37.168445255134564], [-3.589885376413783, 37.168533053681514], [-3.590023236619183, 37.16859580095963], [-3.590218254546551, 37.168684570882625], [-3.590319739802119, 37.16873076801834], [-3.590511611387877, 37.16881809826141], [-3.590613125156637, 37.1688642950014], [-3.590746193814619, 37.16892487039279], [-3.590853331525054, 37.168973625918184], [-3.590948132429539, 37.16901677754438], [-3.591092731498269, 37.169082590790175], [-3.591217751549673, 37.169140820679196], [-3.591450860379956, 37.169144108549496], [-3.591551868545119, 37.16914554327482], [-3.591629502885461, 37.169146652025574], [-3.591689601923767, 37.16914749763806], [-3.591749836264067, 37.169148360572486], [-3.591802163534871, 37.16914909530459], [-3.591870198924175, 37.16915006794954], [-3.591905199397976, 37.16915055565816], [-3.591998265629867, 37.16915186742009], [-3.592097196561665, 37.169153276001765], [-3.592161446864286, 37.169154190772794], [-3.592213930701531, 37.16915492454062], [-3.592283702065626, 37.16915592432845], [-3.592324352012233, 37.16915649725267], [-3.592382603579266, 37.16915731479073], [-3.592442911142379, 37.16915817700672], [-3.592479640866062, 37.16915869646329], [-3.592530261470841, 37.169159404252156], [-3.592561126989783, 37.169159745683224], [-3.592617420361695, 37.16915789662925], [-3.592678561585437, 37.16915589169685], [-3.592676635414389, 37.16980461655338], [-3.592968544182872, 37.16991403247951], [-3.593444754759548, 37.16986461689319], [-3.593174108793652, 37.17012632358406], [-3.593811799224965, 37.170663758380854], [-3.593566735067229, 37.170860854922125], [-3.593541932990147, 37.170843032207735], [-3.593399594853325, 37.1709634821506], [-3.593127703266091, 37.17078056582004], [-3.592633776590063, 37.17125680771838], [-3.59260596100275, 37.17128364190047], [-3.592546416366887, 37.17133684666204], [-3.592513999457655, 37.17136586269338], [-3.59233860189926, 37.17153668935661], [-3.592508014022275, 37.17169525291535], [-3.592515201196124, 37.17170326651235], [-3.592203026734071, 37.17193322292849], [-3.592131850394639, 37.17197985578604], [-3.591909424672994, 37.1721257171595], [-3.591869022402988, 37.172086338336555], [-3.591854935885451, 37.17207254510793], [-3.591494536099368, 37.171736399409106], [-3.591144848533208, 37.17141011007797], [-3.591089942521076, 37.17135891382003], [-3.591073928475499, 37.171344187242475], [-3.590993610006282, 37.17127048705266], [-3.590551027333104, 37.170864005184754], [-3.590295779014444, 37.17062956617284], [-3.589563341370095, 37.169940812586255], [-3.589252299650121, 37.16978870726514], [-3.588838970081361, 37.16965379894766], [-3.588622832852794, 37.169539066677984], [-3.588097118601589, 37.16925999621315], [-3.587840475073987, 37.16912368018645], [-3.587800229295283, 37.16910693342762], [-3.58754408609419, 37.169000334471114], [-3.58749023194813, 37.16898407783727]]]]}}, {"type": "Feature", "properties": {"CUSEC": "1808706006", "CDIS": "06", "CSEC": "006", "NMUN": "Granada", "poblaciones": {"2015": 1849, "2016": 1826, "2017": 1802, "2018": 1763, "2019": 1721, "2020": 1721, "2021": 1773, "2022": 1766, "2023": 1746, "2024": 1737, "2025": 1721}, "superficie_verde_m2": 21922, "estacion_cercana": {"name": "Granada Palacio de Congresos", "distancia_m": 523}, "superficie_verde_desglose": {"parques": 20439, "jardines": 1483, "arbolado": 0}, "centroide": [-3.592656, 37.166784], "equipamientos": {"sanidad": {"n_dentro": 0, "mas_cercana_m": 198, "mas_cercana_name": "Centro de Salud Poeta Manuel de Góngora"}, "educacion": {"n_dentro": 4}, "agua": {"n_dentro": 8}, "reciclaje": {"n_dentro": 0, "mas_cercana_m": 256, "mas_cercana_name": "recycling"}, "aparcabicis": {"n_dentro": 2}, "patrimonio": {"n_dentro": 0, "mas_cercana_m": 352, "mas_cercana_name": "attraction"}}, "renta": {"2015": 20650, "2016": 21350, "2017": 22050, "2018": 22750, "2019": 24150, "2020": 24850, "2021": 26250, "2022": 26950, "2023": 28350}, "vft": {"n_vfts": 11, "n_plazas": 57, "viviendas_total": 868, "viviendas_fuente": "censo2021", "ratio_vft_pct": 1.27, "serie": {"2015": 0, "2016": 0, "2017": 2, "2018": 6, "2019": 8, "2020": 8, "2021": 8, "2022": 10, "2023": 10, "2024": 11, "2025": 11}}, "renta_med_uc": {"2015": 20650, "2016": 21350, "2017": 22050, "2018": 22750, "2019": 24150, "2020": 24850, "2021": 26250, "2022": 26950, "2023": 28350}, "renta_hogar": {"2015": 37427, "2016": 39126, "2017": 39197, "2018": 41139, "2019": 42303, "2020": 43170, "2021": 43217, "2022": 44964, "2023": 47762}, "renta_persona": {"2015": 14544, "2016": 15513, "2017": 15688, "2018": 16600, "2019": 17558, "2020": 17998, "2021": 18361, "2022": 19514, "2023": 20825}}, "geometry": {"type": "MultiPolygon", "coordinates": [[[[-3.588751150634006, 37.168016850665], [-3.588918887448828, 37.16777760111141], [-3.589302494556393, 37.16737129427468], [-3.589374452776237, 37.167295133697976], [-3.589396304209127, 37.167271949061245], [-3.589537381040487, 37.16712243983518], [-3.58979456988789, 37.16685009960538], [-3.589801507545631, 37.16684349473807], [-3.590059096183823, 37.1665958729586], [-3.590132754148201, 37.166524985684205], [-3.590250753564969, 37.1664608769163], [-3.591118262811989, 37.16628673983058], [-3.592161954014411, 37.16607708147701], [-3.59220101602339, 37.16606922974553], [-3.592199192048849, 37.16606643098547], [-3.591970077724594, 37.16485211269832], [-3.591954200504122, 37.16476812249676], [-3.591918714363483, 37.16457944644114], [-3.591895048454262, 37.16444500294141], [-3.591891296779772, 37.16442392430058], [-3.59182856279966, 37.1640680520084], [-3.591800945705633, 37.16400520336257], [-3.591719548219505, 37.1638788587784], [-3.591717730369255, 37.16387611406335], [-3.591523739251206, 37.163698918056255], [-3.591413451690781, 37.163653500464804], [-3.591562619643668, 37.163540734732926], [-3.591728000051016, 37.16341567021807], [-3.59198116370636, 37.163224225613156], [-3.592044286231601, 37.16317649727429], [-3.592214547944576, 37.16309623816782], [-3.592534944092502, 37.16313505019295], [-3.592570420124683, 37.163138379270755], [-3.592736373710161, 37.16315410993927], [-3.592740274999068, 37.16315466281806], [-3.592998137731618, 37.16318743415052], [-3.593634347278317, 37.16326843738391], [-3.59395208327122, 37.16330895714304], [-3.594017332490976, 37.1633172529334], [-3.594416762161228, 37.16336808953969], [-3.594236982913857, 37.164255177539985], [-3.594176793712309, 37.16455166289947], [-3.594173532839511, 37.16456818396908], [-3.594114027016971, 37.164837640844084], [-3.593810919243282, 37.16496317622934], [-3.594016350647093, 37.165210111341516], [-3.5935715083421, 37.165431332989634], [-3.594641595857812, 37.1667937637615], [-3.595122130017443, 37.1665392187566], [-3.595159300744657, 37.166583927421556], [-3.595352254327455, 37.166815789108945], [-3.595368321035017, 37.166835093087684], [-3.595523484253574, 37.16701867943981], [-3.596124466134616, 37.16772951932458], [-3.5958604962511, 37.16799355036048], [-3.595913321609361, 37.16806441542116], [-3.596001514948405, 37.1681798843307], [-3.595669350796147, 37.16833749019417], [-3.595345915943077, 37.1684909543901], [-3.595011768323674, 37.168649492316284], [-3.594659786409793, 37.16881649735004], [-3.594323318673048, 37.168976149199715], [-3.594167702631034, 37.1690034750261], [-3.594058592806421, 37.1690217833304], [-3.593886014677747, 37.16905072530594], [-3.593726732965592, 37.16907746047763], [-3.593651628566067, 37.16909003635915], [-3.593579327620785, 37.1690990015482], [-3.593521224252919, 37.16910560691821], [-3.593385355522908, 37.16912099647287], [-3.593242251757803, 37.169137220736964], [-3.593123021037398, 37.16914126905983], [-3.592962945967744, 37.16914653483144], [-3.592725080348615, 37.169154348379806], [-3.592678561585437, 37.16915589169685], [-3.592617420361695, 37.16915789662925], [-3.592561126989783, 37.169159745683224], [-3.592530261470841, 37.169159404252156], [-3.592479640866062, 37.16915869646329], [-3.592442911142379, 37.16915817700672], [-3.592382603579266, 37.16915731479073], [-3.592324352012233, 37.16915649725267], [-3.592283702065626, 37.16915592432845], [-3.592213930701531, 37.16915492454062], [-3.592161446864286, 37.169154190772794], [-3.592097196561665, 37.169153276001765], [-3.591998265629867, 37.16915186742009], [-3.591905199397976, 37.16915055565816], [-3.591870198924175, 37.16915006794954], [-3.591802163534871, 37.16914909530459], [-3.591749836264067, 37.169148360572486], [-3.591689601923767, 37.16914749763806], [-3.591629502885461, 37.169146652025574], [-3.591551868545119, 37.16914554327482], [-3.591450860379956, 37.169144108549496], [-3.591217751549673, 37.169140820679196], [-3.591092731498269, 37.169082590790175], [-3.590948132429539, 37.16901677754438], [-3.590853331525054, 37.168973625918184], [-3.590746193814619, 37.16892487039279], [-3.590613125156637, 37.1688642950014], [-3.590511611387877, 37.16881809826141], [-3.590319739802119, 37.16873076801834], [-3.590218254546551, 37.168684570882625], [-3.590023236619183, 37.16859580095963], [-3.589885376413783, 37.168533053681514], [-3.589692488895299, 37.168445255134564], [-3.589526759979763, 37.168369814625635], [-3.58933820384642, 37.168284004079766], [-3.589186779149396, 37.16821506318798], [-3.588928893387527, 37.16809771760808], [-3.588797935928991, 37.16803812571842], [-3.588751150634006, 37.168016850665]]]]}}, {"type": "Feature", "properties": {"CUSEC": "1808706007", "CDIS": "06", "CSEC": "007", "NMUN": "Granada", "poblaciones": {"2015": 1160, "2016": 1097, "2017": 1114, "2018": 1087, "2019": 1080, "2020": 1035, "2021": 1043, "2022": 1012, "2023": 1020, "2024": 1005, "2025": 998}, "superficie_verde_m2": 2087, "estacion_cercana": {"name": "Granada Palacio de Congresos", "distancia_m": 711}, "superficie_verde_desglose": {"parques": 0, "jardines": 2087, "arbolado": 0}, "centroide": [-3.590571, 37.16502], "equipamientos": {"sanidad": {"n_dentro": 1}, "educacion": {"n_dentro": 1}, "agua": {"n_dentro": 0, "mas_cercana_m": 230, "mas_cercana_name": "drinking_water"}, "reciclaje": {"n_dentro": 4}, "aparcabicis": {"n_dentro": 1}, "patrimonio": {"n_dentro": 0, "mas_cercana_m": 423, "mas_cercana_name": "Casa Molino de Ángel Ganivet"}}, "renta": {"2015": 16450, "2016": 16450, "2017": 17150, "2018": 17850, "2019": 18550, "2020": 18550, "2021": 18550, "2022": 21350, "2023": 22050}, "vft": {"n_vfts": 4, "n_plazas": 26, "viviendas_total": 580, "viviendas_fuente": "censo2021", "ratio_vft_pct": 0.69, "serie": {"2015": 0, "2016": 0, "2017": 1, "2018": 1, "2019": 1, "2020": 1, "2021": 1, "2022": 2, "2023": 2, "2024": 3, "2025": 4}}, "renta_med_uc": {"2015": 16450, "2016": 16450, "2017": 17150, "2018": 17850, "2019": 18550, "2020": 18550, "2021": 18550, "2022": 21350, "2023": 22050}, "renta_hogar": {"2015": 32243, "2016": 32173, "2017": 32964, "2018": 33999, "2019": 35856, "2020": 33774, "2021": 35541, "2022": 37665, "2023": 39935}, "renta_persona": {"2015": 12175, "2016": 12776, "2017": 13149, "2018": 13776, "2019": 14965, "2020": 14489, "2021": 15507, "2022": 16715, "2023": 18134}}, "geometry": {"type": "MultiPolygon", "coordinates": [[[[-3.588527931010641, 37.164691396805615], [-3.588690346402234, 37.164595498179786], [-3.58911883105112, 37.16434791987577], [-3.589678417446569, 37.164024543911765], [-3.589705697976006, 37.16400877870027], [-3.589903620740744, 37.163894502347325], [-3.590017058662431, 37.1638288660884], [-3.590226467299694, 37.163707884147655], [-3.590655424293214, 37.163460055457115], [-3.590658938744688, 37.16346083117669], [-3.590916931557958, 37.16351969394931], [-3.590920446891913, 37.16352058233231], [-3.591362282922172, 37.163632414154094], [-3.591413451690781, 37.163653500464804], [-3.591523739251206, 37.163698918056255], [-3.591717730369255, 37.16387611406335], [-3.591719548219505, 37.1638788587784], [-3.591800945705633, 37.16400520336257], [-3.59182856279966, 37.1640680520084], [-3.591891296779772, 37.16442392430058], [-3.591895048454262, 37.16444500294141], [-3.591918714363483, 37.16457944644114], [-3.591954200504122, 37.16476812249676], [-3.591970077724594, 37.16485211269832], [-3.592199192048849, 37.16606643098547], [-3.59220101602339, 37.16606922974553], [-3.592161954014411, 37.16607708147701], [-3.591118262811989, 37.16628673983058], [-3.590250753564969, 37.1664608769163], [-3.590132754148201, 37.166524985684205], [-3.590059096183823, 37.1665958729586], [-3.589875968888425, 37.16638636799465], [-3.589410485047444, 37.16585379333562], [-3.589483753220378, 37.165800891418854], [-3.589185204869771, 37.165454330261426], [-3.589025154294845, 37.165268615342924], [-3.588708631947546, 37.16490115486754], [-3.588527931010641, 37.164691396805615]]]]}}, {"type": "Feature", "properties": {"CUSEC": "1808706008", "CDIS": "06", "CSEC": "008", "NMUN": "Granada", "poblaciones": {"2015": 746, "2016": 722, "2017": 719, "2018": 724, "2019": 740, "2020": 745, "2021": 768, "2022": 738, "2023": 761, "2024": 755, "2025": 759}, "superficie_verde_m2": 25, "estacion_cercana": {"name": "Granada Palacio de Congresos", "distancia_m": 467}, "superficie_verde_desglose": {"parques": 0, "jardines": 25, "arbolado": 0}, "centroide": [-3.594891, 37.16297], "equipamientos": {"sanidad": {"n_dentro": 2}, "educacion": {"n_dentro": 0, "mas_cercana_m": 180, "mas_cercana_name": "Garabatos"}, "agua": {"n_dentro": 0, "mas_cercana_m": 119, "mas_cercana_name": "Fuente de Canaletas"}, "reciclaje": {"n_dentro": 0, "mas_cercana_m": 112, "mas_cercana_name": "recycling"}, "aparcabicis": {"n_dentro": 0, "mas_cercana_m": 114, "mas_cercana_name": "bicycle_parking"}, "patrimonio": {"n_dentro": 0, "mas_cercana_m": 601, "mas_cercana_name": "attraction"}}, "renta": {"2015": 12950, "2016": 12250, "2017": 12950, "2018": 14350, "2019": 15050, "2020": 15050, "2021": 15050, "2022": 15750, "2023": 15750}, "vft": {"n_vfts": 9, "n_plazas": 45, "viviendas_total": 481, "viviendas_fuente": "censo2021", "ratio_vft_pct": 1.87, "serie": {"2015": 0, "2016": 0, "2017": 0, "2018": 0, "2019": 0, "2020": 0, "2021": 0, "2022": 1, "2023": 3, "2024": 8, "2025": 8}}, "renta_med_uc": {"2015": 12950, "2016": 12250, "2017": 12950, "2018": 14350, "2019": 15050, "2020": 15050, "2021": 15050, "2022": 15750, "2023": 15750}, "renta_hogar": {"2015": 22188, "2016": 22383, "2017": 22314, "2018": 23855, "2019": 25847, "2020": 25670, "2021": 25884, "2022": 27391, "2023": 28195}, "renta_persona": {"2015": 10096, "2016": 10477, "2017": 10606, "2018": 11279, "2019": 12105, "2020": 11875, "2021": 12267, "2022": 12877, "2023": 13668}}, "geometry": {"type": "MultiPolygon", "coordinates": [[[[-3.594416762161228, 37.16336808953969], [-3.594017332490976, 37.1633172529334], [-3.59395208327122, 37.16330895714304], [-3.593634347278317, 37.16326843738391], [-3.592998137731618, 37.16318743415052], [-3.592740274999068, 37.16315466281806], [-3.592637007923978, 37.16290991060427], [-3.592830247151521, 37.16281987354332], [-3.593758525467404, 37.16267144305634], [-3.593770348949446, 37.16261424826071], [-3.593826622339223, 37.16234196372464], [-3.593831869580871, 37.16231661245665], [-3.593837204273663, 37.162290922723216], [-3.594335942174847, 37.162355216606265], [-3.594630658394717, 37.16239333959907], [-3.594904318442238, 37.162428651516656], [-3.595088529122193, 37.16245243143824], [-3.595464982622177, 37.16250103174733], [-3.596394853643412, 37.162620992078445], [-3.596377902477398, 37.16280010991218], [-3.596652446481909, 37.16281863368213], [-3.596641283150981, 37.16297458785041], [-3.596633943109244, 37.16307675306776], [-3.596631407202338, 37.16311163667948], [-3.596648681773694, 37.16336132446178], [-3.596653023704658, 37.16342366178134], [-3.596375348214826, 37.163617529245826], [-3.596019052273268, 37.16357217108667], [-3.59524602951524, 37.16347375784202], [-3.594888347991589, 37.16342819951901], [-3.594848358156873, 37.16342308197007], [-3.594416762161228, 37.16336808953969]]]]}}, {"type": "Feature", "properties": {"CUSEC": "1808706009", "CDIS": "06", "CSEC": "009", "NMUN": "Granada", "poblaciones": {"2015": 1446, "2016": 1399, "2017": 1393, "2018": 1423, "2019": 1459, "2020": 1454, "2021": 1448, "2022": 1457, "2023": 1449, "2024": 1425, "2025": 1416}, "superficie_verde_m2": 0, "estacion_cercana": {"name": "Granada Palacio de Congresos", "distancia_m": 920}, "superficie_verde_desglose": {"parques": 0, "jardines": 0, "arbolado": 0}, "centroide": [-3.588545, 37.163684], "equipamientos": {"sanidad": {"n_dentro": 0, "mas_cercana_m": 112, "mas_cercana_name": "Farmacia Sancho Panza"}, "educacion": {"n_dentro": 1}, "agua": {"n_dentro": 0, "mas_cercana_m": 276, "mas_cercana_name": "fountain"}, "reciclaje": {"n_dentro": 0, "mas_cercana_m": 77, "mas_cercana_name": "recycling"}, "aparcabicis": {"n_dentro": 2}, "patrimonio": {"n_dentro": 0, "mas_cercana_m": 520, "mas_cercana_name": "Casa Molino de Ángel Ganivet"}}, "renta": {"2015": 15050, "2016": 15050, "2017": 16450, "2018": 16450, "2019": 17150, "2020": 17150, "2021": 17850, "2022": 18550, "2023": 19250}, "vft": {"n_vfts": 1, "n_plazas": 6, "viviendas_total": 767, "viviendas_fuente": "censo2021", "ratio_vft_pct": 0.13, "serie": {"2015": 0, "2016": 0, "2017": 0, "2018": 0, "2019": 0, "2020": 0, "2021": 0, "2022": 0, "2023": 1, "2024": 1, "2025": 1}}, "renta_med_uc": {"2015": 15050, "2016": 15050, "2017": 16450, "2018": 16450, "2019": 17150, "2020": 17150, "2021": 17850, "2022": 18550, "2023": 19250}, "renta_hogar": {"2015": 27371, "2016": 27657, "2017": 28576, "2018": 29855, "2019": 30540, "2020": 30383, "2021": 31504, "2022": 32268, "2023": 34311}, "renta_persona": {"2015": 10711, "2016": 11178, "2017": 11657, "2018": 12260, "2019": 12649, "2020": 12555, "2021": 13129, "2022": 13785, "2023": 14817}}, "geometry": {"type": "MultiPolygon", "coordinates": [[[[-3.58735826663571, 37.16330030514514], [-3.587442041392566, 37.16326477205202], [-3.588134187700244, 37.162971309186766], [-3.58814365682549, 37.1629672915021], [-3.588702370837912, 37.162730423268236], [-3.588717070791439, 37.16275129168796], [-3.588732117840884, 37.162770296979694], [-3.588774243112421, 37.1628225566891], [-3.588834431462994, 37.16289857691148], [-3.589042151980239, 37.163169431830234], [-3.589240879371776, 37.16343317573026], [-3.589373641331466, 37.163644777486226], [-3.589678417446569, 37.164024543911765], [-3.58911883105112, 37.16434791987577], [-3.588690346402234, 37.164595498179786], [-3.588527931010641, 37.164691396805615], [-3.588446304939281, 37.1645967075449], [-3.58811830404235, 37.164213793754854], [-3.587910507535153, 37.16397117775805], [-3.587631157009127, 37.16364501253053], [-3.587512284431767, 37.16349475988928], [-3.58735826663571, 37.16330030514514]]]]}}, {"type": "Feature", "properties": {"CUSEC": "1808706010", "CDIS": "06", "CSEC": "010", "NMUN": "Granada", "poblaciones": {"2015": 1059, "2016": 1058, "2017": 1070, "2018": 1066, "2019": 1065, "2020": 1052, "2021": 1055, "2022": 1035, "2023": 1012, "2024": 1016, "2025": 997}, "superficie_verde_m2": 2912, "estacion_cercana": {"name": "Granada Palacio de Congresos", "distancia_m": 625}, "superficie_verde_desglose": {"parques": 2796, "jardines": 116, "arbolado": 0}, "centroide": [-3.593836, 37.161813], "equipamientos": {"sanidad": {"n_dentro": 0, "mas_cercana_m": 68, "mas_cercana_name": "Farmacia Ricardo Conde Sancho"}, "educacion": {"n_dentro": 0, "mas_cercana_m": 145, "mas_cercana_name": "Biblioteca Municipal Francisco Ayala"}, "agua": {"n_dentro": 1}, "reciclaje": {"n_dentro": 1}, "aparcabicis": {"n_dentro": 1}, "patrimonio": {"n_dentro": 0, "mas_cercana_m": 747, "mas_cercana_name": "attraction"}}, "renta": {"2015": 12250, "2016": 12950, "2017": 13650, "2018": 13650, "2019": 14700, "2020": 15050, "2021": 15750, "2022": 17150, "2023": 17150}, "vft": {"n_vfts": 1, "n_plazas": 12, "viviendas_total": 550, "viviendas_fuente": "censo2021", "ratio_vft_pct": 0.18, "serie": {"2015": 0, "2016": 0, "2017": 0, "2018": 0, "2019": 0, "2020": 0, "2021": 0, "2022": 0, "2023": 1, "2024": 1, "2025": 1}}, "renta_med_uc": {"2015": 12250, "2016": 12950, "2017": 13650, "2018": 13650, "2019": 14700, "2020": 15050, "2021": 15750, "2022": 17150, "2023": 17150}, "renta_hogar": {"2015": 23863, "2016": 24932, "2017": 25993, "2018": 26499, "2019": 27194, "2020": 26804, "2021": 27797, "2022": 28611, "2023": 29940}, "renta_persona": {"2015": 9275, "2016": 9449, "2017": 9950, "2018": 10410, "2019": 10791, "2020": 11025, "2021": 11827, "2022": 12331, "2023": 12955}}, "geometry": {"type": "MultiPolygon", "coordinates": [[[[-3.593837204273663, 37.162290922723216], [-3.593132579006659, 37.162188002781626], [-3.592599947009007, 37.16211277611975], [-3.592596123196744, 37.161974983917595], [-3.592678834083719, 37.1615988565061], [-3.592768445880663, 37.16119142565192], [-3.593290210158024, 37.161263807080395], [-3.594539620249722, 37.16143710362458], [-3.594812119712526, 37.16147495003773], [-3.595102585949726, 37.16151527460606], [-3.595030229450214, 37.161850847043965], [-3.594984530233527, 37.162061986342415], [-3.594930842925615, 37.162310885010854], [-3.594924457227749, 37.16234038399729], [-3.594904318442238, 37.162428651516656], [-3.594630658394717, 37.16239333959907], [-3.594335942174847, 37.162355216606265], [-3.593837204273663, 37.162290922723216]]]]}}, {"type": "Feature", "properties": {"CUSEC": "1808706011", "CDIS": "06", "CSEC": "011", "NMUN": "Granada", "poblaciones": {"2015": 923, "2016": 911, "2017": 905, "2018": 877, "2019": 874, "2020": 828, "2021": 855, "2022": 838, "2023": 826, "2024": 831, "2025": 871}, "superficie_verde_m2": 578, "estacion_cercana": {"name": "Granada Palacio de Congresos", "distancia_m": 184}, "superficie_verde_desglose": {"parques": 0, "jardines": 578, "arbolado": 0}, "centroide": [-3.596575, 37.166729], "equipamientos": {"sanidad": {"n_dentro": 1}, "educacion": {"n_dentro": 0, "mas_cercana_m": 173, "mas_cercana_name": "Colegio Escolapios Granada Genil"}, "agua": {"n_dentro": 1}, "reciclaje": {"n_dentro": 0, "mas_cercana_m": 170, "mas_cercana_name": "recycling"}, "aparcabicis": {"n_dentro": 1}, "patrimonio": {"n_dentro": 0, "mas_cercana_m": 178, "mas_cercana_name": "attraction"}}, "renta": {"2015": 22050, "2016": 21350, "2017": 22750, "2018": 22750, "2019": 25550, "2020": 24850, "2021": 27650, "2022": 29050, "2023": 29050}, "vft": {"n_vfts": 8, "n_plazas": 49, "viviendas_total": 457, "viviendas_fuente": "censo2021", "ratio_vft_pct": 1.75, "serie": {"2015": 0, "2016": 2, "2017": 4, "2018": 4, "2019": 6, "2020": 6, "2021": 6, "2022": 6, "2023": 6, "2024": 8, "2025": 8}}, "renta_med_uc": {"2015": 22050, "2016": 21350, "2017": 22750, "2018": 22750, "2019": 25550, "2020": 24850, "2021": 27650, "2022": 29050, "2023": 29050}, "renta_hogar": {"2015": 41879, "2016": 42029, "2017": 42473, "2018": 43119, "2019": 44183, "2020": 48288, "2021": 45958, "2022": 50248, "2023": 52603}, "renta_persona": {"2015": 15208, "2016": 15687, "2017": 16115, "2018": 16622, "2019": 17121, "2020": 19338, "2021": 18773, "2022": 20679, "2023": 21902}}, "geometry": {"type": "MultiPolygon", "coordinates": [[[[-3.595523484253574, 37.16701867943981], [-3.595866896370981, 37.16682808460811], [-3.595897184092339, 37.166813054629465], [-3.596419802084193, 37.16655434099154], [-3.596043953377816, 37.16609460035238], [-3.596758204276685, 37.16569947255265], [-3.597100020596901, 37.166123109923085], [-3.597061428546959, 37.166143391265365], [-3.597610539256616, 37.166804442672344], [-3.597624628135526, 37.166821390131354], [-3.597642480700334, 37.16684212703978], [-3.596693461124599, 37.16728076612231], [-3.596499137703161, 37.16740352775726], [-3.596284500694069, 37.167569554126885], [-3.596124466134616, 37.16772951932458], [-3.595523484253574, 37.16701867943981]]]]}}, {"type": "Feature", "properties": {"CUSEC": "1808706012", "CDIS": "06", "CSEC": "012", "NMUN": "Granada", "poblaciones": {"2015": 1481, "2016": 1442, "2017": 1443, "2018": 1430, "2019": 1481, "2020": 1418, "2021": 1416, "2022": 1414, "2023": 1379, "2024": 1372, "2025": 1368}, "superficie_verde_m2": 0, "estacion_cercana": {"name": "Granada Palacio de Congresos", "distancia_m": 1029}, "superficie_verde_desglose": {"parques": 0, "jardines": 0, "arbolado": 0}, "centroide": [-3.591055, 37.158929], "equipamientos": {"sanidad": {"n_dentro": 1}, "educacion": {"n_dentro": 1}, "agua": {"n_dentro": 1}, "reciclaje": {"n_dentro": 0, "mas_cercana_m": 316, "mas_cercana_name": "waste_disposal"}, "aparcabicis": {"n_dentro": 0, "mas_cercana_m": 187, "mas_cercana_name": "bicycle_parking"}, "patrimonio": {"n_dentro": 0, "mas_cercana_m": 1075, "mas_cercana_name": "Casa Molino de Ángel Ganivet"}}, "renta": {"2015": 12950, "2016": 13650, "2017": 14350, "2018": 15050, "2019": 15050, "2020": 15050, "2021": 17150, "2022": 18550, "2023": 19950}, "vft": {"n_vfts": 3, "n_plazas": 15, "viviendas_total": 707, "viviendas_fuente": "censo2021", "ratio_vft_pct": 0.42, "serie": {"2015": 0, "2016": 1, "2017": 1, "2018": 1, "2019": 1, "2020": 1, "2021": 1, "2022": 2, "2023": 3, "2024": 3, "2025": 3}}, "renta_med_uc": {"2015": 12950, "2016": 13650, "2017": 14350, "2018": 15050, "2019": 15050, "2020": 15050, "2021": 17150, "2022": 18550, "2023": 19950}, "renta_hogar": {"2015": 24825, "2016": 25238, "2017": 25599, "2018": 26259, "2019": 27513, "2020": 27505, "2021": 28809, "2022": 30107, "2023": 32181}, "renta_persona": {"2015": 9984, "2016": 10200, "2017": 10534, "2018": 10934, "2019": 11193, "2020": 11577, "2021": 12138, "2022": 13020, "2023": 14044}}, "geometry": {"type": "MultiPolygon", "coordinates": [[[[-3.588545303166934, 37.159133546340165], [-3.588847996089264, 37.159024476171005], [-3.589506005948247, 37.158787512718405], [-3.590197688366016, 37.15853842168344], [-3.59067858634006, 37.15836519587015], [-3.591271521050257, 37.158151680634575], [-3.591300558541162, 37.15813984993404], [-3.591462670480658, 37.15837818032215], [-3.592054829868705, 37.158115341024065], [-3.592412068280878, 37.157956713912235], [-3.592508384327554, 37.1579741577661], [-3.592530128655555, 37.15797667304366], [-3.59292475201968, 37.158021481417535], [-3.593087550030829, 37.158039945175105], [-3.593471831561337, 37.15808354601825], [-3.59347218067497, 37.15808354426998], [-3.594449542081251, 37.15820189958541], [-3.593740542248157, 37.15847305588446], [-3.593576579976096, 37.158535716352624], [-3.593453907047105, 37.15858410881511], [-3.593166218874531, 37.158697437865946], [-3.592885990238919, 37.1588077722906], [-3.592581632288592, 37.15892775366438], [-3.592537686380423, 37.15894501446955], [-3.592509403616369, 37.158956157531875], [-3.59228890710513, 37.159042507460455], [-3.592176964605932, 37.159086450621906], [-3.591993603488876, 37.15915817932721], [-3.591437122060015, 37.159376244115414], [-3.591371329536498, 37.159401973150025], [-3.59136154139943, 37.15938592288924], [-3.589181063834165, 37.160214504278684], [-3.589141528445736, 37.1601065907501], [-3.589131150155364, 37.16008628319663], [-3.588982145244624, 37.15979506216353], [-3.588956686656399, 37.15975660852673], [-3.588824955797582, 37.159556960863654], [-3.588677260027669, 37.15933333743601], [-3.588545303166934, 37.159133546340165]]]]}}, {"type": "Feature", "properties": {"CUSEC": "1808706013", "CDIS": "06", "CSEC": "013", "NMUN": "Granada", "poblaciones": {"2015": 833, "2016": 833, "2017": 865, "2018": 846, "2019": 857, "2020": 835, "2021": 856, "2022": 839, "2023": 829, "2024": 812, "2025": 808}, "superficie_verde_m2": 6448, "estacion_cercana": {"name": "Granada Palacio de Congresos", "distancia_m": 548}, "superficie_verde_desglose": {"parques": 6448, "jardines": 0, "arbolado": 0}, "centroide": [-3.595838, 37.161584], "equipamientos": {"sanidad": {"n_dentro": 0, "mas_cercana_m": 162, "mas_cercana_name": "Farmacia Garach Gómez"}, "educacion": {"n_dentro": 1}, "agua": {"n_dentro": 0, "mas_cercana_m": 101, "mas_cercana_name": "Fuente de Canaletas"}, "reciclaje": {"n_dentro": 0, "mas_cercana_m": 136, "mas_cercana_name": "recycling"}, "aparcabicis": {"n_dentro": 3}, "patrimonio": {"n_dentro": 0, "mas_cercana_m": 743, "mas_cercana_name": "Helicóptero Augusta Bell"}}, "renta": {"2015": 13650, "2016": 14350, "2017": 15050, "2018": 15050, "2019": 15050, "2020": 15050, "2021": 16450, "2022": 17850, "2023": 18550}, "vft": {"n_vfts": 5, "n_plazas": 28, "viviendas_total": 488, "viviendas_fuente": "censo2021", "ratio_vft_pct": 1.02, "serie": {"2015": 0, "2016": 0, "2017": 0, "2018": 1, "2019": 1, "2020": 1, "2021": 1, "2022": 1, "2023": 2, "2024": 5, "2025": 5}}, "renta_med_uc": {"2015": 13650, "2016": 14350, "2017": 15050, "2018": 15050, "2019": 15050, "2020": 15050, "2021": 16450, "2022": 17850, "2023": 18550}, "renta_hogar": {"2015": 26340, "2016": 26932, "2017": 27621, "2018": 27856, "2019": 28956, "2020": 28124, "2021": 30338, "2022": 32087, "2023": 34774}, "renta_persona": {"2015": 10781, "2016": 11189, "2017": 11387, "2018": 11851, "2019": 12243, "2020": 11996, "2021": 13241, "2022": 14443, "2023": 15783}}, "geometry": {"type": "MultiPolygon", "coordinates": [[[[-3.594904318442238, 37.162428651516656], [-3.594924457227749, 37.16234038399729], [-3.594930842925615, 37.162310885010854], [-3.594984530233527, 37.162061986342415], [-3.595030229450214, 37.161850847043965], [-3.595102585949726, 37.16151527460606], [-3.594812119712526, 37.16147495003773], [-3.594914099909887, 37.16099309319439], [-3.59500729766813, 37.16055250248797], [-3.595622566031585, 37.16063352728274], [-3.596380507633083, 37.16073334369255], [-3.596891092391415, 37.16080065005514], [-3.596781302063352, 37.161302576216734], [-3.59670871642489, 37.161634536182675], [-3.59668669264188, 37.161734887818135], [-3.596622784855876, 37.162026813186266], [-3.596568413187541, 37.16227536447531], [-3.59656244472932, 37.162302698075614], [-3.59655656693204, 37.162329386714624], [-3.596498881408493, 37.162553440936975], [-3.596669798807342, 37.16257600531262], [-3.596652446481909, 37.16281863368213], [-3.596377902477398, 37.16280010991218], [-3.596394853643412, 37.162620992078445], [-3.595464982622177, 37.16250103174733], [-3.595088529122193, 37.16245243143824], [-3.594904318442238, 37.162428651516656]]]]}}, {"type": "Feature", "properties": {"CUSEC": "1808706014", "CDIS": "06", "CSEC": "014", "NMUN": "Granada", "poblaciones": {"2015": 1014, "2016": 990, "2017": 995, "2018": 1010, "2019": 1002, "2020": 985, "2021": 993, "2022": 992, "2023": 1010, "2024": 1035, "2025": 1047}, "superficie_verde_m2": 9570, "estacion_cercana": {"name": "Granada Palacio de Congresos", "distancia_m": 851}, "superficie_verde_desglose": {"parques": 8384, "jardines": 1186, "arbolado": 0}, "centroide": [-3.593962, 37.159285], "equipamientos": {"sanidad": {"n_dentro": 1}, "educacion": {"n_dentro": 1}, "agua": {"n_dentro": 1}, "reciclaje": {"n_dentro": 0, "mas_cercana_m": 207, "mas_cercana_name": "waste_disposal"}, "aparcabicis": {"n_dentro": 1}, "patrimonio": {"n_dentro": 0, "mas_cercana_m": 962, "mas_cercana_name": "Helicóptero Augusta Bell"}}, "renta": {"2015": 11550, "2016": 12250, "2017": 12950, "2018": 13650, "2019": 14350, "2020": 13650, "2021": 15050, "2022": 15750, "2023": 16450}, "vft": {"n_vfts": 3, "n_plazas": 16, "viviendas_total": 565, "viviendas_fuente": "censo2021", "ratio_vft_pct": 0.53, "serie": {"2015": 0, "2016": 0, "2017": 0, "2018": 1, "2019": 1, "2020": 1, "2021": 2, "2022": 2, "2023": 2, "2024": 3, "2025": 3}}, "renta_med_uc": {"2015": 11550, "2016": 12250, "2017": 12950, "2018": 13650, "2019": 14350, "2020": 13650, "2021": 15050, "2022": 15750, "2023": 16450}, "renta_hogar": {"2015": 22744, "2016": 23142, "2017": 23626, "2018": 24649, "2019": 25549, "2020": 24970, "2021": 25331, "2022": 26995, "2023": 29325}, "renta_persona": {"2015": 8798, "2016": 9243, "2017": 9337, "2018": 9910, "2019": 10350, "2020": 10179, "2021": 10437, "2022": 11383, "2023": 12207}}, "geometry": {"type": "MultiPolygon", "coordinates": [[[[-3.593481699595936, 37.16035144009301], [-3.593532903215118, 37.16009485642413], [-3.593538893830202, 37.16006433187685], [-3.593569622799477, 37.15990580104221], [-3.593652464995412, 37.159479662214444], [-3.593205113003688, 37.15942385718989], [-3.593011415072644, 37.159399659351166], [-3.59171829445632, 37.15988842267183], [-3.591656522277268, 37.15972282289378], [-3.591655601754713, 37.159720317075084], [-3.591437122060015, 37.159376244115414], [-3.591993603488876, 37.15915817932721], [-3.592176964605932, 37.159086450621906], [-3.59228890710513, 37.159042507460455], [-3.592509403616369, 37.158956157531875], [-3.592537686380423, 37.15894501446955], [-3.592581632288592, 37.15892775366438], [-3.592885990238919, 37.1588077722906], [-3.593166218874531, 37.158697437865946], [-3.593453907047105, 37.15858410881511], [-3.593576579976096, 37.158535716352624], [-3.593740542248157, 37.15847305588446], [-3.594449542081251, 37.15820189958541], [-3.594605569595591, 37.15814222892455], [-3.594614562649735, 37.15815821620396], [-3.595372370800025, 37.15790512605583], [-3.595372626909401, 37.1579050409385], [-3.595372634847427, 37.15790605317712], [-3.595216483132933, 37.15916442807545], [-3.595214431247443, 37.159164729534986], [-3.595276084577311, 37.15926770740856], [-3.595189068793581, 37.15968622439493], [-3.595112092477184, 37.16005645667901], [-3.59510706611756, 37.16008045930096], [-3.59500729766813, 37.16055250248797], [-3.594473119145628, 37.16048205588096], [-3.594417773191918, 37.160474765300314], [-3.593937232947402, 37.16041144865982], [-3.593902435286217, 37.160406859125096], [-3.593481699595936, 37.16035144009301]]]]}}, {"type": "Feature", "properties": {"CUSEC": "1808706015", "CDIS": "06", "CSEC": "015", "NMUN": "Granada", "poblaciones": {"2015": 1029, "2016": 1007, "2017": 977, "2018": 960, "2019": 933, "2020": 927, "2021": 923, "2022": 954, "2023": 960, "2024": 988, "2025": 971}, "superficie_verde_m2": 0, "estacion_cercana": {"name": "Granada Palacio de Congresos", "distancia_m": 687}, "superficie_verde_desglose": {"parques": 0, "jardines": 0, "arbolado": 0}, "centroide": [-3.594149, 37.160911], "equipamientos": {"sanidad": {"n_dentro": 1}, "educacion": {"n_dentro": 0, "mas_cercana_m": 105, "mas_cercana_name": "Biblioteca Municipal Francisco Ayala"}, "agua": {"n_dentro": 0, "mas_cercana_m": 123, "mas_cercana_name": "Fuente de Canaletas"}, "reciclaje": {"n_dentro": 0, "mas_cercana_m": 127, "mas_cercana_name": "recycling"}, "aparcabicis": {"n_dentro": 0, "mas_cercana_m": 70, "mas_cercana_name": "bicycle_parking"}, "patrimonio": {"n_dentro": 0, "mas_cercana_m": 838, "mas_cercana_name": "attraction"}}, "renta": {"2015": 11550, "2016": 12250, "2017": 12250, "2018": 13650, "2019": 13650, "2020": 12950, "2021": 12950, "2022": 14350, "2023": 15050}, "vft": {"n_vfts": 6, "n_plazas": 35, "viviendas_total": 539, "viviendas_fuente": "censo2021", "ratio_vft_pct": 1.11, "serie": {"2015": 0, "2016": 0, "2017": 1, "2018": 2, "2019": 2, "2020": 2, "2021": 3, "2022": 3, "2023": 5, "2024": 6, "2025": 6}}, "renta_med_uc": {"2015": 11550, "2016": 12250, "2017": 12250, "2018": 13650, "2019": 13650, "2020": 12950, "2021": 12950, "2022": 14350, "2023": 15050}, "renta_hogar": {"2015": 21209, "2016": 21647, "2017": 21855, "2018": 22365, "2019": 22887, "2020": 22142, "2021": 23188, "2022": 24531, "2023": 26128}, "renta_persona": {"2015": 8728, "2016": 9243, "2017": 9617, "2018": 9992, "2019": 10659, "2020": 10366, "2021": 10506, "2022": 11131, "2023": 11940}}, "geometry": {"type": "MultiPolygon", "coordinates": [[[[-3.593290210158024, 37.161263807080395], [-3.59337970053395, 37.160838428482286], [-3.593473197142766, 37.16039403351145], [-3.593481699595936, 37.16035144009301], [-3.593902435286217, 37.160406859125096], [-3.593937232947402, 37.16041144865982], [-3.594417773191918, 37.160474765300314], [-3.594473119145628, 37.16048205588096], [-3.59500729766813, 37.16055250248797], [-3.594914099909887, 37.16099309319439], [-3.594812119712526, 37.16147495003773], [-3.594539620249722, 37.16143710362458], [-3.593290210158024, 37.161263807080395]]]]}}, {"type": "Feature", "properties": {"CUSEC": "1808706016", "CDIS": "06", "CSEC": "016", "NMUN": "Granada", "poblaciones": {"2015": 1056, "2016": 1045, "2017": 1031, "2018": 994, "2019": 984, "2020": 968, "2021": 968, "2022": 986, "2023": 960, "2024": 960, "2025": 959}, "superficie_verde_m2": 397, "estacion_cercana": {"name": "Granada Palacio de Congresos", "distancia_m": 815}, "superficie_verde_desglose": {"parques": 0, "jardines": 397, "arbolado": 0}, "centroide": [-3.592827, 37.160255], "equipamientos": {"sanidad": {"n_dentro": 1}, "educacion": {"n_dentro": 0, "mas_cercana_m": 164, "mas_cercana_name": "Instituto de Educación Secundaria Zaidín-Vergeles"}, "agua": {"n_dentro": 0, "mas_cercana_m": 140, "mas_cercana_name": "fountain"}, "reciclaje": {"n_dentro": 0, "mas_cercana_m": 243, "mas_cercana_name": "recycling"}, "aparcabicis": {"n_dentro": 0, "mas_cercana_m": 199, "mas_cercana_name": "bicycle_parking"}, "patrimonio": {"n_dentro": 0, "mas_cercana_m": 939, "mas_cercana_name": "attraction"}}, "renta": {"2015": 15050, "2016": 15050, "2017": 15050, "2018": 16450, "2019": 16450, "2020": 16450, "2021": 17150, "2022": 17850, "2023": 18900}, "vft": {"n_vfts": 0, "n_plazas": 0, "viviendas_total": 542, "viviendas_fuente": "censo2021", "ratio_vft_pct": 0.0, "serie": {"2015": 0, "2016": 0, "2017": 0, "2018": 0, "2019": 0, "2020": 0, "2021": 0, "2022": 0, "2023": 0, "2024": 0, "2025": 0}}, "renta_med_uc": {"2015": 15050, "2016": 15050, "2017": 15050, "2018": 16450, "2019": 16450, "2020": 16450, "2021": 17150, "2022": 17850, "2023": 18900}, "renta_hogar": {"2015": 26945, "2016": 27439, "2017": 26949, "2018": 27741, "2019": 28961, "2020": 28510, "2021": 29687, "2022": 31024, "2023": 32622}, "renta_persona": {"2015": 10995, "2016": 11294, "2017": 11290, "2018": 11897, "2019": 12598, "2020": 12506, "2021": 12857, "2022": 13869, "2023": 14541}}, "geometry": {"type": "MultiPolygon", "coordinates": [[[[-3.592768445880663, 37.16119142565192], [-3.592554990803942, 37.16116184266468], [-3.592500661614928, 37.16115427207945], [-3.592387632301709, 37.16113913826079], [-3.592393306683626, 37.16067964377862], [-3.592073035749149, 37.160237495944564], [-3.591839061819792, 37.16016394174635], [-3.591815986788431, 37.160127187696006], [-3.591794689425342, 37.16009323354319], [-3.591787172257294, 37.1600730750918], [-3.59171829445632, 37.15988842267183], [-3.593011415072644, 37.159399659351166], [-3.593205113003688, 37.15942385718989], [-3.593652464995412, 37.159479662214444], [-3.593569622799477, 37.15990580104221], [-3.593538893830202, 37.16006433187685], [-3.593532903215118, 37.16009485642413], [-3.593481699595936, 37.16035144009301], [-3.593473197142766, 37.16039403351145], [-3.59337970053395, 37.160838428482286], [-3.593290210158024, 37.161263807080395], [-3.592768445880663, 37.16119142565192]]]]}}, {"type": "Feature", "properties": {"CUSEC": "1808706017", "CDIS": "06", "CSEC": "017", "NMUN": "Granada", "poblaciones": {"2015": 915, "2016": 895, "2017": 889, "2018": 887, "2019": 891, "2020": 863, "2021": 881, "2022": 881, "2023": 877, "2024": 880, "2025": 863}, "superficie_verde_m2": 0, "estacion_cercana": {"name": "Granada Palacio de Congresos", "distancia_m": 352}, "superficie_verde_desglose": {"parques": 0, "jardines": 0, "arbolado": 0}, "centroide": [-3.594516, 37.165782], "equipamientos": {"sanidad": {"n_dentro": 3}, "educacion": {"n_dentro": 0, "mas_cercana_m": 139, "mas_cercana_name": "Colegio Escolapios Granada Genil"}, "agua": {"n_dentro": 0, "mas_cercana_m": 80, "mas_cercana_name": "fountain"}, "reciclaje": {"n_dentro": 0, "mas_cercana_m": 107, "mas_cercana_name": "recycling"}, "aparcabicis": {"n_dentro": 0, "mas_cercana_m": 186, "mas_cercana_name": "bicycle_parking"}, "patrimonio": {"n_dentro": 0, "mas_cercana_m": 314, "mas_cercana_name": "attraction"}}, "renta": {"2015": 19250, "2016": 19250, "2017": 19250, "2018": 18900, "2019": 20650, "2020": 19950, "2021": 21000, "2022": 23450, "2023": 24850}, "vft": {"n_vfts": 6, "n_plazas": 28, "viviendas_total": 498, "viviendas_fuente": "censo2021", "ratio_vft_pct": 1.2, "serie": {"2015": 0, "2016": 0, "2017": 1, "2018": 1, "2019": 2, "2020": 3, "2021": 3, "2022": 3, "2023": 4, "2024": 6, "2025": 6}}, "renta_med_uc": {"2015": 19250, "2016": 19250, "2017": 19250, "2018": 18900, "2019": 20650, "2020": 19950, "2021": 21000, "2022": 23450, "2023": 24850}, "renta_hogar": {"2015": 34448, "2016": 34918, "2017": 35016, "2018": 35279, "2019": 36113, "2020": 35771, "2021": 36183, "2022": 38885, "2023": 41010}, "renta_persona": {"2015": 13548, "2016": 14014, "2017": 13935, "2018": 14496, "2019": 14945, "2020": 15140, "2021": 15489, "2022": 16678, "2023": 17981}}, "geometry": {"type": "MultiPolygon", "coordinates": [[[[-3.594016350647093, 37.165210111341516], [-3.594097545193395, 37.165307696906176], [-3.59450170834027, 37.165092970076635], [-3.595054871329553, 37.16524406796868], [-3.595418937071805, 37.16534353821828], [-3.595506297134191, 37.16545279205952], [-3.594622629986661, 37.165938734447366], [-3.594865605957843, 37.16623088066452], [-3.595122130017443, 37.1665392187566], [-3.594641595857812, 37.1667937637615], [-3.5935715083421, 37.165431332989634], [-3.594016350647093, 37.165210111341516]]]]}}, {"type": "Feature", "properties": {"CUSEC": "1808706018", "CDIS": "06", "CSEC": "018", "NMUN": "Granada", "poblaciones": {"2015": 1012, "2016": 981, "2017": 982, "2018": 986, "2019": 1013, "2020": 988, "2021": 987, "2022": 952, "2023": 959, "2024": 976, "2025": 988}, "superficie_verde_m2": 3924, "estacion_cercana": {"name": "Granada Palacio de Congresos", "distancia_m": 245}, "superficie_verde_desglose": {"parques": 3890, "jardines": 34, "arbolado": 0}, "centroide": [-3.595713, 37.16605], "equipamientos": {"sanidad": {"n_dentro": 1}, "educacion": {"n_dentro": 0, "mas_cercana_m": 143, "mas_cercana_name": "Colegio Escolapios Granada Genil"}, "agua": {"n_dentro": 0, "mas_cercana_m": 88, "mas_cercana_name": "fountain"}, "reciclaje": {"n_dentro": 0, "mas_cercana_m": 187, "mas_cercana_name": "recycling"}, "aparcabicis": {"n_dentro": 0, "mas_cercana_m": 120, "mas_cercana_name": "bicycle_parking"}, "patrimonio": {"n_dentro": 0, "mas_cercana_m": 252, "mas_cercana_name": "attraction"}}, "renta": {"2015": 21350, "2016": 21350, "2017": 22050, "2018": 22050, "2019": 22750, "2020": 22050, "2021": 23450, "2022": 25550, "2023": 27650}, "vft": {"n_vfts": 4, "n_plazas": 25, "viviendas_total": 501, "viviendas_fuente": "censo2021", "ratio_vft_pct": 0.8, "serie": {"2015": 0, "2016": 0, "2017": 0, "2018": 1, "2019": 1, "2020": 1, "2021": 1, "2022": 2, "2023": 2, "2024": 4, "2025": 4}}, "renta_med_uc": {"2015": 21350, "2016": 21350, "2017": 22050, "2018": 22050, "2019": 22750, "2020": 22050, "2021": 23450, "2022": 25550, "2023": 27650}, "renta_hogar": {"2015": 40729, "2016": 40533, "2017": 40283, "2018": 41810, "2019": 42556, "2020": 40779, "2021": 43273, "2022": 45384, "2023": 47764}, "renta_persona": {"2015": 15268, "2016": 15548, "2017": 15407, "2018": 15989, "2019": 16081, "2020": 16203, "2021": 17539, "2022": 18685, "2023": 19910}}, "geometry": {"type": "MultiPolygon", "coordinates": [[[[-3.595122130017443, 37.1665392187566], [-3.594865605957843, 37.16623088066452], [-3.594622629986661, 37.165938734447366], [-3.595506297134191, 37.16545279205952], [-3.595601360245704, 37.16540055205473], [-3.595771939385793, 37.16560896645723], [-3.596221434987303, 37.16503433556053], [-3.596758204276685, 37.16569947255265], [-3.596043953377816, 37.16609460035238], [-3.596419802084193, 37.16655434099154], [-3.595897184092339, 37.166813054629465], [-3.595866896370981, 37.16682808460811], [-3.595523484253574, 37.16701867943981], [-3.595368321035017, 37.166835093087684], [-3.595352254327455, 37.166815789108945], [-3.595159300744657, 37.166583927421556], [-3.595122130017443, 37.1665392187566]]]]}}, {"type": "Feature", "properties": {"CUSEC": "1808706019", "CDIS": "06", "CSEC": "019", "NMUN": "Granada", "poblaciones": {"2015": 832, "2016": 796, "2017": 830, "2018": 821, "2019": 829, "2020": 874, "2021": 878, "2022": 884, "2023": 898, "2024": 862, "2025": 877}, "superficie_verde_m2": 686, "estacion_cercana": {"name": "Granada Palacio de Congresos", "distancia_m": 331}, "superficie_verde_desglose": {"parques": 623, "jardines": 63, "arbolado": 0}, "centroide": [-3.595378, 37.164387], "equipamientos": {"sanidad": {"n_dentro": 1}, "educacion": {"n_dentro": 0, "mas_cercana_m": 186, "mas_cercana_name": "Garabatos"}, "agua": {"n_dentro": 1}, "reciclaje": {"n_dentro": 1}, "aparcabicis": {"n_dentro": 0, "mas_cercana_m": 271, "mas_cercana_name": "bicycle_parking"}, "patrimonio": {"n_dentro": 0, "mas_cercana_m": 438, "mas_cercana_name": "attraction"}}, "renta": {"2015": 12950, "2016": 13650, "2017": 12950, "2018": 13650, "2019": 15050, "2020": 15050, "2021": 16450, "2022": 17150, "2023": 19250}, "vft": {"n_vfts": 6, "n_plazas": 30, "viviendas_total": 501, "viviendas_fuente": "censo2021", "ratio_vft_pct": 1.2, "serie": {"2015": 0, "2016": 0, "2017": 0, "2018": 0, "2019": 0, "2020": 1, "2021": 1, "2022": 1, "2023": 2, "2024": 6, "2025": 6}}, "renta_med_uc": {"2015": 12950, "2016": 13650, "2017": 12950, "2018": 13650, "2019": 15050, "2020": 15050, "2021": 16450, "2022": 17150, "2023": 19250}, "renta_hogar": {"2015": 25877, "2016": 25555, "2017": 25078, "2018": 25776, "2019": 28748, "2020": 28497, "2021": 29746, "2022": 30314, "2023": 33514}, "renta_persona": {"2015": 10326, "2016": 10692, "2017": 10388, "2018": 10653, "2019": 11745, "2020": 11730, "2021": 12955, "2022": 13303, "2023": 15083}}, "geometry": {"type": "MultiPolygon", "coordinates": [[[[-3.595506297134191, 37.16545279205952], [-3.595418937071805, 37.16534353821828], [-3.595054871329553, 37.16524406796868], [-3.59450170834027, 37.165092970076635], [-3.594097545193395, 37.165307696906176], [-3.594016350647093, 37.165210111341516], [-3.593810919243282, 37.16496317622934], [-3.594114027016971, 37.164837640844084], [-3.594173532839511, 37.16456818396908], [-3.594176793712309, 37.16455166289947], [-3.594236982913857, 37.164255177539985], [-3.594416762161228, 37.16336808953969], [-3.594848358156873, 37.16342308197007], [-3.594888347991589, 37.16342819951901], [-3.59524602951524, 37.16347375784202], [-3.596019052273268, 37.16357217108667], [-3.596375348214826, 37.163617529245826], [-3.596653023704658, 37.16342366178134], [-3.596669157227076, 37.16365640888363], [-3.596685687998441, 37.163895833382696], [-3.596703956983906, 37.164160213518294], [-3.59673142551552, 37.16455535463977], [-3.596733824245335, 37.164658463242375], [-3.596159593470875, 37.16495764420353], [-3.596221434987303, 37.16503433556053], [-3.595771939385793, 37.16560896645723], [-3.595601360245704, 37.16540055205473], [-3.595506297134191, 37.16545279205952]]]]}}, {"type": "Feature", "properties": {"CUSEC": "1808706020", "CDIS": "06", "CSEC": "020", "NMUN": "Granada", "poblaciones": {"2015": 2371, "2016": 2299, "2017": 2270, "2018": 2263, "2019": 2281, "2020": 2239, "2021": 2276, "2022": 2242, "2023": 2205, "2024": 2181, "2025": 2180}, "superficie_verde_m2": 20819, "estacion_cercana": {"name": "Granada Palacio de Congresos", "distancia_m": 1171}, "superficie_verde_desglose": {"parques": 12819, "jardines": 5368, "arbolado": 2632}, "centroide": [-3.591611, 37.157036], "equipamientos": {"sanidad": {"n_dentro": 1}, "educacion": {"n_dentro": 3}, "agua": {"n_dentro": 2}, "reciclaje": {"n_dentro": 0, "mas_cercana_m": 231, "mas_cercana_name": "waste_disposal"}, "aparcabicis": {"n_dentro": 3}, "patrimonio": {"n_dentro": 0, "mas_cercana_m": 1253, "mas_cercana_name": "Helicóptero Augusta Bell"}}, "renta": {"2015": 16450, "2016": 17150, "2017": 17850, "2018": 17850, "2019": 19250, "2020": 19250, "2021": 20650, "2022": 22050, "2023": 23450}, "vft": {"n_vfts": 5, "n_plazas": 20, "viviendas_total": 1164, "viviendas_fuente": "censo2021", "ratio_vft_pct": 0.43, "serie": {"2015": 0, "2016": 0, "2017": 0, "2018": 0, "2019": 0, "2020": 0, "2021": 1, "2022": 1, "2023": 1, "2024": 5, "2025": 5}}, "renta_med_uc": {"2015": 16450, "2016": 17150, "2017": 17850, "2018": 17850, "2019": 19250, "2020": 19250, "2021": 20650, "2022": 22050, "2023": 23450}, "renta_hogar": {"2015": 31802, "2016": 31860, "2017": 32275, "2018": 33346, "2019": 35613, "2020": 35551, "2021": 37159, "2022": 39162, "2023": 40964}, "renta_persona": {"2015": 12649, "2016": 12750, "2017": 12988, "2018": 13578, "2019": 14403, "2020": 14382, "2021": 15333, "2022": 16428, "2023": 17883}}, "geometry": {"type": "MultiPolygon", "coordinates": [[[[-3.587974776011492, 37.15833301929706], [-3.587968027727292, 37.15832429832336], [-3.587686815569086, 37.15796081125222], [-3.587235694886528, 37.15750560643539], [-3.587122440956924, 37.15737059068121], [-3.588435982412847, 37.15681714695083], [-3.588458438498504, 37.15684834669285], [-3.588934729323382, 37.15756278245785], [-3.588969243321753, 37.15761448775326], [-3.589322164540018, 37.15747514541442], [-3.589616411364298, 37.15735784488047], [-3.58964718650877, 37.157346298895504], [-3.589526303764639, 37.15714756245298], [-3.589342441609981, 37.156857771661485], [-3.589227123756711, 37.156706763712954], [-3.589064686900143, 37.15650298627777], [-3.590714074041542, 37.15580539293059], [-3.593060038902065, 37.15480433022409], [-3.593506567830571, 37.15461268062748], [-3.593511433339658, 37.15462412305006], [-3.593583725117393, 37.15472393066422], [-3.594180925400078, 37.155676538510825], [-3.594815135753999, 37.15668815361569], [-3.594812646679981, 37.156688849373914], [-3.594899285649161, 37.156820881498696], [-3.595121748429081, 37.15715870578568], [-3.595309413457423, 37.15744368554919], [-3.595364842356088, 37.15767236505105], [-3.595372370800025, 37.15790512605583], [-3.594614562649735, 37.15815821620396], [-3.594605569595591, 37.15814222892455], [-3.594449542081251, 37.15820189958541], [-3.59347218067497, 37.15808354426998], [-3.593471831561337, 37.15808354601825], [-3.593087550030829, 37.158039945175105], [-3.59292475201968, 37.158021481417535], [-3.592530128655555, 37.15797667304366], [-3.592508384327554, 37.1579741577661], [-3.592412068280878, 37.157956713912235], [-3.592054829868705, 37.158115341024065], [-3.591462670480658, 37.15837818032215], [-3.591300558541162, 37.15813984993404], [-3.591271521050257, 37.158151680634575], [-3.59067858634006, 37.15836519587015], [-3.590197688366016, 37.15853842168344], [-3.589506005948247, 37.158787512718405], [-3.588847996089264, 37.159024476171005], [-3.588545303166934, 37.159133546340165], [-3.588340776216, 37.15882375536874], [-3.58826086703938, 37.1587026957262], [-3.587974776011492, 37.15833301929706]]]]}}, {"type": "Feature", "properties": {"CUSEC": "1808706021", "CDIS": "06", "CSEC": "021", "NMUN": "Granada", "poblaciones": {"2015": 1325, "2016": 1327, "2017": 1330, "2018": 1329, "2019": 1329, "2020": 1312, "2021": 1313, "2022": 1336, "2023": 1300, "2024": 1289, "2025": 1253}, "superficie_verde_m2": 16899, "estacion_cercana": {"name": "Granada Palacio de Congresos", "distancia_m": 1542}, "superficie_verde_desglose": {"parques": 10371, "jardines": 6529, "arbolado": 0}, "centroide": [-3.585134, 37.157142], "equipamientos": {"sanidad": {"n_dentro": 2}, "educacion": {"n_dentro": 0, "mas_cercana_m": 358, "mas_cercana_name": "Colegio Esclavas de la Inmaculada Niña"}, "agua": {"n_dentro": 0, "mas_cercana_m": 348, "mas_cercana_name": "drinking_water"}, "reciclaje": {"n_dentro": 2}, "aparcabicis": {"n_dentro": 2}, "patrimonio": {"n_dentro": 0, "mas_cercana_m": 1276, "mas_cercana_name": "Casa Molino de Ángel Ganivet"}}, "renta": {"2015": 17850, "2016": 18550, "2017": 18550, "2018": 19950, "2019": 21350, "2020": 20650, "2021": 22050, "2022": 23450, "2023": 24850}, "vft": {"n_vfts": 2, "n_plazas": 16, "viviendas_total": 564, "viviendas_fuente": "censo2021", "ratio_vft_pct": 0.35, "serie": {"2015": 0, "2016": 0, "2017": 0, "2018": 1, "2019": 1, "2020": 1, "2021": 1, "2022": 1, "2023": 1, "2024": 2, "2025": 2}}, "renta_med_uc": {"2015": 17850, "2016": 18550, "2017": 18550, "2018": 19950, "2019": 21350, "2020": 20650, "2021": 22050, "2022": 23450, "2023": 24850}, "renta_hogar": {"2015": 33910, "2016": 35557, "2017": 36378, "2018": 37532, "2019": 38798, "2020": 38402, "2021": 40242, "2022": 41977, "2023": 43322}, "renta_persona": {"2015": 12317, "2016": 12891, "2017": 13293, "2018": 13853, "2019": 14553, "2020": 14471, "2021": 15004, "2022": 16036, "2023": 16855}}, "geometry": {"type": "MultiPolygon", "coordinates": [[[[-3.582304548965829, 37.15315763466731], [-3.582441256802448, 37.15329117428486], [-3.582698604963735, 37.15346067451396], [-3.583199724002836, 37.15387952720067], [-3.583485538823668, 37.154048939691585], [-3.583772534983868, 37.15437770084598], [-3.584072346847043, 37.1545128751311], [-3.584444550520749, 37.15481845054074], [-3.584631424204731, 37.15506804415076], [-3.585046455121409, 37.15539619029901], [-3.585533474562131, 37.15582647372982], [-3.585791195754762, 37.15604158003721], [-3.586871607899659, 37.157071509792345], [-3.587122440956924, 37.15737059068121], [-3.587235694886528, 37.15750560643539], [-3.587686815569086, 37.15796081125222], [-3.587968027727292, 37.15832429832336], [-3.587974776011492, 37.15833301929706], [-3.586681183154275, 37.159048361594614], [-3.585626376951936, 37.15975586216142], [-3.585619399470926, 37.1597505531076], [-3.584822753900557, 37.159144516550434], [-3.584450880770949, 37.15880439912677], [-3.584074109688097, 37.15840250875201], [-3.583866625320868, 37.158149256204865], [-3.583658918261754, 37.15786612276143], [-3.58355273040196, 37.15739836065378], [-3.583437966082544, 37.15712322969123], [-3.58340506271312, 37.1569625708725], [-3.583392362261968, 37.156798820823], [-3.583395012742437, 37.15663591012919], [-3.583407575604245, 37.15647324449399], [-3.583426879137369, 37.15631063941624], [-3.583449642112789, 37.15614831025733], [-3.583480229134402, 37.155987074736615], [-3.583520701602125, 37.155827002022455], [-3.583537692774256, 37.155663967507984], [-3.583543042585385, 37.1554991775788], [-3.583518726193578, 37.15533916694268], [-3.583447447358397, 37.15518781024476], [-3.583357140562691, 37.15503932799977], [-3.583290778976624, 37.154885157140455], [-3.583230241479954, 37.154729719045314], [-3.583148230241542, 37.1545805512966], [-3.583062910984699, 37.15443230567448], [-3.582982557024275, 37.154282409423985], [-3.582910969517038, 37.154129593608445], [-3.582838737607028, 37.153977001758406], [-3.58275548954714, 37.15382846627341], [-3.582662425983331, 37.153683562073475], [-3.5825647593509, 37.15354030836275], [-3.582304548965829, 37.15315763466731]]]]}}, {"type": "Feature", "properties": {"CUSEC": "1808706022", "CDIS": "06", "CSEC": "022", "NMUN": "Granada", "poblaciones": {"2015": 1099, "2016": 1084, "2017": 1080, "2018": 1039, "2019": 1045, "2020": 1020, "2021": 1032, "2022": 1037, "2023": 1016, "2024": 995, "2025": 1011}, "superficie_verde_m2": 11549, "estacion_cercana": {"name": "Granada Palacio de Congresos", "distancia_m": 814}, "superficie_verde_desglose": {"parques": 7809, "jardines": 3531, "arbolado": 208}, "centroide": [-3.591239, 37.161543], "equipamientos": {"sanidad": {"n_dentro": 1}, "educacion": {"n_dentro": 1}, "agua": {"n_dentro": 1}, "reciclaje": {"n_dentro": 0, "mas_cercana_m": 287, "mas_cercana_name": "recycling"}, "aparcabicis": {"n_dentro": 2}, "patrimonio": {"n_dentro": 0, "mas_cercana_m": 801, "mas_cercana_name": "Casa Molino de Ángel Ganivet"}}, "renta": {"2015": 18550, "2016": 19250, "2017": 19950, "2018": 20650, "2019": 22050, "2020": 21350, "2021": 22050, "2022": 23450, "2023": 24150}, "vft": {"n_vfts": 2, "n_plazas": 15, "viviendas_total": 508, "viviendas_fuente": "censo2021", "ratio_vft_pct": 0.39, "serie": {"2015": 0, "2016": 0, "2017": 0, "2018": 0, "2019": 0, "2020": 0, "2021": 0, "2022": 1, "2023": 1, "2024": 1, "2025": 2}}, "renta_med_uc": {"2015": 18550, "2016": 19250, "2017": 19950, "2018": 20650, "2019": 22050, "2020": 21350, "2021": 22050, "2022": 23450, "2023": 24150}, "renta_hogar": {"2015": 36848, "2016": 35548, "2017": 36082, "2018": 37906, "2019": 38349, "2020": 39006, "2021": 41503, "2022": 43031, "2023": 45117}, "renta_persona": {"2015": 13177, "2016": 13107, "2017": 13467, "2018": 14610, "2019": 15266, "2020": 15672, "2021": 16659, "2022": 17444, "2023": 18451}}, "geometry": {"type": "MultiPolygon", "coordinates": [[[[-3.590658938744688, 37.16346083117669], [-3.590665911362504, 37.16337626716866], [-3.590515925661097, 37.16303441672937], [-3.590514211629011, 37.163030531200484], [-3.590309083483234, 37.16261832473446], [-3.590173956711963, 37.16236254257821], [-3.590151873781144, 37.16233473513104], [-3.590016154679396, 37.16216359767991], [-3.589813958768743, 37.16190851315567], [-3.589621887340488, 37.161572688599726], [-3.589558484577478, 37.16136901149888], [-3.589512028867402, 37.16121998789741], [-3.589389413251415, 37.160825664119194], [-3.58934628917351, 37.160687164902825], [-3.589302871747043, 37.160547852255135], [-3.589245271896359, 37.160390296249815], [-3.589187997916857, 37.16023362918], [-3.589181063834165, 37.160214504278684], [-3.59136154139943, 37.15938592288924], [-3.591371329536498, 37.159401973150025], [-3.591437122060015, 37.159376244115414], [-3.591655601754713, 37.159720317075084], [-3.591656522277268, 37.15972282289378], [-3.59171829445632, 37.15988842267183], [-3.591787172257294, 37.1600730750918], [-3.591794689425342, 37.16009323354319], [-3.591815986788431, 37.160127187696006], [-3.591839061819792, 37.16016394174635], [-3.592073035749149, 37.160237495944564], [-3.592393306683626, 37.16067964377862], [-3.592387632301709, 37.16113913826079], [-3.592500661614928, 37.16115427207945], [-3.592554990803942, 37.16116184266468], [-3.592768445880663, 37.16119142565192], [-3.592678834083719, 37.1615988565061], [-3.592596123196744, 37.161974983917595], [-3.592599947009007, 37.16211277611975], [-3.593132579006659, 37.162188002781626], [-3.593837204273663, 37.162290922723216], [-3.593831869580871, 37.16231661245665], [-3.593826622339223, 37.16234196372464], [-3.593770348949446, 37.16261424826071], [-3.593758525467404, 37.16267144305634], [-3.592830247151521, 37.16281987354332], [-3.592637007923978, 37.16290991060427], [-3.592740274999068, 37.16315466281806], [-3.592736373710161, 37.16315410993927], [-3.592570420124683, 37.163138379270755], [-3.592534944092502, 37.16313505019295], [-3.592214547944576, 37.16309623816782], [-3.592044286231601, 37.16317649727429], [-3.59198116370636, 37.163224225613156], [-3.591728000051016, 37.16341567021807], [-3.591562619643668, 37.163540734732926], [-3.591413451690781, 37.163653500464804], [-3.591362282922172, 37.163632414154094], [-3.590920446891913, 37.16352058233231], [-3.590916931557958, 37.16351969394931], [-3.590658938744688, 37.16346083117669]]]]}}, {"type": "Feature", "properties": {"CUSEC": "1808706023", "CDIS": "06", "CSEC": "023", "NMUN": "Granada", "poblaciones": {"2015": 1959, "2016": 1969, "2017": 1937, "2018": 1945, "2019": 1922, "2020": 1880, "2021": 1873, "2022": 1860, "2023": 1819, "2024": 1822, "2025": 1804}, "superficie_verde_m2": 40471, "estacion_cercana": {"name": "Granada Palacio de Congresos", "distancia_m": 2228}, "superficie_verde_desglose": {"parques": 24699, "jardines": 12336, "arbolado": 3436}, "centroide": [-3.586689, 37.148316], "equipamientos": {"sanidad": {"n_dentro": 2}, "educacion": {"n_dentro": 2}, "agua": {"n_dentro": 4}, "reciclaje": {"n_dentro": 15}, "aparcabicis": {"n_dentro": 1}, "patrimonio": {"n_dentro": 0, "mas_cercana_m": 2180, "mas_cercana_name": "viewpoint"}}, "renta": {"2015": 19250, "2016": 19950, "2017": 20650, "2018": 21350, "2019": 22050, "2020": 22050, "2021": 24150, "2022": 24850, "2023": 26250}, "vft": {"n_vfts": 4, "n_plazas": 31, "viviendas_total": 788, "viviendas_fuente": "censo2021", "ratio_vft_pct": 0.51, "serie": {"2015": 0, "2016": 0, "2017": 0, "2018": 0, "2019": 0, "2020": 0, "2021": 0, "2022": 0, "2023": 2, "2024": 4, "2025": 4}}, "renta_med_uc": {"2015": 19250, "2016": 19950, "2017": 20650, "2018": 21350, "2019": 22050, "2020": 22050, "2021": 24150, "2022": 24850, "2023": 26250}, "renta_hogar": {"2015": 39219, "2016": 39276, "2017": 40747, "2018": 42103, "2019": 43379, "2020": 43199, "2021": 45183, "2022": 47643, "2023": 52154}, "renta_persona": {"2015": 13468, "2016": 13711, "2017": 14244, "2018": 14874, "2019": 15554, "2020": 15934, "2021": 16638, "2022": 17692, "2023": 18853}}, "geometry": {"type": "MultiPolygon", "coordinates": [[[[-3.587122440956924, 37.15737059068121], [-3.586871607899659, 37.157071509792345], [-3.585791195754762, 37.15604158003721], [-3.585533474562131, 37.15582647372982], [-3.585046455121409, 37.15539619029901], [-3.584631424204731, 37.15506804415076], [-3.584444550520749, 37.15481845054074], [-3.584072346847043, 37.1545128751311], [-3.583772534983868, 37.15437770084598], [-3.583485538823668, 37.154048939691585], [-3.583199724002836, 37.15387952720067], [-3.582698604963735, 37.15346067451396], [-3.582441256802448, 37.15329117428486], [-3.582304548965829, 37.15315763466731], [-3.582197585808786, 37.153053244500825], [-3.581810687246426, 37.15267937130958], [-3.58156726504852, 37.15247561581804], [-3.581152329637945, 37.15215882799284], [-3.581144893173667, 37.15215182987593], [-3.580550546204706, 37.151592474654144], [-3.580092865762169, 37.151264486004], [-3.579536260438379, 37.1505131537768], [-3.579689712138519, 37.15039758385736], [-3.579699694657942, 37.15023525915286], [-3.579209052932136, 37.14939035735514], [-3.579113658437385, 37.14869671164484], [-3.579120508635848, 37.14811977809658], [-3.579559276178721, 37.1479305957888], [-3.582431437006603, 37.146688380915386], [-3.58287530837562, 37.14729919678276], [-3.583067544256256, 37.14740639494471], [-3.583608000095284, 37.14739471189617], [-3.584597402671017, 37.14720055027311], [-3.585989746920212, 37.146679885752086], [-3.586696704371191, 37.14636990799044], [-3.586149198603757, 37.145960231811586], [-3.585484887146762, 37.145465476513195], [-3.582168231210644, 37.14320125505386], [-3.580921424532794, 37.142125647806665], [-3.579689599616549, 37.14153671011072], [-3.578582296886151, 37.14102829835785], [-3.578423093748741, 37.140821767533026], [-3.578940905590696, 37.14081023985923], [-3.57990927151724, 37.1408573686937], [-3.581328827506759, 37.140924772296366], [-3.582306794225727, 37.140712666798855], [-3.583462738045902, 37.14021121025763], [-3.584102817692571, 37.13999173951501], [-3.584733270713012, 37.1399796278255], [-3.585533501186315, 37.140083845648434], [-3.586096197197709, 37.14004501823506], [-3.588995844913018, 37.13936362705908], [-3.589557116692744, 37.13914451758634], [-3.589571373272497, 37.139136679237595], [-3.589571390349757, 37.13913670349069], [-3.589946791472977, 37.13975299019943], [-3.59006693091729, 37.140091038777456], [-3.590258119174391, 37.1405040001341], [-3.590473294654389, 37.140973294158364], [-3.590594875119999, 37.141499468771904], [-3.590597361578089, 37.14181928956635], [-3.590764060712237, 37.14210069066285], [-3.590765523614535, 37.14228879915134], [-3.590838233036964, 37.14257068476039], [-3.590933689018206, 37.142758324661614], [-3.59119542980775, 37.14317093431582], [-3.591150189530599, 37.14339693472239], [-3.591084089814197, 37.14396168457497], [-3.591133428974326, 37.14426246007834], [-3.591066886947806, 37.144770760483965], [-3.591116080224404, 37.14505272610253], [-3.591164684889008, 37.14525944961242], [-3.591308188187792, 37.14557854962875], [-3.591452403021563, 37.145991759163365], [-3.591501451805425, 37.14625487774646], [-3.591714892976742, 37.146498420122796], [-3.591787001081863, 37.146705025076976], [-3.591789053322276, 37.146968413301124], [-3.591791692864593, 37.14730702733809], [-3.591726472019131, 37.14798464250085], [-3.591694223405871, 37.14815515955772], [-3.591658781205595, 37.14834245601419], [-3.591802101085612, 37.148642761814074], [-3.591969260830715, 37.14898057398826], [-3.592064723642928, 37.14916824875883], [-3.592137301239706, 37.14943128634221], [-3.592138621494457, 37.14960061356564], [-3.592284756048155, 37.150258371086714], [-3.592381102821715, 37.15055891079845], [-3.592477347558174, 37.15084064307059], [-3.592573554700437, 37.151122370929535], [-3.592514441490808, 37.151278663023135], [-3.592444258492084, 37.15174156532165], [-3.592339960748872, 37.152549060105514], [-3.592282214438488, 37.153031528186425], [-3.592134023726651, 37.153453147070095], [-3.59211500439514, 37.153587623764665], [-3.592120388416963, 37.15368667945926], [-3.592172982653738, 37.15381196456481], [-3.592278372303577, 37.15396972579379], [-3.592481954245758, 37.154197031749334], [-3.59250078659502, 37.15421689473741], [-3.593060038902065, 37.15480433022409], [-3.590714074041542, 37.15580539293059], [-3.589064686900143, 37.15650298627777], [-3.589227123756711, 37.156706763712954], [-3.589342441609981, 37.156857771661485], [-3.589526303764639, 37.15714756245298], [-3.58964718650877, 37.157346298895504], [-3.589616411364298, 37.15735784488047], [-3.589322164540018, 37.15747514541442], [-3.588969243321753, 37.15761448775326], [-3.588934729323382, 37.15756278245785], [-3.588458438498504, 37.15684834669285], [-3.588435982412847, 37.15681714695083], [-3.587122440956924, 37.15737059068121]]]]}}, {"type": "Feature", "properties": {"CUSEC": "1808706024", "CDIS": "06", "CSEC": "024", "NMUN": "Granada", "poblaciones": {"2015": 844, "2016": 822, "2017": 808, "2018": 794, "2019": 798, "2020": 771, "2021": 770, "2022": 765, "2023": 764, "2024": 785, "2025": 767}, "superficie_verde_m2": 1767, "estacion_cercana": {"name": "Granada Palacio de Congresos", "distancia_m": 971}, "superficie_verde_desglose": {"parques": 1586, "jardines": 0, "arbolado": 181}, "centroide": [-3.588667, 37.162176], "equipamientos": {"sanidad": {"n_dentro": 1}, "educacion": {"n_dentro": 1}, "agua": {"n_dentro": 0, "mas_cercana_m": 287, "mas_cercana_name": "fountain"}, "reciclaje": {"n_dentro": 0, "mas_cercana_m": 181, "mas_cercana_name": "recycling"}, "aparcabicis": {"n_dentro": 0, "mas_cercana_m": 72, "mas_cercana_name": "bicycle_parking"}, "patrimonio": {"n_dentro": 0, "mas_cercana_m": 687, "mas_cercana_name": "Casa Molino de Ángel Ganivet"}}, "renta": {"2015": 16450, "2016": 17150, "2017": 17850, "2018": 18200, "2019": 20650, "2020": 19950, "2021": 22050, "2022": 23450, "2023": 25550}, "vft": {"n_vfts": 1, "n_plazas": 13, "viviendas_total": 329, "viviendas_fuente": "censo2021", "ratio_vft_pct": 0.3, "serie": {"2015": 0, "2016": 0, "2017": 0, "2018": 0, "2019": 0, "2020": 0, "2021": 0, "2022": 1, "2023": 1, "2024": 1, "2025": 1}}, "renta_med_uc": {"2015": 16450, "2016": 17150, "2017": 17850, "2018": 18200, "2019": 20650, "2020": 19950, "2021": 22050, "2022": 23450, "2023": 25550}, "renta_hogar": {"2015": 34278, "2016": 35156, "2017": 34610, "2018": 34498, "2019": 37269, "2020": 38291, "2021": 38487, "2022": 42869, "2023": 48871}, "renta_persona": {"2015": 12986, "2016": 13409, "2017": 13600, "2018": 13676, "2019": 14804, "2020": 15317, "2021": 15547, "2022": 17605, "2023": 19485}}, "geometry": {"type": "MultiPolygon", "coordinates": [[[[-3.58735826663571, 37.16330030514514], [-3.587306468416058, 37.16323699387082], [-3.587201120238685, 37.16310825351635], [-3.587147198759015, 37.16302012889182], [-3.587130287673164, 37.16299248455188], [-3.587123220868736, 37.16296781655337], [-3.587057127795558, 37.162738141420895], [-3.586970824341526, 37.16243801695815], [-3.586948741848242, 37.162361322091414], [-3.586944368082841, 37.16235063505871], [-3.586932632714687, 37.16232156426811], [-3.586920805235609, 37.16229223252482], [-3.586808758782993, 37.16185840375014], [-3.586786360205259, 37.16167302344938], [-3.586788058336887, 37.16136176874778], [-3.589245271896359, 37.160390296249815], [-3.589302871747043, 37.160547852255135], [-3.58934628917351, 37.160687164902825], [-3.589389413251415, 37.160825664119194], [-3.589512028867402, 37.16121998789741], [-3.589558484577478, 37.16136901149888], [-3.589621887340488, 37.161572688599726], [-3.589813958768743, 37.16190851315567], [-3.590016154679396, 37.16216359767991], [-3.590151873781144, 37.16233473513104], [-3.590173956711963, 37.16236254257821], [-3.590309083483234, 37.16261832473446], [-3.590514211629011, 37.163030531200484], [-3.590515925661097, 37.16303441672937], [-3.590665911362504, 37.16337626716866], [-3.590658938744688, 37.16346083117669], [-3.590655424293214, 37.163460055457115], [-3.590226467299694, 37.163707884147655], [-3.590017058662431, 37.1638288660884], [-3.589903620740744, 37.163894502347325], [-3.589705697976006, 37.16400877870027], [-3.589678417446569, 37.164024543911765], [-3.589373641331466, 37.163644777486226], [-3.589240879371776, 37.16343317573026], [-3.589042151980239, 37.163169431830234], [-3.588834431462994, 37.16289857691148], [-3.588774243112421, 37.1628225566891], [-3.588732117840884, 37.162770296979694], [-3.588717070791439, 37.16275129168796], [-3.588702370837912, 37.162730423268236], [-3.58814365682549, 37.1629672915021], [-3.588134187700244, 37.162971309186766], [-3.587442041392566, 37.16326477205202], [-3.58735826663571, 37.16330030514514]]]]}}, {"type": "Feature", "properties": {"CUSEC": "1808706025", "CDIS": "06", "CSEC": "025", "NMUN": "Granada", "poblaciones": {"2015": 1556, "2016": 1550, "2017": 1556, "2018": 1531, "2019": 1552, "2020": 1538, "2021": 1618, "2022": 1564, "2023": 1537, "2024": 1498, "2025": 1527}, "superficie_verde_m2": 894, "estacion_cercana": {"name": "Granada Palacio de Congresos", "distancia_m": 1189}, "superficie_verde_desglose": {"parques": 0, "jardines": 861, "arbolado": 33}, "centroide": [-3.587525, 37.159873], "equipamientos": {"sanidad": {"n_dentro": 2}, "educacion": {"n_dentro": 1}, "agua": {"n_dentro": 0, "mas_cercana_m": 151, "mas_cercana_name": "drinking_water"}, "reciclaje": {"n_dentro": 0, "mas_cercana_m": 231, "mas_cercana_name": "recycling"}, "aparcabicis": {"n_dentro": 0, "mas_cercana_m": 144, "mas_cercana_name": "bicycle_parking"}, "patrimonio": {"n_dentro": 0, "mas_cercana_m": 945, "mas_cercana_name": "Casa Molino de Ángel Ganivet"}}, "renta": {"2015": 14350, "2016": 15050, "2017": 15750, "2018": 15750, "2019": 17850, "2020": 17150, "2021": 18550, "2022": 19250, "2023": 21350}, "vft": {"n_vfts": 7, "n_plazas": 34, "viviendas_total": 728, "viviendas_fuente": "censo2021", "ratio_vft_pct": 0.96, "serie": {"2015": 0, "2016": 0, "2017": 1, "2018": 2, "2019": 2, "2020": 2, "2021": 2, "2022": 3, "2023": 4, "2024": 7, "2025": 7}}, "renta_med_uc": {"2015": 14350, "2016": 15050, "2017": 15750, "2018": 15750, "2019": 17850, "2020": 17150, "2021": 18550, "2022": 19250, "2023": 21350}, "renta_hogar": {"2015": 26497, "2016": 27241, "2017": 29699, "2018": 30182, "2019": 31597, "2020": 31847, "2021": 33440, "2022": 34913, "2023": 36600}, "renta_persona": {"2015": 10044, "2016": 10509, "2017": 11282, "2018": 11694, "2019": 12111, "2020": 12349, "2021": 13228, "2022": 14331, "2023": 15397}}, "geometry": {"type": "MultiPolygon", "coordinates": [[[[-3.585626376951936, 37.15975586216142], [-3.586681183154275, 37.159048361594614], [-3.587974776011492, 37.15833301929706], [-3.58826086703938, 37.1587026957262], [-3.588340776216, 37.15882375536874], [-3.588545303166934, 37.159133546340165], [-3.588677260027669, 37.15933333743601], [-3.588824955797582, 37.159556960863654], [-3.588956686656399, 37.15975660852673], [-3.588982145244624, 37.15979506216353], [-3.589131150155364, 37.16008628319663], [-3.589141528445736, 37.1601065907501], [-3.589181063834165, 37.160214504278684], [-3.589187997916857, 37.16023362918], [-3.589245271896359, 37.160390296249815], [-3.586788058336887, 37.16136176874778], [-3.586788345081216, 37.16130911172609], [-3.5867889608788, 37.16120373437342], [-3.586789318514075, 37.16114873785199], [-3.586665091308864, 37.16085648983752], [-3.586348462644914, 37.16034597012517], [-3.586203682412432, 37.16020586787163], [-3.586115338887242, 37.16012789965972], [-3.586080468245032, 37.16010138059123], [-3.585626376951936, 37.15975586216142]]]]}}, {"type": "Feature", "properties": {"CUSEC": "1808707001", "CDIS": "07", "CSEC": "001", "NMUN": "Granada", "poblaciones": {"2015": 1036, "2016": 1039, "2017": 1000, "2018": 1006, "2019": 1014, "2020": 1035, "2021": 1034, "2022": 997, "2023": 1010, "2024": 1008, "2025": 1013}, "superficie_verde_m2": 100, "estacion_cercana": {"name": "Granada Palacio de Congresos", "distancia_m": 1655}, "superficie_verde_desglose": {"parques": 0, "jardines": 100, "arbolado": 0}, "centroide": [-3.599179, 37.18096], "equipamientos": {"sanidad": {"n_dentro": 1}, "educacion": {"n_dentro": 2}, "agua": {"n_dentro": 2}, "reciclaje": {"n_dentro": 4}, "aparcabicis": {"n_dentro": 1}, "patrimonio": {"n_dentro": 3}}, "renta": {"2015": 12950, "2016": 12950, "2017": 12950, "2018": 13650, "2019": 14350, "2020": 14350, "2021": 16800, "2022": 17150, "2023": 17850}, "vft": {"n_vfts": 176, "n_plazas": 858, "viviendas_total": 988, "viviendas_fuente": "censo2021", "ratio_vft_pct": 17.81, "serie": {"2015": 0, "2016": 9, "2017": 21, "2018": 43, "2019": 64, "2020": 70, "2021": 79, "2022": 91, "2023": 127, "2024": 172, "2025": 176}}, "renta_med_uc": {"2015": 12950, "2016": 12950, "2017": 12950, "2018": 13650, "2019": 14350, "2020": 14350, "2021": 16800, "2022": 17150, "2023": 17850}, "renta_hogar": {"2015": 24191, "2016": 23280, "2017": 24062, "2018": 25406, "2019": 26627, "2020": 24909, "2021": 26224, "2022": 29071, "2023": 31747}, "renta_persona": {"2015": 11388, "2016": 11085, "2017": 11767, "2018": 12676, "2019": 13535, "2020": 12517, "2021": 13933, "2022": 15175, "2023": 17079}}, "geometry": {"type": "MultiPolygon", "coordinates": [[[[-3.597595967225184, 37.18247591312231], [-3.597616550054693, 37.18239729720729], [-3.597771002915183, 37.18218388728498], [-3.597850454608012, 37.18200150238692], [-3.597825254693605, 37.181875044769235], [-3.597976002653598, 37.181578431326756], [-3.598040261795894, 37.18156983754011], [-3.598040165278529, 37.18156902676553], [-3.598046477294061, 37.18126907954303], [-3.598076242430554, 37.18107621766611], [-3.598167166487179, 37.180674995326804], [-3.598172266382009, 37.1804929846119], [-3.598204351639167, 37.18034598422243], [-3.598202551498905, 37.18032256586973], [-3.598187507218094, 37.180129082840736], [-3.598165471886097, 37.17995891020277], [-3.598128351417412, 37.17979505501621], [-3.5980616485545, 37.17959265554141], [-3.5981188728302, 37.17958217723714], [-3.598197271954314, 37.17931875227587], [-3.598162785960193, 37.17924338345835], [-3.598215599183948, 37.179214281869825], [-3.598291402462902, 37.179312720764585], [-3.598297114227424, 37.179319894127445], [-3.598308526221206, 37.1793306353015], [-3.59832753398148, 37.17935103269942], [-3.598404578772087, 37.17931962726829], [-3.598442611159069, 37.17930400317736], [-3.598439155763475, 37.17929582237586], [-3.598467319314595, 37.17928585934995], [-3.598423887943595, 37.17919971986489], [-3.598393753353314, 37.179140320013424], [-3.598404400679884, 37.17913624147971], [-3.598413992167372, 37.1791325558805], [-3.59841224142516, 37.1791269715213], [-3.598396432947218, 37.1791001354874], [-3.59838335952159, 37.17907799095874], [-3.598441738405515, 37.179046850133076], [-3.5985532674944, 37.17900851442052], [-3.598514220263603, 37.17892261422395], [-3.598324593522475, 37.178711397143445], [-3.598312910106791, 37.17869836777806], [-3.59828353319097, 37.178671582212736], [-3.598233970644175, 37.17862628820361], [-3.59820454801442, 37.17859941270875], [-3.598105517811966, 37.17849896728707], [-3.598271055951371, 37.17843475576518], [-3.598322299653005, 37.17842026386987], [-3.598883293756428, 37.17826203245629], [-3.598948924727094, 37.178380479409356], [-3.599104261879003, 37.17866112812924], [-3.599299434667516, 37.17901385409089], [-3.599311514693178, 37.179035706079624], [-3.599606772952575, 37.179569023236226], [-3.599803636807533, 37.179924872110625], [-3.600018763209214, 37.180313398620015], [-3.600034511749856, 37.18034195190329], [-3.600180080559417, 37.1805999287215], [-3.600430299508621, 37.18104351006305], [-3.600760169242079, 37.18162802500282], [-3.600802343402913, 37.18170355595], [-3.60100780309023, 37.18207078884058], [-3.601254155116866, 37.1825113646101], [-3.600173101516642, 37.182267115839984], [-3.599837373674352, 37.18256780372166], [-3.599744955736231, 37.182715551588196], [-3.599591538028798, 37.18272570625126], [-3.599191621290827, 37.182752063622274], [-3.598973722746579, 37.18276640967224], [-3.598900957005011, 37.18270009541225], [-3.59900602655121, 37.18259138704442], [-3.598869219100318, 37.18257269306556], [-3.598354669521751, 37.182527162371656], [-3.598313745587068, 37.18252347407813], [-3.598217422684069, 37.1825171449487], [-3.598103330656905, 37.18250958037999], [-3.597912499814125, 37.182496917048276], [-3.597595967225184, 37.18247591312231]]]]}}, {"type": "Feature", "properties": {"CUSEC": "1808707004", "CDIS": "07", "CSEC": "004", "NMUN": "Granada", "poblaciones": {"2015": 737, "2016": 743, "2017": 764, "2018": 755, "2019": 771, "2020": 782, "2021": 806, "2022": 785, "2023": 816, "2024": 797, "2025": 832}, "superficie_verde_m2": 3749, "estacion_cercana": {"name": "Granada Palacio de Congresos", "distancia_m": 1404}, "superficie_verde_desglose": {"parques": 0, "jardines": 3749, "arbolado": 0}, "centroide": [-3.601024, 37.178537], "equipamientos": {"sanidad": {"n_dentro": 1}, "educacion": {"n_dentro": 0, "mas_cercana_m": 184, "mas_cercana_name": "Biblioteca de Derecho"}, "agua": {"n_dentro": 1}, "reciclaje": {"n_dentro": 1}, "aparcabicis": {"n_dentro": 1}, "patrimonio": {"n_dentro": 1}}, "renta": {"2015": 17150, "2016": 17850, "2017": 16450, "2018": 17500, "2019": 18550, "2020": 18550, "2021": 19250, "2022": 19250, "2023": 19950}, "vft": {"n_vfts": 102, "n_plazas": 504, "viviendas_total": 699, "viviendas_fuente": "censo2021", "ratio_vft_pct": 14.59, "serie": {"2015": 0, "2016": 1, "2017": 17, "2018": 27, "2019": 35, "2020": 37, "2021": 41, "2022": 44, "2023": 67, "2024": 91, "2025": 100}}, "renta_med_uc": {"2015": 17150, "2016": 17850, "2017": 16450, "2018": 17500, "2019": 18550, "2020": 18550, "2021": 19250, "2022": 19250, "2023": 19950}, "renta_hogar": {"2015": 27957, "2016": 29309, "2017": 28458, "2018": 28966, "2019": 30235, "2020": 29337, "2021": 29816, "2022": 31332, "2023": 32873}, "renta_persona": {"2015": 12577, "2016": 13304, "2017": 12863, "2018": 13156, "2019": 13696, "2020": 13799, "2021": 14397, "2022": 15666, "2023": 16481}}, "geometry": {"type": "MultiPolygon", "coordinates": [[[[-3.599803636807533, 37.179924872110625], [-3.599606772952575, 37.179569023236226], [-3.599311514693178, 37.179035706079624], [-3.599299434667516, 37.17901385409089], [-3.599104261879003, 37.17866112812924], [-3.598948924727094, 37.178380479409356], [-3.599336341692828, 37.178109346334004], [-3.599370028769302, 37.178154093716714], [-3.599520127816301, 37.178259151778114], [-3.59957767595196, 37.17823065119789], [-3.599857419138583, 37.17807664320443], [-3.599900657135024, 37.17807110692788], [-3.599913164638675, 37.17808931953573], [-3.600006758427391, 37.17828427056222], [-3.600018727566282, 37.17831559317574], [-3.600145594015083, 37.17826536992719], [-3.600218550520679, 37.178228056403064], [-3.600510810609119, 37.178078653630635], [-3.600553781516509, 37.17805717176045], [-3.600835976922551, 37.17791584618663], [-3.600809345207908, 37.17789153880198], [-3.600648770345956, 37.17774544054106], [-3.600620533574129, 37.17771972244184], [-3.60087763907278, 37.17754481509925], [-3.600959925420752, 37.17748873618316], [-3.601491381104917, 37.17712713262374], [-3.601640240725681, 37.17702578576405], [-3.601700017345674, 37.176985180524184], [-3.60154317143648, 37.17674233050667], [-3.601390946156553, 37.17643849856662], [-3.601390265991221, 37.17643724906918], [-3.601547277088134, 37.17639262767487], [-3.601888266400104, 37.17689417612678], [-3.602153401699232, 37.17728432974166], [-3.602389913823518, 37.17763231552224], [-3.602587940966971, 37.17792372621276], [-3.602671348241904, 37.17804643896466], [-3.602695250934994, 37.17808164874824], [-3.602908414939652, 37.17839074400739], [-3.603059281875903, 37.178609442439], [-3.602675734025822, 37.17878484805128], [-3.601908865260168, 37.17914846242558], [-3.601879235022841, 37.17910696816326], [-3.601505078811805, 37.17937137630671], [-3.601439576385606, 37.179417674914774], [-3.601070077422815, 37.17967879045937], [-3.600663841591234, 37.179965790065296], [-3.600638200918938, 37.17996429301672], [-3.600487495239194, 37.17995556872981], [-3.599836250164503, 37.17991774818586], [-3.599803636807533, 37.179924872110625]]]]}}, {"type": "Feature", "properties": {"CUSEC": "1808707005", "CDIS": "07", "CSEC": "005", "NMUN": "Granada", "poblaciones": {"2015": 1278, "2016": 1281, "2017": 1316, "2018": 1331, "2019": 1353, "2020": 1372, "2021": 1356, "2022": 1325, "2023": 1392, "2024": 1441, "2025": 1441}, "superficie_verde_m2": 571, "estacion_cercana": {"name": "Granada Palacio de Congresos", "distancia_m": 1636}, "superficie_verde_desglose": {"parques": 0, "jardines": 571, "arbolado": 0}, "centroide": [-3.601869, 37.180548], "equipamientos": {"sanidad": {"n_dentro": 5}, "educacion": {"n_dentro": 2}, "agua": {"n_dentro": 1}, "reciclaje": {"n_dentro": 9}, "aparcabicis": {"n_dentro": 2}, "patrimonio": {"n_dentro": 0, "mas_cercana_m": 223, "mas_cercana_name": "Monasterio de Santa Paula"}}, "renta": {"2015": 15050, "2016": 16450, "2017": 16450, "2018": 17850, "2019": 18550, "2020": 17850, "2021": 19950, "2022": 19250, "2023": 20650}, "vft": {"n_vfts": 85, "n_plazas": 455, "viviendas_total": 1248, "viviendas_fuente": "censo2021", "ratio_vft_pct": 6.81, "serie": {"2015": 0, "2016": 9, "2017": 11, "2018": 24, "2019": 33, "2020": 35, "2021": 39, "2022": 43, "2023": 57, "2024": 85, "2025": 85}}, "renta_med_uc": {"2015": 15050, "2016": 16450, "2017": 16450, "2018": 17850, "2019": 18550, "2020": 17850, "2021": 19950, "2022": 19250, "2023": 20650}, "renta_hogar": {"2015": 30392, "2016": 31520, "2017": 32254, "2018": 33654, "2019": 32019, "2020": 31362, "2021": 34591, "2022": 35317, "2023": 36976}, "renta_persona": {"2015": 13513, "2016": 13920, "2017": 14158, "2018": 15052, "2019": 14384, "2020": 14158, "2021": 16022, "2022": 16377, "2023": 17685}}, "geometry": {"type": "MultiPolygon", "coordinates": [[[[-3.60207286835404, 37.18295191362006], [-3.601312680480104, 37.18256033911899], [-3.601266503157668, 37.182532917559854], [-3.601254155116866, 37.1825113646101], [-3.60100780309023, 37.18207078884058], [-3.600802343402913, 37.18170355595], [-3.600760169242079, 37.18162802500282], [-3.600430299508621, 37.18104351006305], [-3.600180080559417, 37.1805999287215], [-3.600034511749856, 37.18034195190329], [-3.600018763209214, 37.180313398620015], [-3.599803636807533, 37.179924872110625], [-3.599836250164503, 37.17991774818586], [-3.600487495239194, 37.17995556872981], [-3.600638200918938, 37.17996429301672], [-3.600663841591234, 37.179965790065296], [-3.601070077422815, 37.17967879045937], [-3.601439576385606, 37.179417674914774], [-3.601505078811805, 37.17937137630671], [-3.601879235022841, 37.17910696816326], [-3.601908865260168, 37.17914846242558], [-3.602675734025822, 37.17878484805128], [-3.603059281875903, 37.178609442439], [-3.602908414939652, 37.17839074400739], [-3.60363076882661, 37.17807390647391], [-3.603675727741287, 37.1780554736075], [-3.603709989392204, 37.17804116145354], [-3.603722749943842, 37.17803585027566], [-3.603726159826929, 37.17804107906248], [-3.603728566045943, 37.17804475804429], [-3.603747384696189, 37.178075931799796], [-3.603867662085873, 37.178250661432976], [-3.603946506984337, 37.1783652884106], [-3.603954606542863, 37.178377303379854], [-3.603979779766078, 37.17841494922339], [-3.603955048055669, 37.17843290412121], [-3.603922201482353, 37.178456593630834], [-3.603733054580691, 37.178653088795585], [-3.603434570875159, 37.17915352904404], [-3.603394088533872, 37.17922144852955], [-3.603334416733243, 37.179321515064565], [-3.603056483377897, 37.179787326885425], [-3.603052931365118, 37.17979341590632], [-3.602950549560714, 37.17990811663599], [-3.602616972942589, 37.18028192411136], [-3.602648536514277, 37.18030007555553], [-3.602681033438867, 37.18031872252171], [-3.60262954069305, 37.180740390716], [-3.602581940770868, 37.18112957958361], [-3.602558477020332, 37.181321634394926], [-3.602525003650548, 37.18159510152061], [-3.602505144514921, 37.181758631147865], [-3.602484793462822, 37.18192477372829], [-3.602470101191372, 37.182044545565965], [-3.602425780953284, 37.1824078555016], [-3.602419974416378, 37.182455497959374], [-3.602407794901589, 37.182554786173256], [-3.602361123335753, 37.1831017198971], [-3.60207286835404, 37.18295191362006]]]]}}, {"type": "Feature", "properties": {"CUSEC": "1808707006", "CDIS": "07", "CSEC": "006", "NMUN": "Granada", "poblaciones": {"2015": 1062, "2016": 1069, "2017": 1070, "2018": 1084, "2019": 1091, "2020": 1123, "2021": 1118, "2022": 1117, "2023": 1111, "2024": 1116, "2025": 1133}, "superficie_verde_m2": 221, "estacion_cercana": {"name": "Granada Palacio de Congresos", "distancia_m": 1328}, "superficie_verde_desglose": {"parques": 0, "jardines": 221, "arbolado": 0}, "centroide": [-3.603723, 37.177262], "equipamientos": {"sanidad": {"n_dentro": 2}, "educacion": {"n_dentro": 1}, "agua": {"n_dentro": 4}, "reciclaje": {"n_dentro": 0, "mas_cercana_m": 184, "mas_cercana_name": "recycling"}, "aparcabicis": {"n_dentro": 0, "mas_cercana_m": 181, "mas_cercana_name": "bicycle_parking"}, "patrimonio": {"n_dentro": 0, "mas_cercana_m": 402, "mas_cercana_name": "Monasterio de Santa Paula"}}, "renta": {"2015": 19250, "2016": 19950, "2017": 20650, "2018": 20650, "2019": 22050, "2020": 20650, "2021": 22050, "2022": 22750, "2023": 24850}, "vft": {"n_vfts": 64, "n_plazas": 262, "viviendas_total": 968, "viviendas_fuente": "censo2021", "ratio_vft_pct": 6.61, "serie": {"2015": 0, "2016": 0, "2017": 8, "2018": 15, "2019": 22, "2020": 24, "2021": 27, "2022": 33, "2023": 44, "2024": 64, "2025": 64}}, "renta_med_uc": {"2015": 19250, "2016": 19950, "2017": 20650, "2018": 20650, "2019": 22050, "2020": 20650, "2021": 22050, "2022": 22750, "2023": 24850}, "renta_hogar": {"2015": 34062, "2016": 33361, "2017": 32594, "2018": 33769, "2019": 35112, "2020": 35189, "2021": 35333, "2022": 36211, "2023": 39685}, "renta_persona": {"2015": 14271, "2016": 14483, "2017": 14424, "2018": 15247, "2019": 15757, "2020": 15850, "2021": 16257, "2022": 17153, "2023": 18788}}, "geometry": {"type": "MultiPolygon", "coordinates": [[[[-3.602908414939652, 37.17839074400739], [-3.602695250934994, 37.17808164874824], [-3.602671348241904, 37.17804643896466], [-3.602587940966971, 37.17792372621276], [-3.602389913823518, 37.17763231552224], [-3.602153401699232, 37.17728432974166], [-3.601888266400104, 37.17689417612678], [-3.601547277088134, 37.17639262767487], [-3.601762989550966, 37.176331424130375], [-3.601958761128936, 37.17627582456243], [-3.602189385671793, 37.17621026282301], [-3.602208618063119, 37.17623551251912], [-3.602743181843896, 37.177034238631464], [-3.60295927247588, 37.17694255457277], [-3.603345308468288, 37.17677898429179], [-3.60332626811275, 37.176751741707285], [-3.603693830736215, 37.1765954665587], [-3.603914474723629, 37.17650168884268], [-3.603939599769927, 37.176490910714115], [-3.604004187294783, 37.176463206805735], [-3.604028215288159, 37.176499284642496], [-3.604597604012406, 37.17625698623921], [-3.604979229355679, 37.17651607550485], [-3.605317523392654, 37.17674594418869], [-3.605554702136657, 37.176906987421006], [-3.605824780315883, 37.177082018486054], [-3.605859333854465, 37.17710436334779], [-3.605317815752983, 37.17747709893488], [-3.60507764908198, 37.17764243761103], [-3.604825229165339, 37.17781607716321], [-3.604612594452568, 37.177962462091415], [-3.604504108099937, 37.17803711989047], [-3.604476664850565, 37.178056030696354], [-3.603979779766078, 37.17841494922339], [-3.603954606542863, 37.178377303379854], [-3.603946506984337, 37.1783652884106], [-3.603867662085873, 37.178250661432976], [-3.603747384696189, 37.178075931799796], [-3.603728566045943, 37.17804475804429], [-3.603726159826929, 37.17804107906248], [-3.603722749943842, 37.17803585027566], [-3.603709989392204, 37.17804116145354], [-3.603675727741287, 37.1780554736075], [-3.60363076882661, 37.17807390647391], [-3.602908414939652, 37.17839074400739]]]]}}, {"type": "Feature", "properties": {"CUSEC": "1808707008", "CDIS": "07", "CSEC": "008", "NMUN": "Granada", "poblaciones": {"2015": 1309, "2016": 1266, "2017": 1274, "2018": 1267, "2019": 1242, "2020": 1217, "2021": 1275, "2022": 1293, "2023": 1323, "2024": 1321, "2025": 1333}, "superficie_verde_m2": 3103, "estacion_cercana": {"name": "Granada Norte", "distancia_m": 1743}, "superficie_verde_desglose": {"parques": 2102, "jardines": 1001, "arbolado": 0}, "centroide": [-3.603954, 37.182019], "equipamientos": {"sanidad": {"n_dentro": 3}, "educacion": {"n_dentro": 3}, "agua": {"n_dentro": 2}, "reciclaje": {"n_dentro": 6}, "aparcabicis": {"n_dentro": 1}, "patrimonio": {"n_dentro": 0, "mas_cercana_m": 346, "mas_cercana_name": "Cripta de Fray Leopoldo de Alpandeire"}}, "renta": {"2015": 19950, "2016": 20650, "2017": 20650, "2018": 22050, "2019": 22750, "2020": 22050, "2021": 24150, "2022": 24150, "2023": 26250}, "vft": {"n_vfts": 27, "n_plazas": 149, "viviendas_total": 973, "viviendas_fuente": "censo2021", "ratio_vft_pct": 2.77, "serie": {"2015": 0, "2016": 1, "2017": 2, "2018": 4, "2019": 8, "2020": 8, "2021": 8, "2022": 9, "2023": 15, "2024": 26, "2025": 27}}, "renta_med_uc": {"2015": 19950, "2016": 20650, "2017": 20650, "2018": 22050, "2019": 22750, "2020": 22050, "2021": 24150, "2022": 24150, "2023": 26250}, "renta_hogar": {"2015": 35483, "2016": 36996, "2017": 36637, "2018": 37600, "2019": 38165, "2020": 38133, "2021": 38698, "2022": 39562, "2023": 42577}, "renta_persona": {"2015": 15180, "2016": 15526, "2017": 15864, "2018": 16503, "2019": 16828, "2020": 16945, "2021": 17448, "2022": 18169, "2023": 19356}}, "geometry": {"type": "MultiPolygon", "coordinates": [[[[-3.602361123335753, 37.1831017198971], [-3.602407794901589, 37.182554786173256], [-3.602419974416378, 37.182455497959374], [-3.602425780953284, 37.1824078555016], [-3.602470101191372, 37.182044545565965], [-3.602484793462822, 37.18192477372829], [-3.602505144514921, 37.181758631147865], [-3.602525003650548, 37.18159510152061], [-3.602558477020332, 37.181321634394926], [-3.602581940770868, 37.18112957958361], [-3.60262954069305, 37.180740390716], [-3.602681033438867, 37.18031872252171], [-3.602648536514277, 37.18030007555553], [-3.602616972942589, 37.18028192411136], [-3.602950549560714, 37.17990811663599], [-3.603052931365118, 37.17979341590632], [-3.603056483377897, 37.179787326885425], [-3.603969707347993, 37.180275471781606], [-3.60399868817652, 37.180293212371254], [-3.604030054770169, 37.18031205041698], [-3.604663346287465, 37.18065577612595], [-3.604848768781752, 37.180756514148094], [-3.605725170178734, 37.18123232185913], [-3.605497144088252, 37.18142536783572], [-3.605915989703127, 37.181722347750465], [-3.605492598736892, 37.18253908889735], [-3.605343673322128, 37.18282063551617], [-3.6049084848245, 37.1836435832056], [-3.604591711842517, 37.18424255238819], [-3.603998959435436, 37.1839518936801], [-3.603974105199078, 37.18393968830872], [-3.603522690712988, 37.18370517242322], [-3.602994935723411, 37.18343101571233], [-3.602733043009567, 37.18329499903606], [-3.602361123335753, 37.1831017198971]]]]}}, {"type": "Feature", "properties": {"CUSEC": "1808707009", "CDIS": "07", "CSEC": "009", "NMUN": "Granada", "poblaciones": {"2015": 1324, "2016": 1313, "2017": 1273, "2018": 1267, "2019": 1271, "2020": 1268, "2021": 1320, "2022": 1309, "2023": 1296, "2024": 1295, "2025": 1321}, "superficie_verde_m2": 7095, "estacion_cercana": {"name": "Granada Palacio de Congresos", "distancia_m": 1594}, "superficie_verde_desglose": {"parques": 3604, "jardines": 3492, "arbolado": 0}, "centroide": [-3.605744, 37.179184], "equipamientos": {"sanidad": {"n_dentro": 4}, "educacion": {"n_dentro": 3}, "agua": {"n_dentro": 4}, "reciclaje": {"n_dentro": 0, "mas_cercana_m": 202, "mas_cercana_name": "recycling"}, "aparcabicis": {"n_dentro": 1}, "patrimonio": {"n_dentro": 0, "mas_cercana_m": 515, "mas_cercana_name": "Monasterio de Santa Paula"}}, "renta": {"2015": 25550, "2016": 26950, "2017": 26950, "2018": 26950, "2019": 28000, "2020": 28350, "2021": 29050, "2022": 31150, "2023": 33950}, "vft": {"n_vfts": 10, "n_plazas": 46, "viviendas_total": 795, "viviendas_fuente": "censo2021", "ratio_vft_pct": 1.26, "serie": {"2015": 0, "2016": 0, "2017": 1, "2018": 3, "2019": 3, "2020": 3, "2021": 3, "2022": 3, "2023": 4, "2024": 8, "2025": 9}}, "renta_med_uc": {"2015": 25550, "2016": 26950, "2017": 26950, "2018": 26950, "2019": 28000, "2020": 28350, "2021": 29050, "2022": 31150, "2023": 33950}, "renta_hogar": {"2015": 49014, "2016": 48643, "2017": 49215, "2018": 49221, "2019": 49603, "2020": 49586, "2021": 52149, "2022": 54160, "2023": 59223}, "renta_persona": {"2015": 18380, "2016": 18847, "2017": 19362, "2018": 19564, "2019": 20098, "2020": 20427, "2021": 21269, "2022": 22269, "2023": 24784}}, "geometry": {"type": "MultiPolygon", "coordinates": [[[[-3.603056483377897, 37.179787326885425], [-3.603334416733243, 37.179321515064565], [-3.603394088533872, 37.17922144852955], [-3.603434570875159, 37.17915352904404], [-3.603733054580691, 37.178653088795585], [-3.603922201482353, 37.178456593630834], [-3.603955048055669, 37.17843290412121], [-3.603979779766078, 37.17841494922339], [-3.604476664850565, 37.178056030696354], [-3.604504108099937, 37.17803711989047], [-3.604612594452568, 37.177962462091415], [-3.604825229165339, 37.17781607716321], [-3.60507764908198, 37.17764243761103], [-3.605317815752983, 37.17747709893488], [-3.605859333854465, 37.17710436334779], [-3.606242311199928, 37.177352534595755], [-3.606972201153268, 37.177825607192595], [-3.607276817592679, 37.17802296597345], [-3.607314525905724, 37.17804738188226], [-3.60775238558417, 37.17834071554792], [-3.60853329530685, 37.17886402672678], [-3.608638305155054, 37.178934339354996], [-3.608009116233545, 37.17944856085202], [-3.607376821771231, 37.179965152081074], [-3.60721432681633, 37.18009795827235], [-3.606994184877814, 37.180277931564184], [-3.606961844289159, 37.18030429647967], [-3.606656326330223, 37.180555633257875], [-3.606545439892987, 37.180664949661725], [-3.606487383638294, 37.180617818694856], [-3.605917663406652, 37.18107395920806], [-3.605884210583973, 37.181101501338574], [-3.605725170178734, 37.18123232185913], [-3.604848768781752, 37.180756514148094], [-3.604663346287465, 37.18065577612595], [-3.604030054770169, 37.18031205041698], [-3.60399868817652, 37.180293212371254], [-3.603969707347993, 37.180275471781606], [-3.603056483377897, 37.179787326885425]]]]}}, {"type": "Feature", "properties": {"CUSEC": "1808707010", "CDIS": "07", "CSEC": "010", "NMUN": "Granada", "poblaciones": {"2015": 937, "2016": 933, "2017": 925, "2018": 924, "2019": 933, "2020": 914, "2021": 956, "2022": 920, "2023": 942, "2024": 933, "2025": 913}, "superficie_verde_m2": 1475, "estacion_cercana": {"name": "Granada Palacio de Congresos", "distancia_m": 1563}, "superficie_verde_desglose": {"parques": 1313, "jardines": 0, "arbolado": 163}, "centroide": [-3.608024, 37.177888], "equipamientos": {"sanidad": {"n_dentro": 0, "mas_cercana_m": 71, "mas_cercana_name": "Farmacia Peran Montero"}, "educacion": {"n_dentro": 0, "mas_cercana_m": 145, "mas_cercana_name": "Colegio La Asunción"}, "agua": {"n_dentro": 0, "mas_cercana_m": 159, "mas_cercana_name": "fountain"}, "reciclaje": {"n_dentro": 3}, "aparcabicis": {"n_dentro": 1}, "patrimonio": {"n_dentro": 0, "mas_cercana_m": 734, "mas_cercana_name": "Monasterio de Santa Paula"}}, "renta": {"2015": 22050, "2016": 22750, "2017": 22750, "2018": 23450, "2019": 24150, "2020": 23450, "2021": 24850, "2022": 25550, "2023": 26250}, "vft": {"n_vfts": 8, "n_plazas": 57, "viviendas_total": 626, "viviendas_fuente": "censo2021", "ratio_vft_pct": 1.28, "serie": {"2015": 0, "2016": 0, "2017": 0, "2018": 0, "2019": 3, "2020": 4, "2021": 4, "2022": 6, "2023": 7, "2024": 8, "2025": 8}}, "renta_med_uc": {"2015": 22050, "2016": 22750, "2017": 22750, "2018": 23450, "2019": 24150, "2020": 23450, "2021": 24850, "2022": 25550, "2023": 26250}, "renta_hogar": {"2015": 37842, "2016": 37708, "2017": 38826, "2018": 38952, "2019": 41286, "2020": 40855, "2021": 41655, "2022": 42940, "2023": 44384}, "renta_persona": {"2015": 15252, "2016": 15197, "2017": 15832, "2018": 15513, "2019": 16488, "2020": 16583, "2021": 17852, "2022": 18714, "2023": 19683}}, "geometry": {"type": "MultiPolygon", "coordinates": [[[[-3.605859333854465, 37.17710436334779], [-3.605824780315883, 37.177082018486054], [-3.605974255731533, 37.17691394576409], [-3.606398595009953, 37.177173920669716], [-3.607497297659275, 37.177208306836064], [-3.607499855467503, 37.17720838836933], [-3.60859069721376, 37.177519842517], [-3.608820248333165, 37.17758538233512], [-3.609091146707136, 37.177662653646344], [-3.609108564471773, 37.17769166226798], [-3.609228878501427, 37.17770607098808], [-3.609389874860961, 37.17790190376631], [-3.609570679344758, 37.17801120799448], [-3.609584359129773, 37.17801940798013], [-3.609596138126335, 37.17802658113107], [-3.609726613402883, 37.17810259836591], [-3.60976465086393, 37.178165059973075], [-3.609586141216859, 37.17824133388473], [-3.609548503885173, 37.17825740119959], [-3.609478569656388, 37.17829678624256], [-3.609435847954112, 37.17832080299741], [-3.609279842306518, 37.17841001299774], [-3.609214105629745, 37.178463619351774], [-3.608930320166945, 37.17869565942697], [-3.608638305155054, 37.178934339354996], [-3.60853329530685, 37.17886402672678], [-3.60775238558417, 37.17834071554792], [-3.607314525905724, 37.17804738188226], [-3.607276817592679, 37.17802296597345], [-3.606972201153268, 37.177825607192595], [-3.606242311199928, 37.177352534595755], [-3.605859333854465, 37.17710436334779]]]]}}, {"type": "Feature", "properties": {"CUSEC": "1808707011", "CDIS": "07", "CSEC": "011", "NMUN": "Granada", "poblaciones": {"2015": 1210, "2016": 1195, "2017": 1199, "2018": 1193, "2019": 1210, "2020": 1185, "2021": 1197, "2022": 1203, "2023": 1209, "2024": 1198, "2025": 1194}, "superficie_verde_m2": 35644, "estacion_cercana": {"name": "Granada Norte", "distancia_m": 1533}, "superficie_verde_desglose": {"parques": 28316, "jardines": 2203, "arbolado": 5125}, "centroide": [-3.609091, 37.182584], "equipamientos": {"sanidad": {"n_dentro": 4}, "educacion": {"n_dentro": 8}, "agua": {"n_dentro": 16}, "reciclaje": {"n_dentro": 9}, "aparcabicis": {"n_dentro": 10}, "patrimonio": {"n_dentro": 0, "mas_cercana_m": 675, "mas_cercana_name": "Cripta de Fray Leopoldo de Alpandeire"}}, "renta": {"2015": 22050, "2016": 22750, "2017": 22750, "2018": 22750, "2019": 24850, "2020": 25900, "2021": 26250, "2022": 27650, "2023": 28350}, "vft": {"n_vfts": 10, "n_plazas": 50, "viviendas_total": 809, "viviendas_fuente": "censo2021", "ratio_vft_pct": 1.24, "serie": {"2015": 0, "2016": 0, "2017": 0, "2018": 0, "2019": 0, "2020": 0, "2021": 1, "2022": 2, "2023": 7, "2024": 9, "2025": 9}}, "renta_med_uc": {"2015": 22050, "2016": 22750, "2017": 22750, "2018": 22750, "2019": 24850, "2020": 25900, "2021": 26250, "2022": 27650, "2023": 28350}, "renta_hogar": {"2015": 40229, "2016": 41002, "2017": 42147, "2018": 42658, "2019": 42830, "2020": 43631, "2021": 45532, "2022": 48139, "2023": 52236}, "renta_persona": {"2015": 16531, "2016": 17043, "2017": 17415, "2018": 17883, "2019": 18346, "2020": 19184, "2021": 19884, "2022": 20503, "2023": 22527}}, "geometry": {"type": "MultiPolygon", "coordinates": [[[[-3.604591711842517, 37.18424255238819], [-3.6049084848245, 37.1836435832056], [-3.605343673322128, 37.18282063551617], [-3.605492598736892, 37.18253908889735], [-3.605915989703127, 37.181722347750465], [-3.605497144088252, 37.18142536783572], [-3.605725170178734, 37.18123232185913], [-3.605884210583973, 37.181101501338574], [-3.605917663406652, 37.18107395920806], [-3.606487383638294, 37.180617818694856], [-3.606545439892987, 37.180664949661725], [-3.606656326330223, 37.180555633257875], [-3.606961844289159, 37.18030429647967], [-3.606994184877814, 37.180277931564184], [-3.60721432681633, 37.18009795827235], [-3.607376821771231, 37.179965152081074], [-3.608009116233545, 37.17944856085202], [-3.608638305155054, 37.178934339354996], [-3.608930320166945, 37.17869565942697], [-3.609214105629745, 37.178463619351774], [-3.609279842306518, 37.17841001299774], [-3.609435847954112, 37.17832080299741], [-3.609478569656388, 37.17829678624256], [-3.609548503885173, 37.17825740119959], [-3.609586141216859, 37.17824133388473], [-3.60976465086393, 37.178165059973075], [-3.609902060479147, 37.178391178825564], [-3.610180050469907, 37.17884851965102], [-3.61051719719769, 37.17940304698274], [-3.610831743867796, 37.179920375375936], [-3.61103642187492, 37.18025719057294], [-3.611041073779726, 37.18026479243987], [-3.611042597294939, 37.180267222874164], [-3.611237148435553, 37.18058628904594], [-3.611240908982932, 37.18059245596457], [-3.611863541704812, 37.181613657031185], [-3.612037291096067, 37.181898533597675], [-3.612273955252304, 37.182286682829556], [-3.612295984290304, 37.18232282785312], [-3.612406321832293, 37.1825036168117], [-3.612582865440767, 37.18279150678505], [-3.612835907168527, 37.183203682615186], [-3.612763748203969, 37.18328528558011], [-3.612827564685352, 37.18339065920871], [-3.612831169967053, 37.18339137970982], [-3.613186920985419, 37.18352521257232], [-3.613191321854782, 37.18352679428988], [-3.613407994872073, 37.1836550661236], [-3.613442958072288, 37.18367587512783], [-3.613479328904629, 37.18369730240534], [-3.613511461436846, 37.18371635389155], [-3.613773740420368, 37.1838716571645], [-3.613837772814002, 37.18390324494464], [-3.614137458549902, 37.18408192522843], [-3.614221871340928, 37.184132273476074], [-3.614224605293299, 37.184133904359385], [-3.614179471602685, 37.18418444100339], [-3.614098201419969, 37.18428652675221], [-3.613981877697979, 37.18459555200334], [-3.613937402453849, 37.18471370822522], [-3.613952660627871, 37.18498572237784], [-3.61395183201665, 37.18498565455957], [-3.6138646440574, 37.18522336400209], [-3.61385578759328, 37.18524965867616], [-3.61259263703359, 37.18507715301615], [-3.612502086904764, 37.185064806850725], [-3.611749920504746, 37.18497261980513], [-3.611667396405719, 37.1849566124351], [-3.611290325622179, 37.18488356736171], [-3.611224946772095, 37.18487094612202], [-3.610709091706604, 37.18477649831006], [-3.610664393120325, 37.184766113804], [-3.610671469777708, 37.18475930780908], [-3.610677418580897, 37.1847417133513], [-3.610688305980414, 37.184709369054495], [-3.610483878453879, 37.18461804519654], [-3.609731494367884, 37.184391982970304], [-3.609677781762466, 37.18437496149091], [-3.609408818067545, 37.18450383216014], [-3.609106618505206, 37.1846488423086], [-3.608954882965893, 37.18462523758065], [-3.608905832900061, 37.18477514927747], [-3.608897276794958, 37.18480131584946], [-3.608887614030613, 37.18483263510752], [-3.608786493011516, 37.18516253114962], [-3.608699311384213, 37.18544659135432], [-3.608678446884614, 37.185514745297326], [-3.608518799517329, 37.1860349570311], [-3.608469739416992, 37.186114883813694], [-3.607870806515471, 37.18582778647749], [-3.607775560466863, 37.185782122483175], [-3.607467501078206, 37.18563442767258], [-3.607107745373197, 37.18546194162272], [-3.607073234482403, 37.1854454506515], [-3.606577836533983, 37.185201247468015], [-3.606558795027533, 37.185191884748875], [-3.606259721974562, 37.1850508372674], [-3.605739170196074, 37.184805144839835], [-3.605711369042315, 37.184791495534625], [-3.605648330576451, 37.18476060136888], [-3.604591711842517, 37.18424255238819]]]]}}, {"type": "Feature", "properties": {"CUSEC": "1808707012", "CDIS": "07", "CSEC": "012", "NMUN": "Granada", "poblaciones": {"2015": 1324, "2016": 1305, "2017": 1286, "2018": 1260, "2019": 1248, "2020": 1204, "2021": 1206, "2022": 1197, "2023": 1234, "2024": 1258, "2025": 1308}, "superficie_verde_m2": 1791, "estacion_cercana": {"name": "Granada Norte", "distancia_m": 1190}, "superficie_verde_desglose": {"parques": 1652, "jardines": 140, "arbolado": 0}, "centroide": [-3.609701, 37.185641], "equipamientos": {"sanidad": {"n_dentro": 2}, "educacion": {"n_dentro": 0, "mas_cercana_m": 164, "mas_cercana_name": "Academia ALPE"}, "agua": {"n_dentro": 0, "mas_cercana_m": 151, "mas_cercana_name": "fountain"}, "reciclaje": {"n_dentro": 0, "mas_cercana_m": 152, "mas_cercana_name": "recycling"}, "aparcabicis": {"n_dentro": 1}, "patrimonio": {"n_dentro": 0, "mas_cercana_m": 695, "mas_cercana_name": "Cripta de Fray Leopoldo de Alpandeire"}}, "renta": {"2015": 20650, "2016": 21350, "2017": 20650, "2018": 22050, "2019": 22750, "2020": 22750, "2021": 22750, "2022": 23450, "2023": 24150}, "vft": {"n_vfts": 13, "n_plazas": 74, "viviendas_total": 985, "viviendas_fuente": "censo2021", "ratio_vft_pct": 1.32, "serie": {"2015": 0, "2016": 0, "2017": 0, "2018": 1, "2019": 3, "2020": 3, "2021": 4, "2022": 5, "2023": 8, "2024": 12, "2025": 12}}, "renta_med_uc": {"2015": 20650, "2016": 21350, "2017": 20650, "2018": 22050, "2019": 22750, "2020": 22750, "2021": 22750, "2022": 23450, "2023": 24150}, "renta_hogar": {"2015": 37296, "2016": 38472, "2017": 38029, "2018": 39578, "2019": 39907, "2020": 38878, "2021": 39439, "2022": 42413, "2023": 42787}, "renta_persona": {"2015": 16159, "2016": 16709, "2017": 16742, "2018": 17707, "2019": 18175, "2020": 18110, "2021": 18895, "2022": 20140, "2023": 20378}}, "geometry": {"type": "MultiPolygon", "coordinates": [[[[-3.608469739416992, 37.186114883813694], [-3.608518799517329, 37.1860349570311], [-3.608678446884614, 37.185514745297326], [-3.608699311384213, 37.18544659135432], [-3.608786493011516, 37.18516253114962], [-3.608887614030613, 37.18483263510752], [-3.608897276794958, 37.18480131584946], [-3.608905832900061, 37.18477514927747], [-3.608954882965893, 37.18462523758065], [-3.609106618505206, 37.1846488423086], [-3.609408818067545, 37.18450383216014], [-3.609677781762466, 37.18437496149091], [-3.609731494367884, 37.184391982970304], [-3.610483878453879, 37.18461804519654], [-3.610688305980414, 37.184709369054495], [-3.610677418580897, 37.1847417133513], [-3.610671469777708, 37.18475930780908], [-3.610664393120325, 37.184766113804], [-3.610709091706604, 37.18477649831006], [-3.610614931854018, 37.18488748996008], [-3.61040047941843, 37.18547091796379], [-3.610293316183072, 37.18576255936698], [-3.610238538028397, 37.185911631233594], [-3.610886483118664, 37.18609434667196], [-3.610871927856036, 37.18613795035771], [-3.610404520559408, 37.1870037280984], [-3.609909322004837, 37.18680723106947], [-3.6097782134985, 37.186743476512326], [-3.609653936949397, 37.18668291907631], [-3.609607212738395, 37.18666019180712], [-3.609385571319848, 37.18655394544556], [-3.608469739416992, 37.186114883813694]]]]}}, {"type": "Feature", "properties": {"CUSEC": "1808707013", "CDIS": "07", "CSEC": "013", "NMUN": "Granada", "poblaciones": {"2015": 1486, "2016": 1470, "2017": 1449, "2018": 1477, "2019": 1454, "2020": 1415, "2021": 1418, "2022": 1362, "2023": 1438, "2024": 1429, "2025": 1462}, "superficie_verde_m2": 35, "estacion_cercana": {"name": "Granada Norte", "distancia_m": 1154}, "superficie_verde_desglose": {"parques": 0, "jardines": 35, "arbolado": 0}, "centroide": [-3.612101, 37.185708], "equipamientos": {"sanidad": {"n_dentro": 1}, "educacion": {"n_dentro": 0, "mas_cercana_m": 144, "mas_cercana_name": "Colegio de Educación Infantil y Primaria Victoria Eugenia"}, "agua": {"n_dentro": 2}, "reciclaje": {"n_dentro": 0, "mas_cercana_m": 212, "mas_cercana_name": "recycling"}, "aparcabicis": {"n_dentro": 1}, "patrimonio": {"n_dentro": 0, "mas_cercana_m": 907, "mas_cercana_name": "Cripta de Fray Leopoldo de Alpandeire"}}, "renta": {"2015": 15750, "2016": 15750, "2017": 16450, "2018": 17150, "2019": 18550, "2020": 18550, "2021": 18550, "2022": 19950, "2023": 20650}, "vft": {"n_vfts": 13, "n_plazas": 83, "viviendas_total": 1232, "viviendas_fuente": "censo2021", "ratio_vft_pct": 1.06, "serie": {"2015": 0, "2016": 0, "2017": 0, "2018": 1, "2019": 4, "2020": 4, "2021": 5, "2022": 6, "2023": 8, "2024": 13, "2025": 13}}, "renta_med_uc": {"2015": 15750, "2016": 15750, "2017": 16450, "2018": 17150, "2019": 18550, "2020": 18550, "2021": 18550, "2022": 19950, "2023": 20650}, "renta_hogar": {"2015": 27091, "2016": 26528, "2017": 27146, "2018": 28765, "2019": 28948, "2020": 29072, "2021": 29683, "2022": 30818, "2023": 32465}, "renta_persona": {"2015": 12451, "2016": 12314, "2017": 12630, "2018": 13499, "2019": 14057, "2020": 14315, "2021": 14864, "2022": 15431, "2023": 16540}}, "geometry": {"type": "MultiPolygon", "coordinates": [[[[-3.610886483118664, 37.18609434667196], [-3.610238538028397, 37.185911631233594], [-3.610293316183072, 37.18576255936698], [-3.61040047941843, 37.18547091796379], [-3.610614931854018, 37.18488748996008], [-3.610709091706604, 37.18477649831006], [-3.611224946772095, 37.18487094612202], [-3.611290325622179, 37.18488356736171], [-3.611667396405719, 37.1849566124351], [-3.611749920504746, 37.18497261980513], [-3.612502086904764, 37.185064806850725], [-3.61259263703359, 37.18507715301615], [-3.61385578759328, 37.18524965867616], [-3.613786544193388, 37.185454968880116], [-3.61375422824463, 37.185538790775304], [-3.613712940608969, 37.1856604458475], [-3.613662720601042, 37.185798349844596], [-3.613619236067854, 37.18592547423929], [-3.613603582838651, 37.18596963740219], [-3.613592470245536, 37.186016487558824], [-3.61356617280942, 37.186097027776675], [-3.613543455958915, 37.18616700846781], [-3.613493354508887, 37.18635168093616], [-3.613458854282414, 37.1864733683656], [-3.613434250438321, 37.18657250198201], [-3.61337979067251, 37.186797300264026], [-3.612984857600633, 37.18668593903928], [-3.612875589143181, 37.186655116656596], [-3.612679082550016, 37.18659971704629], [-3.612546942257203, 37.18656245494341], [-3.612218465544552, 37.186469840110284], [-3.612145280831257, 37.18644924717328], [-3.611895980293849, 37.186378943037], [-3.611621565685192, 37.18630156583125], [-3.611563197185797, 37.18628510468588], [-3.610886483118664, 37.18609434667196]]]]}}, {"type": "Feature", "properties": {"CUSEC": "1808707014", "CDIS": "07", "CSEC": "014", "NMUN": "Granada", "poblaciones": {"2015": 1068, "2016": 1086, "2017": 1074, "2018": 1091, "2019": 1105, "2020": 1083, "2021": 1103, "2022": 1070, "2023": 1064, "2024": 1103, "2025": 1176}, "superficie_verde_m2": 2371, "estacion_cercana": {"name": "Granada Norte", "distancia_m": 1077}, "superficie_verde_desglose": {"parques": 2371, "jardines": 0, "arbolado": 0}, "centroide": [-3.623351, 37.191522], "equipamientos": {"sanidad": {"n_dentro": 1}, "educacion": {"n_dentro": 0, "mas_cercana_m": 180, "mas_cercana_name": "Colegio Santa María Micaela"}, "agua": {"n_dentro": 1}, "reciclaje": {"n_dentro": 0, "mas_cercana_m": 181, "mas_cercana_name": "waste_disposal"}, "aparcabicis": {"n_dentro": 0, "mas_cercana_m": 130, "mas_cercana_name": "bicycle_parking"}, "patrimonio": {"n_dentro": 0, "mas_cercana_m": 2044, "mas_cercana_name": "Cripta de Fray Leopoldo de Alpandeire"}}, "renta": {"2015": 9450, "2016": 9450, "2017": 9450, "2018": 10150, "2019": 9450, "2020": 10150, "2021": 11550, "2022": 11550, "2023": 11550}, "vft": {"n_vfts": 2, "n_plazas": 13, "viviendas_total": 695, "viviendas_fuente": "censo2021", "ratio_vft_pct": 0.29, "serie": {"2015": 0, "2016": 0, "2017": 0, "2018": 0, "2019": 0, "2020": 0, "2021": 0, "2022": 0, "2023": 0, "2024": 2, "2025": 2}}, "renta_med_uc": {"2015": 9450, "2016": 9450, "2017": 9450, "2018": 10150, "2019": 9450, "2020": 10150, "2021": 11550, "2022": 11550, "2023": 11550}, "renta_hogar": {"2015": 16696, "2016": 17158, "2017": 17385, "2018": 18378, "2019": 18778, "2020": 18649, "2021": 20008, "2022": 20962, "2023": 22833}, "renta_persona": {"2015": 7451, "2016": 7590, "2017": 7502, "2018": 8103, "2019": 8073, "2020": 8149, "2021": 9003, "2022": 9397, "2023": 10202}}, "geometry": {"type": "MultiPolygon", "coordinates": [[[[-3.621486817574981, 37.19219523481809], [-3.621646158264709, 37.19176805138756], [-3.621666632138483, 37.19175173679574], [-3.621981955295278, 37.1915014010117], [-3.622020769707035, 37.19146765165266], [-3.622423652174333, 37.19111761177322], [-3.62312577687389, 37.190507455807726], [-3.623429949262543, 37.19024299579058], [-3.623760097132711, 37.189956151692975], [-3.624234913979292, 37.19027736684402], [-3.624370846016044, 37.19036930629367], [-3.624458812221586, 37.19042876409624], [-3.624818333962264, 37.19067188153061], [-3.624823731813113, 37.19067473303365], [-3.624991990163229, 37.19076391965932], [-3.62489458214402, 37.19093369824648], [-3.624840054802698, 37.19102879862546], [-3.624632656623365, 37.19139029785378], [-3.624595984047751, 37.19145412547917], [-3.624574785210961, 37.191491086439726], [-3.624484455394563, 37.1916463364668], [-3.624276811850569, 37.19200375751016], [-3.623708993027612, 37.19298043233531], [-3.622843764823621, 37.1926338902496], [-3.62277525117368, 37.192610898782604], [-3.62201891990333, 37.192356619541464], [-3.621979951382698, 37.19234347801675], [-3.621486817574981, 37.19219523481809]]]]}}, {"type": "Feature", "properties": {"CUSEC": "1808707015", "CDIS": "07", "CSEC": "015", "NMUN": "Granada", "poblaciones": {"2015": 705, "2016": 946, "2017": 926, "2018": 892, "2019": 920, "2020": 957, "2021": 960, "2022": 920, "2023": 912, "2024": 908, "2025": 928}, "superficie_verde_m2": 0, "estacion_cercana": {"name": "Granada Palacio de Congresos", "distancia_m": 1813}, "superficie_verde_desglose": {"parques": 0, "jardines": 0, "arbolado": 0}, "centroide": [-3.610782, 37.179094], "equipamientos": {"sanidad": {"n_dentro": 4}, "educacion": {"n_dentro": 0, "mas_cercana_m": 206, "mas_cercana_name": "Biblioteca Gabriella Morreale"}, "agua": {"n_dentro": 0, "mas_cercana_m": 117, "mas_cercana_name": "drinking_water"}, "reciclaje": {"n_dentro": 1}, "aparcabicis": {"n_dentro": 0, "mas_cercana_m": 78, "mas_cercana_name": "bicycle_parking"}, "patrimonio": {"n_dentro": 0, "mas_cercana_m": 948, "mas_cercana_name": "Casa-Museo Federico García Lorca"}}, "renta": {"2015": 17150, "2016": 14350, "2017": 14350, "2018": 15050, "2019": 15750, "2020": 16450, "2021": 17850, "2022": 18200, "2023": 19250}, "vft": {"n_vfts": 3, "n_plazas": 29, "viviendas_total": 824, "viviendas_fuente": "censo2021", "ratio_vft_pct": 0.36, "serie": {"2015": 0, "2016": 0, "2017": 0, "2018": 0, "2019": 2, "2020": 2, "2021": 2, "2022": 2, "2023": 2, "2024": 3, "2025": 3}}, "renta_med_uc": {"2015": 17150, "2016": 14350, "2017": 14350, "2018": 15050, "2019": 15750, "2020": 16450, "2021": 17850, "2022": 18200, "2023": 19250}, "renta_hogar": {"2015": 27884, "2016": 25649, "2017": 27004, "2018": 26679, "2019": 27844, "2020": 28387, "2021": 29974, "2022": 30446, "2023": 33028}, "renta_persona": {"2015": 12352, "2016": 11461, "2017": 12143, "2018": 12549, "2019": 12808, "2020": 12859, "2021": 13915, "2022": 14614, "2023": 16044}}, "geometry": {"type": "MultiPolygon", "coordinates": [[[[-3.612014025626744, 37.180285702367364], [-3.611861221035919, 37.180338364502724], [-3.611671081728634, 37.18041566519305], [-3.611540322410814, 37.18046403871608], [-3.611272881395219, 37.180565587903494], [-3.611237148435553, 37.18058628904594], [-3.611042597294939, 37.180267222874164], [-3.611041073779726, 37.18026479243987], [-3.61103642187492, 37.18025719057294], [-3.610831743867796, 37.179920375375936], [-3.61051719719769, 37.17940304698274], [-3.610180050469907, 37.17884851965102], [-3.609902060479147, 37.178391178825564], [-3.60976465086393, 37.178165059973075], [-3.609726613402883, 37.17810259836591], [-3.609596138126335, 37.17802658113107], [-3.609584359129773, 37.17801940798013], [-3.609570679344758, 37.17801120799448], [-3.609389874860961, 37.17790190376631], [-3.609228878501427, 37.17770607098808], [-3.609530199967437, 37.17774208994423], [-3.609582196143147, 37.17775007478895], [-3.610420784638491, 37.17787973655674], [-3.610522810959586, 37.177834592406086], [-3.610541771799202, 37.17786559758098], [-3.610627619237369, 37.17800577570185], [-3.610644964521571, 37.17803409399306], [-3.610648959316022, 37.178040554485], [-3.610957865921834, 37.1785486101812], [-3.611293053056567, 37.17909987693779], [-3.611316782935772, 37.17913896638515], [-3.611602454972045, 37.17960876207124], [-3.611811507131597, 37.179952638374466], [-3.611993724712102, 37.18025225886465], [-3.612011284376139, 37.18028118878697], [-3.612014025626744, 37.180285702367364]]]]}}, {"type": "Feature", "properties": {"CUSEC": "1808707016", "CDIS": "07", "CSEC": "016", "NMUN": "Granada", "poblaciones": {"2015": 592, "2016": 1059, "2017": 1057, "2018": 1018, "2019": 1019, "2020": 1004, "2021": 1010, "2022": 1028, "2023": 1038, "2024": 1033, "2025": 1002}, "superficie_verde_m2": 0, "estacion_cercana": {"name": "Granada Norte", "distancia_m": 1551}, "superficie_verde_desglose": {"parques": 0, "jardines": 0, "arbolado": 0}, "centroide": [-3.612675, 37.182128], "equipamientos": {"sanidad": {"n_dentro": 1}, "educacion": {"n_dentro": 0, "mas_cercana_m": 115, "mas_cercana_name": "Colegio de Educación Infantil y Primaria Fuentenueva"}, "agua": {"n_dentro": 0, "mas_cercana_m": 71, "mas_cercana_name": "drinking_water"}, "reciclaje": {"n_dentro": 1}, "aparcabicis": {"n_dentro": 1}, "patrimonio": {"n_dentro": 0, "mas_cercana_m": 993, "mas_cercana_name": "Cripta de Fray Leopoldo de Alpandeire"}}, "renta": {"2015": 17150, "2016": 16450, "2017": 17150, "2018": 18550, "2019": 18550, "2020": 17850, "2021": 19250, "2022": 20650, "2023": 22050}, "vft": {"n_vfts": 3, "n_plazas": 18, "viviendas_total": 811, "viviendas_fuente": "censo2021", "ratio_vft_pct": 0.37, "serie": {"2015": 0, "2016": 0, "2017": 0, "2018": 0, "2019": 1, "2020": 1, "2021": 1, "2022": 1, "2023": 3, "2024": 3, "2025": 3}}, "renta_med_uc": {"2015": 17150, "2016": 16450, "2017": 17150, "2018": 18550, "2019": 18550, "2020": 17850, "2021": 19250, "2022": 20650, "2023": 22050}, "renta_hogar": {"2015": 31959, "2016": 30068, "2017": 30366, "2018": 31909, "2019": 32227, "2020": 32285, "2021": 33730, "2022": 34932, "2023": 36331}, "renta_persona": {"2015": 13893, "2016": 13194, "2017": 13311, "2018": 14115, "2019": 14298, "2020": 14855, "2021": 15498, "2022": 15819, "2023": 16799}}, "geometry": {"type": "MultiPolygon", "coordinates": [[[[-3.611237148435553, 37.18058628904594], [-3.611272881395219, 37.180565587903494], [-3.611540322410814, 37.18046403871608], [-3.611671081728634, 37.18041566519305], [-3.611861221035919, 37.180338364502724], [-3.612014025626744, 37.180285702367364], [-3.612016193732364, 37.1802892715352], [-3.612081410670126, 37.180396927958185], [-3.612446073026011, 37.18099917635133], [-3.61263379301164, 37.18130908388134], [-3.612806973504264, 37.18159508811682], [-3.61286924696074, 37.18169789173103], [-3.61294035891023, 37.1818155227075], [-3.613046100015529, 37.181989939419196], [-3.613354189904026, 37.182498721867184], [-3.61360617139776, 37.182915224667795], [-3.614291598331361, 37.18404816823968], [-3.614283337739641, 37.18405827971548], [-3.614231498798542, 37.18412122287008], [-3.614222584915227, 37.1841320489336], [-3.614221871340928, 37.184132273476074], [-3.614137458549902, 37.18408192522843], [-3.613837772814002, 37.18390324494464], [-3.613773740420368, 37.1838716571645], [-3.613511461436846, 37.18371635389155], [-3.613479328904629, 37.18369730240534], [-3.613442958072288, 37.18367587512783], [-3.613407994872073, 37.1836550661236], [-3.613191321854782, 37.18352679428988], [-3.613186920985419, 37.18352521257232], [-3.612831169967053, 37.18339137970982], [-3.612827564685352, 37.18339065920871], [-3.612763748203969, 37.18328528558011], [-3.612835907168527, 37.183203682615186], [-3.612582865440767, 37.18279150678505], [-3.612406321832293, 37.1825036168117], [-3.612295984290304, 37.18232282785312], [-3.612273955252304, 37.182286682829556], [-3.612037291096067, 37.181898533597675], [-3.611863541704812, 37.181613657031185], [-3.611240908982932, 37.18059245596457], [-3.611237148435553, 37.18058628904594]]]]}}, {"type": "Feature", "properties": {"CUSEC": "1808707017", "CDIS": "07", "CSEC": "017", "NMUN": "Granada", "poblaciones": {"2015": 1275, "2016": 1252, "2017": 1261, "2018": 1251, "2019": 1223, "2020": 1218, "2021": 1219, "2022": 1211, "2023": 1193, "2024": 1171, "2025": 1185}, "superficie_verde_m2": 9690, "estacion_cercana": {"name": "Granada Norte", "distancia_m": 998}, "superficie_verde_desglose": {"parques": 7374, "jardines": 1143, "arbolado": 1173}, "centroide": [-3.613298, 37.18712], "equipamientos": {"sanidad": {"n_dentro": 2}, "educacion": {"n_dentro": 1}, "agua": {"n_dentro": 1}, "reciclaje": {"n_dentro": 14}, "aparcabicis": {"n_dentro": 3}, "patrimonio": {"n_dentro": 0, "mas_cercana_m": 1042, "mas_cercana_name": "Cripta de Fray Leopoldo de Alpandeire"}}, "renta": {"2015": 19250, "2016": 20650, "2017": 21350, "2018": 21350, "2019": 22050, "2020": 22050, "2021": 23450, "2022": 24850, "2023": 25550}, "vft": {"n_vfts": 8, "n_plazas": 40, "viviendas_total": 826, "viviendas_fuente": "censo2021", "ratio_vft_pct": 0.97, "serie": {"2015": 0, "2016": 0, "2017": 0, "2018": 0, "2019": 1, "2020": 1, "2021": 2, "2022": 3, "2023": 3, "2024": 8, "2025": 8}}, "renta_med_uc": {"2015": 19250, "2016": 20650, "2017": 21350, "2018": 21350, "2019": 22050, "2020": 22050, "2021": 23450, "2022": 24850, "2023": 25550}, "renta_hogar": {"2015": 34152, "2016": 33951, "2017": 34751, "2018": 35669, "2019": 35728, "2020": 36425, "2021": 37543, "2022": 37073, "2023": 41492}, "renta_persona": {"2015": 14875, "2016": 14983, "2017": 15252, "2018": 15557, "2019": 16109, "2020": 16367, "2021": 16958, "2022": 17215, "2023": 19822}}, "geometry": {"type": "MultiPolygon", "coordinates": [[[[-3.612555869399483, 37.18829178151605], [-3.61085117250351, 37.18719299623167], [-3.610485215469936, 37.187035786183344], [-3.610447323363655, 37.18702071620666], [-3.610404520559408, 37.1870037280984], [-3.610871927856036, 37.18613795035771], [-3.610886483118664, 37.18609434667196], [-3.611563197185797, 37.18628510468588], [-3.611621565685192, 37.18630156583125], [-3.611895980293849, 37.186378943037], [-3.612145280831257, 37.18644924717328], [-3.612218465544552, 37.186469840110284], [-3.612546942257203, 37.18656245494341], [-3.612679082550016, 37.18659971704629], [-3.612875589143181, 37.186655116656596], [-3.612984857600633, 37.18668593903928], [-3.61337979067251, 37.186797300264026], [-3.613434250438321, 37.18657250198201], [-3.613458854282414, 37.1864733683656], [-3.613493354508887, 37.18635168093616], [-3.613543455958915, 37.18616700846781], [-3.61356617280942, 37.186097027776675], [-3.613592470245536, 37.186016487558824], [-3.613603582838651, 37.18596963740219], [-3.613619236067854, 37.18592547423929], [-3.613662720601042, 37.185798349844596], [-3.613712940608969, 37.1856604458475], [-3.61375422824463, 37.185538790775304], [-3.613786544193388, 37.185454968880116], [-3.61385578759328, 37.18524965867616], [-3.6138646440574, 37.18522336400209], [-3.61395183201665, 37.18498565455957], [-3.613952660627871, 37.18498572237784], [-3.613937402453849, 37.18471370822522], [-3.613981877697979, 37.18459555200334], [-3.614098201419969, 37.18428652675221], [-3.614179471602685, 37.18418444100339], [-3.614224605293299, 37.184133904359385], [-3.614221871340928, 37.184132273476074], [-3.614222584915227, 37.1841320489336], [-3.614231498798542, 37.18412122287008], [-3.614283337739641, 37.18405827971548], [-3.614291598331361, 37.18404816823968], [-3.61438389112107, 37.184200662819194], [-3.614455869458626, 37.184319658455145], [-3.614513238116007, 37.18441445059004], [-3.614571547377499, 37.18451199159537], [-3.614636986304837, 37.184637795059686], [-3.614692930923466, 37.18474531775914], [-3.614707699350867, 37.18477363525987], [-3.614710496012413, 37.18479968024432], [-3.614731877489705, 37.184995611338266], [-3.614737132405342, 37.185044169569], [-3.614743596591284, 37.185103619458566], [-3.614765486904351, 37.185305316859676], [-3.614758455163524, 37.18557643244956], [-3.614743680840267, 37.18590616030588], [-3.614722063951887, 37.186170924557494], [-3.61473732499165, 37.18640328590995], [-3.614719721657597, 37.186998662978816], [-3.614718050478514, 37.18705449537418], [-3.614717905469361, 37.18709359436699], [-3.614714011424095, 37.18819649402687], [-3.614710288358055, 37.18925222684021], [-3.614710171667316, 37.18929217749478], [-3.614708107143582, 37.18956996903933], [-3.61420765950628, 37.18933533860608], [-3.614150307285549, 37.18930838569673], [-3.614087792615511, 37.18927906179357], [-3.614051397115001, 37.18925563826059], [-3.613768299977361, 37.189073144765565], [-3.613709360190076, 37.18903513968533], [-3.612555869399483, 37.18829178151605]]]]}}, {"type": "Feature", "properties": {"CUSEC": "1808707018", "CDIS": "07", "CSEC": "018", "NMUN": "Granada", "poblaciones": {"2015": 1186, "2016": 1180, "2017": 1204, "2018": 1228, "2019": 1221, "2020": 1223, "2021": 1218, "2022": 1200, "2023": 1218, "2024": 1262, "2025": 1308}, "superficie_verde_m2": 12848, "estacion_cercana": {"name": "Granada Norte", "distancia_m": 860}, "superficie_verde_desglose": {"parques": 12144, "jardines": 704, "arbolado": 0}, "centroide": [-3.618294, 37.1898], "equipamientos": {"sanidad": {"n_dentro": 0, "mas_cercana_m": 197, "mas_cercana_name": "Farmacia Delia Sierra Aragón"}, "educacion": {"n_dentro": 0, "mas_cercana_m": 282, "mas_cercana_name": "Centro de Formación Profesional Jorbalán"}, "agua": {"n_dentro": 2}, "reciclaje": {"n_dentro": 1}, "aparcabicis": {"n_dentro": 0, "mas_cercana_m": 532, "mas_cercana_name": "bicycle_parking"}, "patrimonio": {"n_dentro": 0, "mas_cercana_m": 1556, "mas_cercana_name": "Cripta de Fray Leopoldo de Alpandeire"}}, "renta": {"2015": 14350, "2016": 14350, "2017": 15050, "2018": 15050, "2019": 15750, "2020": 15750, "2021": 17150, "2022": 17150, "2023": 18550}, "vft": {"n_vfts": 4, "n_plazas": 18, "viviendas_total": 723, "viviendas_fuente": "censo2021", "ratio_vft_pct": 0.55, "serie": {"2015": 0, "2016": 0, "2017": 0, "2018": 0, "2019": 1, "2020": 1, "2021": 1, "2022": 1, "2023": 2, "2024": 3, "2025": 4}}, "renta_med_uc": {"2015": 14350, "2016": 14350, "2017": 15050, "2018": 15050, "2019": 15750, "2020": 15750, "2021": 17150, "2022": 17150, "2023": 18550}, "renta_hogar": {"2015": 24317, "2016": 25088, "2017": 25242, "2018": 25859, "2019": 27904, "2020": 27579, "2021": 28795, "2022": 29366, "2023": 32271}, "renta_persona": {"2015": 10386, "2016": 10768, "2017": 10849, "2018": 11089, "2019": 12026, "2020": 11704, "2021": 12575, "2022": 12928, "2023": 13940}}, "geometry": {"type": "MultiPolygon", "coordinates": [[[[-3.615958588462671, 37.190144258875556], [-3.61531282973234, 37.189852827863824], [-3.615266233380556, 37.18983172831416], [-3.614708107143582, 37.18956996903933], [-3.614710171667316, 37.18929217749478], [-3.614710288358055, 37.18925222684021], [-3.614714011424095, 37.18819649402687], [-3.615256506465834, 37.188352595805696], [-3.615300764302095, 37.188364698018574], [-3.616207380455013, 37.188613837475415], [-3.617169930897133, 37.18883463694612], [-3.617533675840765, 37.188871707267765], [-3.617697790536629, 37.18887822699022], [-3.618195446676677, 37.18887438287367], [-3.618587917613588, 37.18887135542688], [-3.618702408620193, 37.188870483563406], [-3.619313896860803, 37.188865671569225], [-3.619973654424844, 37.18886050919244], [-3.620276830108903, 37.18885809122118], [-3.620622692018193, 37.18885539929754], [-3.620719784104748, 37.188854706765625], [-3.620915282800676, 37.18885314781487], [-3.620938155199951, 37.188853951876325], [-3.621488222772847, 37.1888732249719], [-3.62160214608507, 37.18888832158084], [-3.621880981146433, 37.18892533274454], [-3.621983672687186, 37.188945909860514], [-3.621983326316576, 37.188946263224814], [-3.62189726838408, 37.18916672773137], [-3.621878397085107, 37.18921488040684], [-3.621873310354641, 37.18922795937473], [-3.621856191438734, 37.189258989774835], [-3.621795818360504, 37.18922683372299], [-3.621362419352532, 37.189727231828684], [-3.621361850048439, 37.18972787931524], [-3.620956427234344, 37.1902352141867], [-3.62094952997875, 37.19024392630801], [-3.620915038638831, 37.19028700919325], [-3.620548167795666, 37.19077740159851], [-3.620193299085592, 37.19125147868552], [-3.620023771940647, 37.19147810258676], [-3.620007037131636, 37.191500454733024], [-3.619856733427006, 37.191704677164054], [-3.619517291647866, 37.19160251409443], [-3.619216993699706, 37.19151205745588], [-3.619186622235119, 37.191503111157196], [-3.619128216487925, 37.19148277885365], [-3.618763770771409, 37.19135593686269], [-3.61823440456515, 37.19117176281905], [-3.615958588462671, 37.190144258875556]]]]}}, {"type": "Feature", "properties": {"CUSEC": "1808707019", "CDIS": "07", "CSEC": "019", "NMUN": "Granada", "poblaciones": {"2015": 1585, "2016": 1558, "2017": 1556, "2018": 1555, "2019": 1584, "2020": 1541, "2021": 1616, "2022": 1609, "2023": 1582, "2024": 1614, "2025": 1620}, "superficie_verde_m2": 7793, "estacion_cercana": {"name": "Granada Norte", "distancia_m": 1355}, "superficie_verde_desglose": {"parques": 6145, "jardines": 1648, "arbolado": 0}, "centroide": [-3.624341, 37.188244], "equipamientos": {"sanidad": {"n_dentro": 0, "mas_cercana_m": 164, "mas_cercana_name": "Farmacia Lainez"}, "educacion": {"n_dentro": 0, "mas_cercana_m": 342, "mas_cercana_name": "Colegio Juan XXIII Chana"}, "agua": {"n_dentro": 1}, "reciclaje": {"n_dentro": 0, "mas_cercana_m": 533, "mas_cercana_name": "waste_disposal"}, "aparcabicis": {"n_dentro": 0, "mas_cercana_m": 224, "mas_cercana_name": "bicycle_parking"}, "patrimonio": {"n_dentro": 0, "mas_cercana_m": 2025, "mas_cercana_name": "Cripta de Fray Leopoldo de Alpandeire"}}, "renta": {"2015": 12250, "2016": 12950, "2017": 13650, "2018": 13650, "2019": 14350, "2020": 14350, "2021": 14350, "2022": 15750, "2023": 16450}, "vft": {"n_vfts": 4, "n_plazas": 23, "viviendas_total": 871, "viviendas_fuente": "censo2021", "ratio_vft_pct": 0.46, "serie": {"2015": 0, "2016": 0, "2017": 0, "2018": 0, "2019": 0, "2020": 0, "2021": 0, "2022": 1, "2023": 2, "2024": 4, "2025": 4}}, "renta_med_uc": {"2015": 12250, "2016": 12950, "2017": 13650, "2018": 13650, "2019": 14350, "2020": 14350, "2021": 14350, "2022": 15750, "2023": 16450}, "renta_hogar": {"2015": 21992, "2016": 22747, "2017": 23470, "2018": 23922, "2019": 24846, "2020": 25244, "2021": 25930, "2022": 27616, "2023": 29237}, "renta_persona": {"2015": 9322, "2016": 9776, "2017": 10039, "2018": 10413, "2019": 10901, "2020": 10967, "2021": 11449, "2022": 12354, "2023": 13075}}, "geometry": {"type": "MultiPolygon", "coordinates": [[[[-3.622657844693759, 37.189079260582076], [-3.622399642497934, 37.1890290554383], [-3.622347182647953, 37.18901853134945], [-3.621983672687186, 37.188945909860514], [-3.622375667529541, 37.188429487341665], [-3.623620319126422, 37.18678973478404], [-3.626293813341578, 37.187826032703086], [-3.626748007338081, 37.18800207284695], [-3.62673707425365, 37.18801093645633], [-3.626701619701298, 37.18804928295598], [-3.626678127466088, 37.188092337279535], [-3.626459634181887, 37.18834629753174], [-3.62631797216139, 37.188518764032445], [-3.626158698945928, 37.18872471218166], [-3.625940162752595, 37.188973902384674], [-3.625755110284002, 37.18923227636639], [-3.625741596845558, 37.18923199529281], [-3.625498045367214, 37.189226964381575], [-3.625326474379915, 37.18922498920486], [-3.624675065607884, 37.18921748984688], [-3.624389666892349, 37.18921899249906], [-3.624196223003085, 37.18921993791627], [-3.623942274089055, 37.18922127288937], [-3.623937683076525, 37.18922129706754], [-3.623614987433362, 37.189221645774104], [-3.623455591171829, 37.18922183927421], [-3.623393123927861, 37.18920693342554], [-3.623369541159315, 37.189201279539276], [-3.623235698722835, 37.189169346711864], [-3.623223710368197, 37.18916791345219], [-3.623008534601494, 37.1891416272865], [-3.622928432146402, 37.189131857257365], [-3.622657844693759, 37.189079260582076]]]]}}, {"type": "Feature", "properties": {"CUSEC": "1808707020", "CDIS": "07", "CSEC": "020", "NMUN": "Granada", "poblaciones": {"2015": 880, "2016": 846, "2017": 824, "2018": 873, "2019": 891, "2020": 901, "2021": 932, "2022": 884, "2023": 888, "2024": 933, "2025": 951}, "superficie_verde_m2": 505, "estacion_cercana": {"name": "Granada Norte", "distancia_m": 1017}, "superficie_verde_desglose": {"parques": 365, "jardines": 139, "arbolado": 0}, "centroide": [-3.621801, 37.190572], "equipamientos": {"sanidad": {"n_dentro": 1}, "educacion": {"n_dentro": 0, "mas_cercana_m": 331, "mas_cercana_name": "Colegio Santa María Micaela"}, "agua": {"n_dentro": 1}, "reciclaje": {"n_dentro": 0, "mas_cercana_m": 341, "mas_cercana_name": "waste_disposal"}, "aparcabicis": {"n_dentro": 0, "mas_cercana_m": 284, "mas_cercana_name": "bicycle_parking"}, "patrimonio": {"n_dentro": 0, "mas_cercana_m": 1878, "mas_cercana_name": "Cripta de Fray Leopoldo de Alpandeire"}}, "renta": {"2015": 10850, "2016": 10150, "2017": 10850, "2018": 11550, "2019": 11550, "2020": 11550, "2021": 12250, "2022": 11550, "2023": 12950}, "vft": {"n_vfts": 4, "n_plazas": 16, "viviendas_total": 564, "viviendas_fuente": "censo2021", "ratio_vft_pct": 0.71, "serie": {"2015": 0, "2016": 0, "2017": 0, "2018": 0, "2019": 0, "2020": 0, "2021": 0, "2022": 0, "2023": 0, "2024": 4, "2025": 4}}, "renta_med_uc": {"2015": 10850, "2016": 10150, "2017": 10850, "2018": 11550, "2019": 11550, "2020": 11550, "2021": 12250, "2022": 11550, "2023": 12950}, "renta_hogar": {"2015": 20126, "2016": 20139, "2017": 20427, "2018": 20958, "2019": 21939, "2020": 21777, "2021": 22591, "2022": 22852, "2023": 25357}, "renta_persona": {"2015": 8710, "2016": 8475, "2017": 9039, "2018": 9205, "2019": 9420, "2020": 9639, "2021": 10056, "2022": 10323, "2023": 11402}}, "geometry": {"type": "MultiPolygon", "coordinates": [[[[-3.61989800056183, 37.19171709075151], [-3.619856733427006, 37.191704677164054], [-3.620007037131636, 37.191500454733024], [-3.620023771940647, 37.19147810258676], [-3.620193299085592, 37.19125147868552], [-3.620548167795666, 37.19077740159851], [-3.620915038638831, 37.19028700919325], [-3.62094952997875, 37.19024392630801], [-3.620956427234344, 37.1902352141867], [-3.621361850048439, 37.18972787931524], [-3.621362419352532, 37.189727231828684], [-3.621795818360504, 37.18922683372299], [-3.621856191438734, 37.189258989774835], [-3.621873310354641, 37.18922795937473], [-3.621878397085107, 37.18921488040684], [-3.62189726838408, 37.18916672773137], [-3.621983326316576, 37.188946263224814], [-3.621983672687186, 37.188945909860514], [-3.622347182647953, 37.18901853134945], [-3.622399642497934, 37.1890290554383], [-3.622657844693759, 37.189079260582076], [-3.622638068777302, 37.189115974862645], [-3.622592957563688, 37.18920267869648], [-3.622608208302371, 37.189211053681134], [-3.622632337790334, 37.189224295532526], [-3.622635145003793, 37.18922588527094], [-3.622867446555296, 37.18935987144817], [-3.623094144309451, 37.189490642498576], [-3.623305312205976, 37.18961258808483], [-3.623435748112772, 37.18968779691887], [-3.623552943976312, 37.189755394467234], [-3.623680713700111, 37.18982911983577], [-3.623816204097361, 37.18990727174836], [-3.623760097132711, 37.189956151692975], [-3.623429949262543, 37.19024299579058], [-3.62312577687389, 37.190507455807726], [-3.622423652174333, 37.19111761177322], [-3.622020769707035, 37.19146765165266], [-3.621981955295278, 37.1915014010117], [-3.621666632138483, 37.19175173679574], [-3.621646158264709, 37.19176805138756], [-3.621486817574981, 37.19219523481809], [-3.620964212711503, 37.19203815707853], [-3.620945011534501, 37.19203242476374], [-3.620700365661557, 37.191958771637665], [-3.61989800056183, 37.19171709075151]]]]}}, {"type": "Feature", "properties": {"CUSEC": "1808707021", "CDIS": "07", "CSEC": "021", "NMUN": "Granada", "poblaciones": {"2015": 758, "2016": 716, "2017": 696, "2018": 712, "2019": 727, "2020": 1616, "2021": 1650, "2022": 1685, "2023": 1719, "2024": 1754, "2025": 1804}, "superficie_verde_m2": 1235, "estacion_cercana": {"name": "Granada Norte", "distancia_m": 1307}, "superficie_verde_desglose": {"parques": 0, "jardines": 1235, "arbolado": 0}, "centroide": [-3.625319, 37.190089], "equipamientos": {"sanidad": {"n_dentro": 1}, "educacion": {"n_dentro": 0, "mas_cercana_m": 150, "mas_cercana_name": "Colegio Santa María Micaela"}, "agua": {"n_dentro": 0, "mas_cercana_m": 213, "mas_cercana_name": "fountain"}, "reciclaje": {"n_dentro": 0, "mas_cercana_m": 346, "mas_cercana_name": "waste_disposal"}, "aparcabicis": {"n_dentro": 0, "mas_cercana_m": 155, "mas_cercana_name": "bicycle_parking"}, "patrimonio": {"n_dentro": 0, "mas_cercana_m": 2158, "mas_cercana_name": "Cripta de Fray Leopoldo de Alpandeire"}}, "renta": {"2015": 9450, "2016": 10150, "2017": 10150, "2018": 10150, "2019": 11550, "2020": 10150, "2021": 10850, "2022": 11550, "2023": 12950}, "vft": {"n_vfts": 5, "n_plazas": 24, "viviendas_total": 1022, "viviendas_fuente": "censo2021", "ratio_vft_pct": 0.49, "serie": {"2015": 0, "2016": 0, "2017": 0, "2018": 1, "2019": 1, "2020": 1, "2021": 1, "2022": 1, "2023": 2, "2024": 4, "2025": 5}}, "renta_med_uc": {"2015": 9450, "2016": 10150, "2017": 10150, "2018": 10150, "2019": 11550, "2020": 10150, "2021": 10850, "2022": 11550, "2023": 12950}, "renta_hogar": {"2015": 16872, "2016": 16399, "2017": 16968, "2018": 17655, "2019": 19211, "2020": 18210, "2021": 19238, "2022": 20692, "2023": 22135}, "renta_persona": {"2015": 7348, "2016": 7375, "2017": 7693, "2018": 7898, "2019": 8610, "2020": 8022, "2021": 8496, "2022": 8986, "2023": 9592}}, "geometry": {"type": "MultiPolygon", "coordinates": [[[[-3.622867446555296, 37.18935987144817], [-3.622635145003793, 37.18922588527094], [-3.622632337790334, 37.189224295532526], [-3.622608208302371, 37.189211053681134], [-3.622592957563688, 37.18920267869648], [-3.622638068777302, 37.189115974862645], [-3.622657844693759, 37.189079260582076], [-3.622928432146402, 37.189131857257365], [-3.623008534601494, 37.1891416272865], [-3.623223710368197, 37.18916791345219], [-3.623235698722835, 37.189169346711864], [-3.623369541159315, 37.189201279539276], [-3.623393123927861, 37.18920693342554], [-3.623455591171829, 37.18922183927421], [-3.623614987433362, 37.189221645774104], [-3.623937683076525, 37.18922129706754], [-3.623942274089055, 37.18922127288937], [-3.624196223003085, 37.18921993791627], [-3.624389666892349, 37.18921899249906], [-3.624675065607884, 37.18921748984688], [-3.625326474379915, 37.18922498920486], [-3.625498045367214, 37.189226964381575], [-3.625741596845558, 37.18923199529281], [-3.625755110284002, 37.18923227636639], [-3.625866196120943, 37.18923458758758], [-3.625869469572221, 37.18923464240691], [-3.626218710026176, 37.189243877862815], [-3.626292937437628, 37.18925160801021], [-3.626422494815341, 37.18926519311833], [-3.626523157620142, 37.18928629982969], [-3.626527665653039, 37.189287141333644], [-3.62657520863785, 37.189296341979244], [-3.626852013624583, 37.18935035706128], [-3.626605377957459, 37.189825967315585], [-3.626877592463551, 37.18993503703535], [-3.626795522318824, 37.19006985638322], [-3.626604270138828, 37.19038429271994], [-3.626876160430706, 37.190485247039206], [-3.626700311523274, 37.190790240976824], [-3.626589137646581, 37.19098317318522], [-3.626575897066271, 37.191006134245214], [-3.626568138430212, 37.19101961514077], [-3.626499988932821, 37.19114443533676], [-3.626553915957936, 37.19116660040009], [-3.626590778276808, 37.19118185542717], [-3.626945451899223, 37.19132860987231], [-3.626876724594245, 37.19144209914223], [-3.626851525946925, 37.19148369683367], [-3.626765770355446, 37.19162267666038], [-3.626635810521885, 37.19157233952861], [-3.626593880982282, 37.19155760618576], [-3.626322096413772, 37.191462235760625], [-3.626276200561855, 37.19144526977506], [-3.625830829153352, 37.19128040471712], [-3.625526227515913, 37.191167514943295], [-3.625232764776599, 37.191058923861874], [-3.625074841472739, 37.19100044330887], [-3.62489458214402, 37.19093369824648], [-3.624991990163229, 37.19076391965932], [-3.624823731813113, 37.19067473303365], [-3.624818333962264, 37.19067188153061], [-3.624458812221586, 37.19042876409624], [-3.624370846016044, 37.19036930629367], [-3.624234913979292, 37.19027736684402], [-3.623760097132711, 37.189956151692975], [-3.623816204097361, 37.18990727174836], [-3.623680713700111, 37.18982911983577], [-3.623552943976312, 37.189755394467234], [-3.623435748112772, 37.18968779691887], [-3.623305312205976, 37.18961258808483], [-3.623094144309451, 37.189490642498576], [-3.622867446555296, 37.18935987144817]]]]}}, {"type": "Feature", "properties": {"CUSEC": "1808707023", "CDIS": "07", "CSEC": "023", "NMUN": "Granada", "poblaciones": {"2015": 1009, "2016": 979, "2017": 965, "2018": 916, "2019": 931, "2020": 967, "2021": 960, "2022": 959, "2023": 988, "2024": 1022, "2025": 1039}, "superficie_verde_m2": 63, "estacion_cercana": {"name": "Granada Norte", "distancia_m": 1249}, "superficie_verde_desglose": {"parques": 63, "jardines": 0, "arbolado": 0}, "centroide": [-3.626045, 37.192634], "equipamientos": {"sanidad": {"n_dentro": 2}, "educacion": {"n_dentro": 1}, "agua": {"n_dentro": 0, "mas_cercana_m": 191, "mas_cercana_name": "fountain"}, "reciclaje": {"n_dentro": 0, "mas_cercana_m": 180, "mas_cercana_name": "waste_disposal"}, "aparcabicis": {"n_dentro": 0, "mas_cercana_m": 173, "mas_cercana_name": "bicycle_parking"}, "patrimonio": {"n_dentro": 0, "mas_cercana_m": 2312, "mas_cercana_name": "Cripta de Fray Leopoldo de Alpandeire"}}, "renta": {"2015": 9450, "2016": 9450, "2017": 10150, "2018": 10850, "2019": 11550, "2020": 10850, "2021": 10850, "2022": 12250, "2023": 12250}, "vft": {"n_vfts": 1, "n_plazas": 5, "viviendas_total": 556, "viviendas_fuente": "censo2021", "ratio_vft_pct": 0.18, "serie": {"2015": 0, "2016": 0, "2017": 0, "2018": 0, "2019": 0, "2020": 0, "2021": 0, "2022": 0, "2023": 0, "2024": 1, "2025": 1}}, "renta_med_uc": {"2015": 9450, "2016": 9450, "2017": 10150, "2018": 10850, "2019": 11550, "2020": 10850, "2021": 10850, "2022": 12250, "2023": 12250}, "renta_hogar": {"2015": 17102, "2016": 17175, "2017": 18343, "2018": 18726, "2019": 19646, "2020": 19030, "2021": 19850, "2022": 21031, "2023": 22565}, "renta_persona": {"2015": 7162, "2016": 7198, "2017": 7518, "2018": 8005, "2019": 8482, "2020": 8038, "2021": 8446, "2022": 9007, "2023": 9534}}, "geometry": {"type": "MultiPolygon", "coordinates": [[[[-3.625017548247154, 37.19355269745874], [-3.625224200117528, 37.193180970731795], [-3.625347302531345, 37.19295947915636], [-3.625478483089312, 37.19272367024403], [-3.625495424361825, 37.19269304681003], [-3.625607567347092, 37.1924914381848], [-3.625640133599971, 37.192503377406496], [-3.626009328138195, 37.19189758171178], [-3.625563332422328, 37.191732957838376], [-3.625697532165967, 37.19150835602524], [-3.625717491635686, 37.19147487630561], [-3.625733033655532, 37.19144813533802], [-3.625830829153352, 37.19128040471712], [-3.626276200561855, 37.19144526977506], [-3.626322096413772, 37.191462235760625], [-3.626593880982282, 37.19155760618576], [-3.626635810521885, 37.19157233952861], [-3.626765770355446, 37.19162267666038], [-3.626629376679501, 37.19184389299749], [-3.626611343471868, 37.19187319370857], [-3.62659668589126, 37.191897176336674], [-3.626487166308118, 37.19207577283497], [-3.626598522312872, 37.19211954267381], [-3.626631857386565, 37.19213262143271], [-3.627110135063009, 37.19230774294312], [-3.627104768310724, 37.19231480677015], [-3.626673280055548, 37.19288214724313], [-3.62664945018434, 37.19291356535666], [-3.626605496116398, 37.192963983227365], [-3.626558632991677, 37.19301770116436], [-3.626510834201214, 37.1930725967507], [-3.626276000906691, 37.193341832394076], [-3.626249730494182, 37.19337178413196], [-3.626084574420886, 37.19356121076556], [-3.625963212044026, 37.193700436736165], [-3.625926360586788, 37.193742591559015], [-3.625783436384674, 37.19391119066723], [-3.625495189878294, 37.19377299787944], [-3.625407273872215, 37.19372579965762], [-3.62535728893289, 37.19370363220832], [-3.625017548247154, 37.19355269745874]]]]}}, {"type": "Feature", "properties": {"CUSEC": "1808707024", "CDIS": "07", "CSEC": "024", "NMUN": "Granada", "poblaciones": {"2015": 961, "2016": 971, "2017": 939, "2018": 974, "2019": 967, "2020": 956, "2021": 979, "2022": 972, "2023": 994, "2024": 995, "2025": 1061}, "superficie_verde_m2": 0, "estacion_cercana": {"name": "Granada Norte", "distancia_m": 1167}, "superficie_verde_desglose": {"parques": 0, "jardines": 0, "arbolado": 0}, "centroide": [-3.624907, 37.192269], "equipamientos": {"sanidad": {"n_dentro": 0, "mas_cercana_m": 120, "mas_cercana_name": "Farmacia Virgen de la Cabeza"}, "educacion": {"n_dentro": 1}, "agua": {"n_dentro": 0, "mas_cercana_m": 84, "mas_cercana_name": "fountain"}, "reciclaje": {"n_dentro": 1}, "aparcabicis": {"n_dentro": 1}, "patrimonio": {"n_dentro": 0, "mas_cercana_m": 2203, "mas_cercana_name": "Cripta de Fray Leopoldo de Alpandeire"}}, "renta": {"2015": 8750, "2016": 9450, "2017": 9450, "2018": 9450, "2019": 10150, "2020": 9450, "2021": 10850, "2022": 10850, "2023": 11550}, "vft": {"n_vfts": 1, "n_plazas": 6, "viviendas_total": 646, "viviendas_fuente": "censo2021", "ratio_vft_pct": 0.15, "serie": {"2015": 0, "2016": 0, "2017": 0, "2018": 1, "2019": 1, "2020": 1, "2021": 1, "2022": 1, "2023": 1, "2024": 1, "2025": 1}}, "renta_med_uc": {"2015": 8750, "2016": 9450, "2017": 9450, "2018": 9450, "2019": 10150, "2020": 9450, "2021": 10850, "2022": 10850, "2023": 11550}, "renta_hogar": {"2015": 16870, "2016": 17157, "2017": 17397, "2018": 18261, "2019": 18662, "2020": 18106, "2021": 18709, "2022": 19603, "2023": 20811}, "renta_persona": {"2015": 7286, "2016": 7327, "2017": 7698, "2018": 7815, "2019": 8120, "2020": 8028, "2021": 8264, "2022": 8790, "2023": 9353}}, "geometry": {"type": "MultiPolygon", "coordinates": [[[[-3.623708993027612, 37.19298043233531], [-3.624276811850569, 37.19200375751016], [-3.624484455394563, 37.1916463364668], [-3.624574785210961, 37.191491086439726], [-3.624595984047751, 37.19145412547917], [-3.624632656623365, 37.19139029785378], [-3.624840054802698, 37.19102879862546], [-3.62489458214402, 37.19093369824648], [-3.625074841472739, 37.19100044330887], [-3.625232764776599, 37.191058923861874], [-3.625526227515913, 37.191167514943295], [-3.625830829153352, 37.19128040471712], [-3.625733033655532, 37.19144813533802], [-3.625717491635686, 37.19147487630561], [-3.625697532165967, 37.19150835602524], [-3.625563332422328, 37.191732957838376], [-3.626009328138195, 37.19189758171178], [-3.625640133599971, 37.192503377406496], [-3.625607567347092, 37.1924914381848], [-3.625495424361825, 37.19269304681003], [-3.625478483089312, 37.19272367024403], [-3.625347302531345, 37.19295947915636], [-3.625224200117528, 37.193180970731795], [-3.625017548247154, 37.19355269745874], [-3.624605567574219, 37.19336970577346], [-3.624311991294123, 37.193239312743486], [-3.62402547220784, 37.193112000647346], [-3.62391483406063, 37.193062905460664], [-3.623708993027612, 37.19298043233531]]]]}}, {"type": "Feature", "properties": {"CUSEC": "1808707025", "CDIS": "07", "CSEC": "025", "NMUN": "Granada", "poblaciones": {"2015": 1222, "2016": 1254, "2017": 1278, "2018": 1296, "2019": 1322, "2020": 1329, "2021": 1429, "2022": 1467, "2023": 1567, "2024": 1759, "2025": 1871}, "superficie_verde_m2": 175937, "estacion_cercana": {"name": "Granada Norte", "distancia_m": 4567}, "superficie_verde_desglose": {"parques": 145821, "jardines": 20413, "arbolado": 9703}, "centroide": [-3.663759, 37.191209], "equipamientos": {"sanidad": {"n_dentro": 2}, "educacion": {"n_dentro": 6}, "agua": {"n_dentro": 5}, "reciclaje": {"n_dentro": 0, "mas_cercana_m": 2676, "mas_cercana_name": "Ecoparque Norte de Granada"}, "aparcabicis": {"n_dentro": 8}, "patrimonio": {"n_dentro": 1}}, "renta": {"2015": 19250, "2016": 19950, "2017": 20650, "2018": 21350, "2019": 22750, "2020": 23450, "2021": 24150, "2022": 24850, "2023": 27650}, "vft": {"n_vfts": 1, "n_plazas": 8, "viviendas_total": 902, "viviendas_fuente": "censo2021", "ratio_vft_pct": 0.11, "serie": {"2015": 0, "2016": 0, "2017": 0, "2018": 0, "2019": 0, "2020": 0, "2021": 0, "2022": 1, "2023": 1, "2024": 1, "2025": 1}}, "renta_med_uc": {"2015": 19250, "2016": 19950, "2017": 20650, "2018": 21350, "2019": 22750, "2020": 23450, "2021": 24150, "2022": 24850, "2023": 27650}, "renta_hogar": {"2015": 34440, "2016": 34837, "2017": 37184, "2018": 36482, "2019": 37649, "2020": 39720, "2021": 40866, "2022": 43732, "2023": 46144}, "renta_persona": {"2015": 13827, "2016": 14114, "2017": 14621, "2018": 14604, "2019": 15048, "2020": 15894, "2021": 16533, "2022": 18113, "2023": 19093}}, "geometry": {"type": "MultiPolygon", "coordinates": [[[[-3.652683870063134, 37.20670783222013], [-3.652365703803701, 37.20640310765972], [-3.651932753652334, 37.205855636245644], [-3.651612342074279, 37.2052895117438], [-3.651438306437222, 37.20470457693596], [-3.651330330086306, 37.20394799622125], [-3.651100963619597, 37.20348054197761], [-3.650691444157774, 37.20303209045496], [-3.649704983487408, 37.20232533872138], [-3.649499762047503, 37.2020470429227], [-3.649472611184138, 37.20150637100932], [-3.649402389602701, 37.201200271236075], [-3.649164548704327, 37.201030500576096], [-3.649164270863191, 37.20103029477744], [-3.648902736645142, 37.200752306439554], [-3.64860480695318, 37.20017704052681], [-3.648396204204725, 37.19950213665283], [-3.648280061260273, 37.19888974845351], [-3.648755265336117, 37.19908309176921], [-3.649050433681828, 37.19904366854911], [-3.649190687748464, 37.198853756302654], [-3.649057797955475, 37.19852348068349], [-3.648961475906501, 37.19831593800811], [-3.648780575445798, 37.19790080520672], [-3.648658767219328, 37.197475898298755], [-3.648525287854164, 37.19707943200946], [-3.648228464694002, 37.19692973178206], [-3.648027013504301, 37.19687408465072], [-3.647906025827873, 37.19655319814711], [-3.647762749791537, 37.19638377438985], [-3.647335357946769, 37.19616856368705], [-3.647085590409027, 37.195999719138136], [-3.64696521810216, 37.19574502778005], [-3.646879106719501, 37.19534831790851], [-3.646722577900753, 37.19501815045736], [-3.646152848344856, 37.194746968447234], [-3.645748269755162, 37.19443711140879], [-3.645470212055249, 37.19416424301963], [-3.64533902562412, 37.194031986197636], [-3.645186106454809, 37.193894106580956], [-3.645018396439688, 37.19371006017026], [-3.64473387993364, 37.1933878961583], [-3.644522248650776, 37.19314049440716], [-3.644281881033917, 37.19291637751649], [-3.64400410320272, 37.19253641344351], [-3.64387204445802, 37.192300129315804], [-3.643804886857116, 37.19205192381202], [-3.643759053833389, 37.191757392202575], [-3.643216829973856, 37.19171694941597], [-3.642826032474994, 37.191643953385636], [-3.642334002869956, 37.191559908476044], [-3.642066222449757, 37.19150355515015], [-3.641513496913569, 37.191423954241316], [-3.641130128780671, 37.191353103670295], [-3.64071015688257, 37.191267850766536], [-3.640381697394854, 37.19122587456571], [-3.640052846423055, 37.19114014568161], [-3.639633117382461, 37.191084070414], [-3.639213417153303, 37.19102799890911], [-3.638830471285847, 37.191015476214474], [-3.638355967176184, 37.19094511163606], [-3.637954324399455, 37.19087435283137], [-3.637589460306402, 37.19083256039142], [-3.637224522278441, 37.1907907717304], [-3.63682276590633, 37.19070546111454], [-3.636457606598375, 37.190634502010084], [-3.636129007126619, 37.19057792560468], [-3.635727780130857, 37.19055091089827], [-3.635216900460408, 37.19049530902936], [-3.634815824400708, 37.19048287054874], [-3.634542007984345, 37.19044058621939], [-3.633848521615668, 37.190342205135046], [-3.633447014609799, 37.19028601492087], [-3.632917953121725, 37.19023049943137], [-3.63251595405122, 37.19011597554503], [-3.630737408928321, 37.18955694330999], [-3.630750487382048, 37.189553277099115], [-3.626748007338081, 37.18800207284695], [-3.626293813341578, 37.187826032703086], [-3.623620319126422, 37.18678973478404], [-3.619245026591167, 37.185782740201255], [-3.619591363797017, 37.18485594849516], [-3.619638353263326, 37.184769844360304], [-3.619626274973192, 37.184750827583755], [-3.617998864172571, 37.18403429934119], [-3.617592016247849, 37.18385516440651], [-3.618337234534596, 37.18312624941191], [-3.618656421110248, 37.18279068812709], [-3.618963759530829, 37.18246472829728], [-3.619295018346282, 37.18214818216244], [-3.619708951041555, 37.181735804748925], [-3.619968591987613, 37.18141009175186], [-3.620071295457776, 37.181308301743584], [-3.620143203172933, 37.18130381501449], [-3.622283917648247, 37.18122183218288], [-3.624477106942849, 37.18078215123539], [-3.624572626955962, 37.18075460663274], [-3.624847661664228, 37.18063596719499], [-3.626226398609784, 37.179794894221885], [-3.626636441041807, 37.17965752431826], [-3.627148345427927, 37.17957820945292], [-3.628021194651502, 37.179551041306006], [-3.628646967179678, 37.17961533329876], [-3.629233810180308, 37.17974294481071], [-3.629627976317591, 37.17972733799152], [-3.629848013995136, 37.17976672884981], [-3.630570506236203, 37.17994768398406], [-3.63081274485953, 37.17995540136042], [-3.631003864188447, 37.17990931005663], [-3.63127302005306, 37.17975915604938], [-3.63147399947303, 37.17954623519979], [-3.631726266539938, 37.17940069520186], [-3.631990601204724, 37.17934968329269], [-3.63253709739587, 37.17936932915554], [-3.632801512312995, 37.179327342538826], [-3.633284135215702, 37.17911297000469], [-3.633698657591608, 37.178835820232415], [-3.634212990926159, 37.178377824008585], [-3.634575028503943, 37.17788465555196], [-3.634754363029816, 37.17778003928687], [-3.634951441043971, 37.17776995762811], [-3.635492261749881, 37.177785081767425], [-3.635649481491491, 37.17772564378403], [-3.635766537891339, 37.177576299049846], [-3.635889650135509, 37.1774810102545], [-3.636369823863123, 37.176978166603455], [-3.636716455548736, 37.17666530040736], [-3.636901605771452, 37.17658320810158], [-3.63717266246126, 37.176662851655514], [-3.637291431015994, 37.17672083642911], [-3.637585665192933, 37.176881458811884], [-3.637771955868043, 37.176934546601075], [-3.637940879982001, 37.17692913203948], [-3.638126063163358, 37.17684702322666], [-3.638719160851274, 37.176375116309174], [-3.638802621137029, 37.17625297366679], [-3.638874989888218, 37.17614889985612], [-3.63904024771462, 37.175710830169976], [-3.639179545604135, 37.175529795037285], [-3.639420437369648, 37.175375272502116], [-3.639628327704833, 37.175315555799365], [-3.63989232776546, 37.17522853156408], [-3.641200601224535, 37.174748192176565], [-3.642188745806445, 37.17437780771844], [-3.645293439841027, 37.173202681876894], [-3.645782649278574, 37.17310983966287], [-3.646559181818491, 37.17302451682948], [-3.646733383469698, 37.17297846547486], [-3.648390779113424, 37.17248541777634], [-3.64944108830252, 37.17281496089699], [-3.650085291434867, 37.17306382602827], [-3.651011142947201, 37.17331116580281], [-3.651689344257034, 37.173586863857366], [-3.652255553514107, 37.17393530008926], [-3.653071776453431, 37.17453473628649], [-3.653787221770271, 37.17520686190805], [-3.654344768369117, 37.17585278431046], [-3.655040626708084, 37.17685855082036], [-3.655666700741887, 37.17761222520214], [-3.655938636744774, 37.17779102530393], [-3.657664024342747, 37.17800682549076], [-3.657924009375456, 37.17810453792704], [-3.658538528373984, 37.178822277107784], [-3.659048008614026, 37.179116870133576], [-3.660109134698335, 37.1793633639939], [-3.661208800391669, 37.18015950570255], [-3.661797598321645, 37.18049874199421], [-3.662339542832921, 37.18063995108837], [-3.66403186985021, 37.18092794940167], [-3.666572722366374, 37.181616794875374], [-3.667532140741201, 37.181827741711366], [-3.668817325189416, 37.181928685289165], [-3.669404876217579, 37.18212365774191], [-3.670050706510843, 37.182543701374584], [-3.670857182160248, 37.18328728303382], [-3.671332881129707, 37.183573040534014], [-3.672719260179946, 37.183646304601396], [-3.673427983059179, 37.183534102565254], [-3.673551787914668, 37.1835153807669], [-3.674237314191281, 37.18332220247513], [-3.674528583949597, 37.18314025326884], [-3.674841266900042, 37.182831991060596], [-3.675245478089144, 37.1826764666399], [-3.675897655035528, 37.18253754729841], [-3.678212823518929, 37.18191136682436], [-3.678618283594071, 37.181900039350005], [-3.679926288387237, 37.182027760054744], [-3.680635735534651, 37.18199666457909], [-3.681141681840001, 37.18188557937353], [-3.681299723742402, 37.18192076358007], [-3.681387395893083, 37.18199820419265], [-3.681583591239889, 37.182171511532665], [-3.68200289577582, 37.18243951263018], [-3.683677311114729, 37.18323214344998], [-3.68367733939976, 37.18323215680771], [-3.685050839579012, 37.1843780237104], [-3.685481482708395, 37.18465495529581], [-3.686069422956, 37.18488593352815], [-3.686354508853888, 37.1850463670947], [-3.687020641743674, 37.18542123008672], [-3.687642400644504, 37.1856520043278], [-3.6882748881619, 37.18582858316616], [-3.688591920219752, 37.1860070501412], [-3.688694818280469, 37.186168704398625], [-3.688678932723238, 37.18633197120688], [-3.68865357721876, 37.18659257811003], [-3.693172476325366, 37.18670151356531], [-3.694931331282746, 37.18684444559431], [-3.695333108489517, 37.18766234906635], [-3.696382546265837, 37.18783649788985], [-3.697475819118177, 37.18788410815628], [-3.698797559579376, 37.188263928917905], [-3.698414096413642, 37.19189882414969], [-3.698440314206864, 37.19229529802724], [-3.698904276141927, 37.19308806940826], [-3.699024123164425, 37.19329242163619], [-3.698986276176634, 37.193364531218506], [-3.69892447743569, 37.19348228362861], [-3.698095594538719, 37.19401898051575], [-3.698166631397573, 37.194388161870755], [-3.698685749990411, 37.19570110212332], [-3.699153699049804, 37.196347403351766], [-3.699771689417733, 37.197380335910985], [-3.699960550282505, 37.19785018711241], [-3.700267612338874, 37.19861231053054], [-3.700361553529315, 37.199026379473246], [-3.700218668606758, 37.199414814682655], [-3.700027716694538, 37.19974949426593], [-3.699847127816474, 37.20006379938902], [-3.698510792922985, 37.202399539656554], [-3.698548936905237, 37.202868026039496], [-3.698522499580688, 37.203670423331765], [-3.698630531572996, 37.20438188364995], [-3.696828771471043, 37.20452769004238], [-3.696423850098033, 37.204611203972455], [-3.696040813413085, 37.20462244398145], [-3.695714836698074, 37.20471451905167], [-3.695020434414187, 37.20517831157526], [-3.694178660199181, 37.205552800050704], [-3.692488601838458, 37.205589715037334], [-3.692083505080859, 37.20565517739358], [-3.691533170030978, 37.20585670803425], [-3.691197720918067, 37.20614711009442], [-3.690786043335093, 37.20672640175297], [-3.690355760604168, 37.20773844226963], [-3.690111036364359, 37.2080914469312], [-3.689763762180629, 37.20831878018027], [-3.68951659526281, 37.208410397318126], [-3.688476200099986, 37.208010829033576], [-3.687641280935013, 37.207907474643925], [-3.686321112809597, 37.20772584833296], [-3.685124556051554, 37.207507383443925], [-3.68330560367567, 37.207004082042715], [-3.682730106675467, 37.206917270022494], [-3.68124200747503, 37.206862729172336], [-3.679865107639715, 37.206636253013606], [-3.677020142698881, 37.20606662299119], [-3.675328468079486, 37.205923047852615], [-3.674254483874045, 37.20554155806945], [-3.673305849198773, 37.20531256965328], [-3.672443586126861, 37.20593042870348], [-3.672060693404258, 37.205959622786736], [-3.669358772897018, 37.20499239277757], [-3.668990020987901, 37.20534601725633], [-3.661921003345578, 37.20498006153549], [-3.660386264445723, 37.204736201622644], [-3.658195916780635, 37.20426160803827], [-3.657157726765209, 37.20409612129847], [-3.652683870063134, 37.20670783222013]]]]}}, {"type": "Feature", "properties": {"CUSEC": "1808707026", "CDIS": "07", "CSEC": "026", "NMUN": "Granada", "poblaciones": {"2015": 1087, "2016": 1068, "2017": 1070, "2018": 1056, "2019": 1069, "2020": 1046, "2021": 1049, "2022": 1025, "2023": 1019, "2024": 1050, "2025": 1064}, "superficie_verde_m2": 4750, "estacion_cercana": {"name": "Granada Norte", "distancia_m": 1212}, "superficie_verde_desglose": {"parques": 3699, "jardines": 971, "arbolado": 80}, "centroide": [-3.620983, 37.187442], "equipamientos": {"sanidad": {"n_dentro": 1}, "educacion": {"n_dentro": 0, "mas_cercana_m": 354, "mas_cercana_name": "Instituto de Educación Secundaria Severo Ochoa"}, "agua": {"n_dentro": 1}, "reciclaje": {"n_dentro": 0, "mas_cercana_m": 547, "mas_cercana_name": "waste_disposal"}, "aparcabicis": {"n_dentro": 0, "mas_cercana_m": 525, "mas_cercana_name": "bicycle_parking"}, "patrimonio": {"n_dentro": 0, "mas_cercana_m": 1716, "mas_cercana_name": "Cripta de Fray Leopoldo de Alpandeire"}}, "renta": {"2015": 12950, "2016": 12950, "2017": 12950, "2018": 13650, "2019": 14350, "2020": 14350, "2021": 15750, "2022": 16450, "2023": 17150}, "vft": {"n_vfts": 2, "n_plazas": 9, "viviendas_total": 714, "viviendas_fuente": "censo2021", "ratio_vft_pct": 0.28, "serie": {"2015": 0, "2016": 0, "2017": 0, "2018": 0, "2019": 0, "2020": 0, "2021": 0, "2022": 0, "2023": 0, "2024": 2, "2025": 2}}, "renta_med_uc": {"2015": 12950, "2016": 12950, "2017": 12950, "2018": 13650, "2019": 14350, "2020": 14350, "2021": 15750, "2022": 16450, "2023": 17150}, "renta_hogar": {"2015": 22268, "2016": 22200, "2017": 22862, "2018": 23921, "2019": 24976, "2020": 24679, "2021": 25565, "2022": 27089, "2023": 28489}, "renta_persona": {"2015": 9968, "2016": 10011, "2017": 10250, "2018": 10842, "2019": 11379, "2020": 11317, "2021": 11932, "2022": 12525, "2023": 12952}}, "geometry": {"type": "MultiPolygon", "coordinates": [[[[-3.619313896860803, 37.188865671569225], [-3.619306211827893, 37.18851621105628], [-3.619300489956963, 37.18825620420772], [-3.619299375763232, 37.18821565154019], [-3.619290206920605, 37.18789693648467], [-3.619287972217973, 37.18781919339929], [-3.619287863984751, 37.187816286949925], [-3.619283934846717, 37.18767784252557], [-3.619249288343673, 37.18741255588807], [-3.619199582786123, 37.187031013228726], [-3.619197512870969, 37.186998276178926], [-3.619196081095417, 37.186975392604616], [-3.619177037522713, 37.18667180950481], [-3.619171538328018, 37.18576582459746], [-3.619245026591167, 37.185782740201255], [-3.623620319126422, 37.18678973478404], [-3.622375667529541, 37.188429487341665], [-3.621983672687186, 37.188945909860514], [-3.621880981146433, 37.18892533274454], [-3.62160214608507, 37.18888832158084], [-3.621488222772847, 37.1888732249719], [-3.620938155199951, 37.188853951876325], [-3.620915282800676, 37.18885314781487], [-3.620719784104748, 37.188854706765625], [-3.620622692018193, 37.18885539929754], [-3.620276830108903, 37.18885809122118], [-3.619973654424844, 37.18886050919244], [-3.619313896860803, 37.188865671569225]]]]}}, {"type": "Feature", "properties": {"CUSEC": "1808707027", "CDIS": "07", "CSEC": "027", "NMUN": "Granada", "poblaciones": {"2015": 1780, "2016": 1724, "2017": 1701, "2018": 1671, "2019": 1659, "2020": 1648, "2021": 1525, "2022": 1492, "2023": 1500, "2024": 1502, "2025": 1502}, "superficie_verde_m2": 5850, "estacion_cercana": {"name": "Granada Norte", "distancia_m": 1028}, "superficie_verde_desglose": {"parques": 4701, "jardines": 1149, "arbolado": 0}, "centroide": [-3.616449, 37.18735], "equipamientos": {"sanidad": {"n_dentro": 2}, "educacion": {"n_dentro": 0, "mas_cercana_m": 393, "mas_cercana_name": "Colegio de Educación Infantil y Primaria Victoria Eugenia"}, "agua": {"n_dentro": 2}, "reciclaje": {"n_dentro": 0, "mas_cercana_m": 283, "mas_cercana_name": "recycling"}, "aparcabicis": {"n_dentro": 0, "mas_cercana_m": 264, "mas_cercana_name": "bicycle_parking"}, "patrimonio": {"n_dentro": 0, "mas_cercana_m": 1319, "mas_cercana_name": "Cripta de Fray Leopoldo de Alpandeire"}}, "renta": {"2015": 18550, "2016": 19250, "2017": 19950, "2018": 19950, "2019": 20650, "2020": 21350, "2021": 21350, "2022": 22750, "2023": 24150}, "vft": {"n_vfts": 10, "n_plazas": 54, "viviendas_total": 929, "viviendas_fuente": "censo2021", "ratio_vft_pct": 1.08, "serie": {"2015": 0, "2016": 0, "2017": 1, "2018": 1, "2019": 2, "2020": 2, "2021": 2, "2022": 2, "2023": 3, "2024": 10, "2025": 10}}, "renta_med_uc": {"2015": 18550, "2016": 19250, "2017": 19950, "2018": 19950, "2019": 20650, "2020": 21350, "2021": 21350, "2022": 22750, "2023": 24150}, "renta_hogar": {"2015": 31209, "2016": 32266, "2017": 31886, "2018": 32460, "2019": 33369, "2020": 34956, "2021": 34776, "2022": 35743, "2023": 38925}, "renta_persona": {"2015": 14142, "2016": 14783, "2017": 14758, "2018": 15219, "2019": 15910, "2020": 16593, "2021": 16626, "2022": 17354, "2023": 18744}}, "geometry": {"type": "MultiPolygon", "coordinates": [[[[-3.614714011424095, 37.18819649402687], [-3.614717905469361, 37.18709359436699], [-3.614718050478514, 37.18705449537418], [-3.614719721657597, 37.186998662978816], [-3.61473732499165, 37.18640328590995], [-3.614722063951887, 37.186170924557494], [-3.614743680840267, 37.18590616030588], [-3.614758455163524, 37.18557643244956], [-3.614765486904351, 37.185305316859676], [-3.614743596591284, 37.185103619458566], [-3.614737132405342, 37.185044169569], [-3.614797616648295, 37.18504717829257], [-3.6148793549542, 37.185054271803104], [-3.614933199974842, 37.18505893743411], [-3.614954844807898, 37.185062723649416], [-3.615204417127957, 37.185138112872195], [-3.61524886139089, 37.18515259745349], [-3.615771237248441, 37.18537966962155], [-3.615954406978684, 37.185492489570656], [-3.616114583355121, 37.185592196244485], [-3.616151130048404, 37.185614955846646], [-3.616188598097894, 37.18564018138435], [-3.61634991714124, 37.18576105568962], [-3.616488326766852, 37.18586475020248], [-3.616573965185644, 37.18592891785086], [-3.616633974561547, 37.18597388829499], [-3.61664603100468, 37.18598654430577], [-3.616727171146889, 37.18609949200148], [-3.616783160485877, 37.18617737990117], [-3.616849230601048, 37.18626934023267], [-3.616917631181237, 37.18636453793891], [-3.616927169068613, 37.18638265599906], [-3.616936641557506, 37.1864065839242], [-3.616982577540861, 37.18652259471622], [-3.617023991901681, 37.186627181251865], [-3.617064348438554, 37.18672691833817], [-3.617251969628375, 37.186730445308775], [-3.617267533601813, 37.18678657554391], [-3.617276975507778, 37.18682056863445], [-3.617295349212684, 37.18688678441601], [-3.61731479082078, 37.18695685262281], [-3.617326416144957, 37.18699886580802], [-3.617338927594232, 37.18705368237055], [-3.617352636144964, 37.18711632135443], [-3.617368674299302, 37.1871897154224], [-3.617387437964103, 37.187275440861754], [-3.617450183501665, 37.18758876147764], [-3.61751461524796, 37.18792424409006], [-3.617971138455661, 37.187896447884135], [-3.618095562207799, 37.187888858949904], [-3.618402436964645, 37.1878702193188], [-3.618531584657159, 37.1878623483707], [-3.618753331418297, 37.18784884401505], [-3.618878767824292, 37.18784124897011], [-3.619287863984751, 37.187816286949925], [-3.619287972217973, 37.18781919339929], [-3.619290206920605, 37.18789693648467], [-3.619299375763232, 37.18821565154019], [-3.619300489956963, 37.18825620420772], [-3.619306211827893, 37.18851621105628], [-3.619313896860803, 37.188865671569225], [-3.618702408620193, 37.188870483563406], [-3.618587917613588, 37.18887135542688], [-3.618195446676677, 37.18887438287367], [-3.617697790536629, 37.18887822699022], [-3.617533675840765, 37.188871707267765], [-3.617169930897133, 37.18883463694612], [-3.616207380455013, 37.188613837475415], [-3.615300764302095, 37.188364698018574], [-3.615256506465834, 37.188352595805696], [-3.614714011424095, 37.18819649402687]]]]}}, {"type": "Feature", "properties": {"CUSEC": "1808707028", "CDIS": "07", "CSEC": "028", "NMUN": "Granada", "poblaciones": {"2015": 1131, "2016": 1114, "2017": 1212, "2018": 1211, "2019": 1233, "2020": 1217, "2021": 1084, "2022": 1043, "2023": 1047, "2024": 1094, "2025": 1108}, "superficie_verde_m2": 1618, "estacion_cercana": {"name": "Granada Norte", "distancia_m": 1331}, "superficie_verde_desglose": {"parques": 1618, "jardines": 0, "arbolado": 0}, "centroide": [-3.627293, 37.193466], "equipamientos": {"sanidad": {"n_dentro": 0, "mas_cercana_m": 129, "mas_cercana_name": "Centro de Salud La Chana"}, "educacion": {"n_dentro": 0, "mas_cercana_m": 144, "mas_cercana_name": "Colegio Nuestra Señora de la Consolación"}, "agua": {"n_dentro": 0, "mas_cercana_m": 176, "mas_cercana_name": "fountain"}, "reciclaje": {"n_dentro": 0, "mas_cercana_m": 289, "mas_cercana_name": "waste_disposal"}, "aparcabicis": {"n_dentro": 0, "mas_cercana_m": 182, "mas_cercana_name": "bicycle_parking"}, "patrimonio": {"n_dentro": 0, "mas_cercana_m": 2450, "mas_cercana_name": "Cripta de Fray Leopoldo de Alpandeire"}}, "renta": {"2015": 12250, "2016": 12250, "2017": 13650, "2018": 12950, "2019": 14350, "2020": 13650, "2021": 14350, "2022": 15750, "2023": 15050}, "vft": {"n_vfts": 1, "n_plazas": 4, "viviendas_total": 570, "viviendas_fuente": "censo2021", "ratio_vft_pct": 0.18, "serie": {"2015": 0, "2016": 0, "2017": 0, "2018": 0, "2019": 0, "2020": 0, "2021": 0, "2022": 0, "2023": 0, "2024": 1, "2025": 1}}, "renta_med_uc": {"2015": 12250, "2016": 12250, "2017": 13650, "2018": 12950, "2019": 14350, "2020": 13650, "2021": 14350, "2022": 15750, "2023": 15050}, "renta_hogar": {"2015": 21519, "2016": 21973, "2017": 24216, "2018": 25065, "2019": 25412, "2020": 25451, "2021": 25962, "2022": 27104, "2023": 28192}, "renta_persona": {"2015": 9903, "2016": 10080, "2017": 10562, "2018": 10958, "2019": 11131, "2020": 10983, "2021": 11526, "2022": 12218, "2023": 12195}}, "geometry": {"type": "MultiPolygon", "coordinates": [[[[-3.625783436384674, 37.19391119066723], [-3.625926360586788, 37.193742591559015], [-3.625963212044026, 37.193700436736165], [-3.626084574420886, 37.19356121076556], [-3.626249730494182, 37.19337178413196], [-3.626276000906691, 37.193341832394076], [-3.626510834201214, 37.1930725967507], [-3.626558632991677, 37.19301770116436], [-3.626605496116398, 37.192963983227365], [-3.62664945018434, 37.19291356535666], [-3.626673280055548, 37.19288214724313], [-3.627104768310724, 37.19231480677015], [-3.627110135063009, 37.19230774294312], [-3.627204960919214, 37.19234257670207], [-3.627980988018629, 37.192626844017184], [-3.627981935551149, 37.19262765476062], [-3.62821634318151, 37.192711260679566], [-3.628237273522376, 37.192729645494175], [-3.628770541565324, 37.193198056928075], [-3.62876963525951, 37.19319895862999], [-3.627341994081934, 37.194618277045315], [-3.627020606821052, 37.19448122258458], [-3.626616602431187, 37.194308832249405], [-3.626580498171725, 37.19429346056017], [-3.626537731522371, 37.194272917615685], [-3.626270561403313, 37.194144805580436], [-3.625783436384674, 37.19391119066723]]]]}}, {"type": "Feature", "properties": {"CUSEC": "1808707030", "CDIS": "07", "CSEC": "030", "NMUN": "Granada", "poblaciones": {"2015": 1421, "2016": 1393, "2017": 1372, "2018": 1340, "2019": 1319, "2020": 1282, "2021": 1199, "2022": 1207, "2023": 1206, "2024": 1192, "2025": 1221}, "superficie_verde_m2": 2702, "estacion_cercana": {"name": "Granada Norte", "distancia_m": 1568}, "superficie_verde_desglose": {"parques": 2702, "jardines": 0, "arbolado": 0}, "centroide": [-3.627969, 37.189049], "equipamientos": {"sanidad": {"n_dentro": 1}, "educacion": {"n_dentro": 0, "mas_cercana_m": 249, "mas_cercana_name": "Colegio de Educación Infantil y Primaria Santa Juliana"}, "agua": {"n_dentro": 1}, "reciclaje": {"n_dentro": 0, "mas_cercana_m": 562, "mas_cercana_name": "waste_disposal"}, "aparcabicis": {"n_dentro": 0, "mas_cercana_m": 150, "mas_cercana_name": "bicycle_parking"}, "patrimonio": {"n_dentro": 0, "mas_cercana_m": 2359, "mas_cercana_name": "Cripta de Fray Leopoldo de Alpandeire"}}, "renta": {"2015": 15050, "2016": 15050, "2017": 15750, "2018": 16450, "2019": 17150, "2020": 17150, "2021": 17850, "2022": 18550, "2023": 19250}, "vft": {"n_vfts": 0, "n_plazas": 0, "viviendas_total": 573, "viviendas_fuente": "censo2021", "ratio_vft_pct": 0.0, "serie": {"2015": 0, "2016": 0, "2017": 0, "2018": 0, "2019": 0, "2020": 0, "2021": 0, "2022": 0, "2023": 0, "2024": 0, "2025": 0}}, "renta_med_uc": {"2015": 15050, "2016": 15050, "2017": 15750, "2018": 16450, "2019": 17150, "2020": 17150, "2021": 17850, "2022": 18550, "2023": 19250}, "renta_hogar": {"2015": 25536, "2016": 26000, "2017": 25876, "2018": 26673, "2019": 27673, "2020": 27830, "2021": 29127, "2022": 30443, "2023": 32201}, "renta_persona": {"2015": 10552, "2016": 10916, "2017": 10959, "2018": 11552, "2019": 12125, "2020": 12582, "2021": 13070, "2022": 13844, "2023": 14560}}, "geometry": {"type": "MultiPolygon", "coordinates": [[[[-3.626852013624583, 37.18935035706128], [-3.62657520863785, 37.189296341979244], [-3.626527665653039, 37.189287141333644], [-3.626523157620142, 37.18928629982969], [-3.626422494815341, 37.18926519311833], [-3.626292937437628, 37.18925160801021], [-3.626218710026176, 37.189243877862815], [-3.625869469572221, 37.18923464240691], [-3.625866196120943, 37.18923458758758], [-3.625755110284002, 37.18923227636639], [-3.625940162752595, 37.188973902384674], [-3.626158698945928, 37.18872471218166], [-3.62631797216139, 37.188518764032445], [-3.626459634181887, 37.18834629753174], [-3.626678127466088, 37.188092337279535], [-3.626701619701298, 37.18804928295598], [-3.62673707425365, 37.18801093645633], [-3.626748007338081, 37.18800207284695], [-3.630750487382048, 37.189553277099115], [-3.630737408928321, 37.18955694330999], [-3.630218220637527, 37.18970164776948], [-3.630170552857165, 37.18971493285439], [-3.630138131030774, 37.18971746696876], [-3.629396566566038, 37.18977423896109], [-3.629065130153855, 37.189752997347505], [-3.628926948913441, 37.18973478716088], [-3.628614694379498, 37.189693538658176], [-3.62772584742998, 37.18952041076844], [-3.627636429830225, 37.189503032288826], [-3.626852013624583, 37.18935035706128]]]]}}, {"type": "Feature", "properties": {"CUSEC": "1808707031", "CDIS": "07", "CSEC": "031", "NMUN": "Granada", "poblaciones": {"2015": 683, "2016": 667, "2017": 692, "2018": 673, "2019": 702, "2020": 719, "2021": 848, "2022": 824, "2023": 838, "2024": 831, "2025": 834}, "superficie_verde_m2": 1272, "estacion_cercana": {"name": "Granada Norte", "distancia_m": 1167}, "superficie_verde_desglose": {"parques": 0, "jardines": 1272, "arbolado": 0}, "centroide": [-3.617783, 37.186418], "equipamientos": {"sanidad": {"n_dentro": 0, "mas_cercana_m": 147, "mas_cercana_name": "Farmacia Noguera"}, "educacion": {"n_dentro": 0, "mas_cercana_m": 325, "mas_cercana_name": "Instituto de Educación Secundaria Politécnico Hermenegildo Lanz"}, "agua": {"n_dentro": 0, "mas_cercana_m": 256, "mas_cercana_name": "drinking_water"}, "reciclaje": {"n_dentro": 0, "mas_cercana_m": 424, "mas_cercana_name": "recycling"}, "aparcabicis": {"n_dentro": 0, "mas_cercana_m": 362, "mas_cercana_name": "bicycle_parking"}, "patrimonio": {"n_dentro": 0, "mas_cercana_m": 1417, "mas_cercana_name": "Cripta de Fray Leopoldo de Alpandeire"}}, "renta": {"2015": 14350, "2016": 14350, "2017": 15750, "2018": 17150, "2019": 17850, "2020": 17850, "2021": 18550, "2022": 19250, "2023": 20650}, "vft": {"n_vfts": 1, "n_plazas": 6, "viviendas_total": 493, "viviendas_fuente": "censo2021", "ratio_vft_pct": 0.2, "serie": {"2015": 0, "2016": 0, "2017": 0, "2018": 0, "2019": 0, "2020": 0, "2021": 0, "2022": 0, "2023": 0, "2024": 1, "2025": 1}}, "renta_med_uc": {"2015": 14350, "2016": 14350, "2017": 15750, "2018": 17150, "2019": 17850, "2020": 17850, "2021": 18550, "2022": 19250, "2023": 20650}, "renta_hogar": {"2015": 23195, "2016": 23825, "2017": 25616, "2018": 26029, "2019": 27272, "2020": 29747, "2021": 30667, "2022": 32391, "2023": 33685}, "renta_persona": {"2015": 10030, "2016": 10455, "2017": 11351, "2018": 12010, "2019": 12581, "2020": 12919, "2021": 13805, "2022": 14482, "2023": 15270}}, "geometry": {"type": "MultiPolygon", "coordinates": [[[[-3.614737132405342, 37.185044169569], [-3.614731877489705, 37.184995611338266], [-3.614710496012413, 37.18479968024432], [-3.614785339657232, 37.18479654804681], [-3.614902395435757, 37.18479163730946], [-3.615229963545162, 37.18493662985252], [-3.615273043179307, 37.18494539761761], [-3.616402770042279, 37.18517461258891], [-3.616627111648931, 37.18522011703597], [-3.616930381817867, 37.18528163902443], [-3.617478464975405, 37.18539285699567], [-3.617777853200339, 37.18545356775045], [-3.618064710087556, 37.185511742577965], [-3.618318062890667, 37.185563163399976], [-3.618580122020129, 37.185616310376275], [-3.619171538328018, 37.18576582459746], [-3.619177037522713, 37.18667180950481], [-3.619196081095417, 37.186975392604616], [-3.619197512870969, 37.186998276178926], [-3.619199582786123, 37.187031013228726], [-3.619249288343673, 37.18741255588807], [-3.619283934846717, 37.18767784252557], [-3.619287863984751, 37.187816286949925], [-3.618878767824292, 37.18784124897011], [-3.618753331418297, 37.18784884401505], [-3.618531584657159, 37.1878623483707], [-3.618402436964645, 37.1878702193188], [-3.618095562207799, 37.187888858949904], [-3.617971138455661, 37.187896447884135], [-3.61751461524796, 37.18792424409006], [-3.617450183501665, 37.18758876147764], [-3.617387437964103, 37.187275440861754], [-3.617368674299302, 37.1871897154224], [-3.617352636144964, 37.18711632135443], [-3.617338927594232, 37.18705368237055], [-3.617326416144957, 37.18699886580802], [-3.61731479082078, 37.18695685262281], [-3.617295349212684, 37.18688678441601], [-3.617276975507778, 37.18682056863445], [-3.617267533601813, 37.18678657554391], [-3.617251969628375, 37.186730445308775], [-3.617064348438554, 37.18672691833817], [-3.617023991901681, 37.186627181251865], [-3.616982577540861, 37.18652259471622], [-3.616936641557506, 37.1864065839242], [-3.616927169068613, 37.18638265599906], [-3.616917631181237, 37.18636453793891], [-3.616849230601048, 37.18626934023267], [-3.616783160485877, 37.18617737990117], [-3.616727171146889, 37.18609949200148], [-3.61664603100468, 37.18598654430577], [-3.616633974561547, 37.18597388829499], [-3.616573965185644, 37.18592891785086], [-3.616488326766852, 37.18586475020248], [-3.61634991714124, 37.18576105568962], [-3.616188598097894, 37.18564018138435], [-3.616151130048404, 37.185614955846646], [-3.616114583355121, 37.185592196244485], [-3.615954406978684, 37.185492489570656], [-3.615771237248441, 37.18537966962155], [-3.61524886139089, 37.18515259745349], [-3.615204417127957, 37.185138112872195], [-3.614954844807898, 37.185062723649416], [-3.614933199974842, 37.18505893743411], [-3.6148793549542, 37.185054271803104], [-3.614797616648295, 37.18504717829257], [-3.614737132405342, 37.185044169569]]]]}}, {"type": "Feature", "properties": {"CUSEC": "1808707032", "CDIS": "07", "CSEC": "032", "NMUN": "Granada", "poblaciones": {"2015": 1947, "2016": 1948, "2017": 1818, "2018": 1794, "2019": 1796, "2020": 1799, "2021": 1877, "2022": 1904, "2023": 1896, "2024": 1884, "2025": 1864}, "superficie_verde_m2": 41572, "estacion_cercana": {"name": "Granada Norte", "distancia_m": 2259}, "superficie_verde_desglose": {"parques": 31540, "jardines": 9966, "arbolado": 66}, "centroide": [-3.638041, 37.194532], "equipamientos": {"sanidad": {"n_dentro": 1}, "educacion": {"n_dentro": 0, "mas_cercana_m": 509, "mas_cercana_name": "Ciudad de los Niños"}, "agua": {"n_dentro": 1}, "reciclaje": {"n_dentro": 1}, "aparcabicis": {"n_dentro": 0, "mas_cercana_m": 724, "mas_cercana_name": "bicycle_parking"}, "patrimonio": {"n_dentro": 0, "mas_cercana_m": 3383, "mas_cercana_name": "Cripta de Fray Leopoldo de Alpandeire"}}, "renta": {"2015": 15050, "2016": 15050, "2017": 15750, "2018": 15750, "2019": 16450, "2020": 17150, "2021": 17850, "2022": 19250, "2023": 21350}, "vft": {"n_vfts": 6, "n_plazas": 38, "viviendas_total": 864, "viviendas_fuente": "censo2021", "ratio_vft_pct": 0.69, "serie": {"2015": 0, "2016": 1, "2017": 1, "2018": 2, "2019": 3, "2020": 3, "2021": 3, "2022": 3, "2023": 3, "2024": 5, "2025": 5}}, "renta_med_uc": {"2015": 15050, "2016": 15050, "2017": 15750, "2018": 15750, "2019": 16450, "2020": 17150, "2021": 17850, "2022": 19250, "2023": 21350}, "renta_hogar": {"2015": 28398, "2016": 29128, "2017": 29045, "2018": 30849, "2019": 31228, "2020": 31666, "2021": 33204, "2022": 35052, "2023": 38582}, "renta_persona": {"2015": 10523, "2016": 10762, "2017": 10965, "2018": 11773, "2019": 12172, "2020": 12338, "2021": 12878, "2022": 13712, "2023": 15249}}, "geometry": {"type": "MultiPolygon", "coordinates": [[[[-3.648280061260273, 37.19888974845351], [-3.648266409862762, 37.19881780604512], [-3.647405976139788, 37.19834473132821], [-3.647340634736596, 37.19836084932819], [-3.646123933250359, 37.19864018232446], [-3.646019840049256, 37.1987476638333], [-3.645303606100794, 37.19867350110205], [-3.644638772419909, 37.19861580681043], [-3.643998991615248, 37.19849662890332], [-3.643205339386172, 37.19831697724315], [-3.642207820043562, 37.19819976389087], [-3.640878701032004, 37.19814560718564], [-3.639856126204629, 37.19808981809848], [-3.638578042273056, 37.19803535088541], [-3.637965148919077, 37.19807953144425], [-3.637146541958884, 37.197961312696165], [-3.636737723344777, 37.19796350805516], [-3.635867285787835, 37.197763797740635], [-3.634611725267084, 37.19734125675662], [-3.633740445687243, 37.19703930230116], [-3.633151428182604, 37.19687890215845], [-3.632522692519429, 37.19671496493403], [-3.632306384907498, 37.19665859513492], [-3.631875184565368, 37.19648229101993], [-3.631462408749397, 37.19631351835277], [-3.631138047638512, 37.19621703229762], [-3.630919552952944, 37.19614398672198], [-3.627499444082777, 37.194685427564224], [-3.627341994081934, 37.194618277045315], [-3.62876963525951, 37.19319895862999], [-3.628836362392365, 37.193253518579205], [-3.628955652254573, 37.19313832476144], [-3.629261614810503, 37.19284286835791], [-3.629514813094618, 37.19259836007139], [-3.629812769574429, 37.192296964895796], [-3.630084525988306, 37.19200962590991], [-3.630092410414176, 37.1917843667539], [-3.630104929653662, 37.191426718808856], [-3.630117163649454, 37.19107719486541], [-3.630125816994542, 37.1907267326594], [-3.6301166139969, 37.19039615021459], [-3.630146810582849, 37.19018586354857], [-3.630200245435112, 37.18981375846581], [-3.630218220637527, 37.18970164776948], [-3.630737408928321, 37.18955694330999], [-3.63251595405122, 37.19011597554503], [-3.632917953121725, 37.19023049943137], [-3.633447014609799, 37.19028601492087], [-3.633848521615668, 37.190342205135046], [-3.634542007984345, 37.19044058621939], [-3.634815824400708, 37.19048287054874], [-3.635216900460408, 37.19049530902936], [-3.635727780130857, 37.19055091089827], [-3.636129007126619, 37.19057792560468], [-3.636457606598375, 37.190634502010084], [-3.63682276590633, 37.19070546111454], [-3.637224522278441, 37.1907907717304], [-3.637589460306402, 37.19083256039142], [-3.637954324399455, 37.19087435283137], [-3.638355967176184, 37.19094511163606], [-3.638830471285847, 37.191015476214474], [-3.639213417153303, 37.19102799890911], [-3.639633117382461, 37.191084070414], [-3.640052846423055, 37.19114014568161], [-3.640381697394854, 37.19122587456571], [-3.64071015688257, 37.191267850766536], [-3.641130128780671, 37.191353103670295], [-3.641513496913569, 37.191423954241316], [-3.642066222449757, 37.19150355515015], [-3.642334002869956, 37.191559908476044], [-3.642826032474994, 37.191643953385636], [-3.643216829973856, 37.19171694941597], [-3.643759053833389, 37.191757392202575], [-3.643804886857116, 37.19205192381202], [-3.64387204445802, 37.192300129315804], [-3.64400410320272, 37.19253641344351], [-3.644281881033917, 37.19291637751649], [-3.644522248650776, 37.19314049440716], [-3.64473387993364, 37.1933878961583], [-3.645018396439688, 37.19371006017026], [-3.645186106454809, 37.193894106580956], [-3.64533902562412, 37.194031986197636], [-3.645470212055249, 37.19416424301963], [-3.645748269755162, 37.19443711140879], [-3.646152848344856, 37.194746968447234], [-3.646722577900753, 37.19501815045736], [-3.646879106719501, 37.19534831790851], [-3.64696521810216, 37.19574502778005], [-3.647085590409027, 37.195999719138136], [-3.647335357946769, 37.19616856368705], [-3.647762749791537, 37.19638377438985], [-3.647906025827873, 37.19655319814711], [-3.648027013504301, 37.19687408465072], [-3.648228464694002, 37.19692973178206], [-3.648525287854164, 37.19707943200946], [-3.648658767219328, 37.197475898298755], [-3.648780575445798, 37.19790080520672], [-3.648961475906501, 37.19831593800811], [-3.649057797955475, 37.19852348068349], [-3.649190687748464, 37.198853756302654], [-3.649050433681828, 37.19904366854911], [-3.648755265336117, 37.19908309176921], [-3.648280061260273, 37.19888974845351]]]]}}, {"type": "Feature", "properties": {"CUSEC": "1808707033", "CDIS": "07", "CSEC": "033", "NMUN": "Granada", "poblaciones": {"2015": 971, "2016": 966, "2017": 981, "2018": 988, "2019": 989, "2020": 982, "2021": 1059, "2022": 1020, "2023": 1014, "2024": 1000, "2025": 1009}, "superficie_verde_m2": 10006, "estacion_cercana": {"name": "Granada Norte", "distancia_m": 1502}, "superficie_verde_desglose": {"parques": 8707, "jardines": 0, "arbolado": 1299}, "centroide": [-3.628398, 37.191127], "equipamientos": {"sanidad": {"n_dentro": 2}, "educacion": {"n_dentro": 2}, "agua": {"n_dentro": 0, "mas_cercana_m": 273, "mas_cercana_name": "drinking_water"}, "reciclaje": {"n_dentro": 0, "mas_cercana_m": 438, "mas_cercana_name": "waste_disposal"}, "aparcabicis": {"n_dentro": 1}, "patrimonio": {"n_dentro": 0, "mas_cercana_m": 2453, "mas_cercana_name": "Cripta de Fray Leopoldo de Alpandeire"}}, "renta": {"2015": 13650, "2016": 14350, "2017": 15050, "2018": 15750, "2019": 15750, "2020": 16450, "2021": 17850, "2022": 18550, "2023": 19950}, "vft": {"n_vfts": 1, "n_plazas": 4, "viviendas_total": 488, "viviendas_fuente": "censo2021", "ratio_vft_pct": 0.2, "serie": {"2015": 0, "2016": 0, "2017": 0, "2018": 0, "2019": 0, "2020": 0, "2021": 0, "2022": 0, "2023": 0, "2024": 1, "2025": 1}}, "renta_med_uc": {"2015": 13650, "2016": 14350, "2017": 15050, "2018": 15750, "2019": 15750, "2020": 16450, "2021": 17850, "2022": 18550, "2023": 19950}, "renta_hogar": {"2015": 23152, "2016": 24393, "2017": 25930, "2018": 26812, "2019": 28724, "2020": 31061, "2021": 31764, "2022": 33894, "2023": 34857}, "renta_persona": {"2015": 10211, "2016": 10280, "2017": 11086, "2018": 11439, "2019": 12065, "2020": 12253, "2021": 13063, "2022": 14099, "2023": 15076}}, "geometry": {"type": "MultiPolygon", "coordinates": [[[[-3.62876963525951, 37.19319895862999], [-3.628770541565324, 37.193198056928075], [-3.628237273522376, 37.192729645494175], [-3.62821634318151, 37.192711260679566], [-3.627981935551149, 37.19262765476062], [-3.627980988018629, 37.192626844017184], [-3.627204960919214, 37.19234257670207], [-3.627110135063009, 37.19230774294312], [-3.626631857386565, 37.19213262143271], [-3.626598522312872, 37.19211954267381], [-3.626487166308118, 37.19207577283497], [-3.62659668589126, 37.191897176336674], [-3.626611343471868, 37.19187319370857], [-3.626629376679501, 37.19184389299749], [-3.626765770355446, 37.19162267666038], [-3.626851525946925, 37.19148369683367], [-3.626876724594245, 37.19144209914223], [-3.626945451899223, 37.19132860987231], [-3.626590778276808, 37.19118185542717], [-3.626553915957936, 37.19116660040009], [-3.626499988932821, 37.19114443533676], [-3.626568138430212, 37.19101961514077], [-3.626575897066271, 37.191006134245214], [-3.626589137646581, 37.19098317318522], [-3.626700311523274, 37.190790240976824], [-3.626876160430706, 37.190485247039206], [-3.626604270138828, 37.19038429271994], [-3.626795522318824, 37.19006985638322], [-3.626877592463551, 37.18993503703535], [-3.626605377957459, 37.189825967315585], [-3.626852013624583, 37.18935035706128], [-3.627636429830225, 37.189503032288826], [-3.62772584742998, 37.18952041076844], [-3.628614694379498, 37.189693538658176], [-3.628926948913441, 37.18973478716088], [-3.629065130153855, 37.189752997347505], [-3.629396566566038, 37.18977423896109], [-3.630138131030774, 37.18971746696876], [-3.630170552857165, 37.18971493285439], [-3.630218220637527, 37.18970164776948], [-3.630200245435112, 37.18981375846581], [-3.630146810582849, 37.19018586354857], [-3.6301166139969, 37.19039615021459], [-3.630125816994542, 37.1907267326594], [-3.630117163649454, 37.19107719486541], [-3.630104929653662, 37.191426718808856], [-3.630092410414176, 37.1917843667539], [-3.630084525988306, 37.19200962590991], [-3.629812769574429, 37.192296964895796], [-3.629514813094618, 37.19259836007139], [-3.629261614810503, 37.19284286835791], [-3.628955652254573, 37.19313832476144], [-3.628836362392365, 37.193253518579205], [-3.62876963525951, 37.19319895862999]]]]}}, {"type": "Feature", "properties": {"CUSEC": "1808707034", "CDIS": "07", "CSEC": "034", "NMUN": "Granada", "poblaciones": {"2015": 1446, "2016": 1444, "2017": 1430, "2018": 1424, "2019": 1449, "2020": 1454, "2021": 1540, "2022": 1573, "2023": 1605, "2024": 1633, "2025": 1620}, "superficie_verde_m2": 4454, "estacion_cercana": {"name": "Granada Norte", "distancia_m": 1445}, "superficie_verde_desglose": {"parques": 3789, "jardines": 666, "arbolado": 0}, "centroide": [-3.6172, 37.183596], "equipamientos": {"sanidad": {"n_dentro": 1}, "educacion": {"n_dentro": 1}, "agua": {"n_dentro": 1}, "reciclaje": {"n_dentro": 0, "mas_cercana_m": 313, "mas_cercana_name": "recycling"}, "aparcabicis": {"n_dentro": 0, "mas_cercana_m": 225, "mas_cercana_name": "bicycle_parking"}, "patrimonio": {"n_dentro": 0, "mas_cercana_m": 1358, "mas_cercana_name": "Cripta de Fray Leopoldo de Alpandeire"}}, "renta": {"2015": 17150, "2016": 17850, "2017": 17150, "2018": 17850, "2019": 18550, "2020": 18550, "2021": 19950, "2022": 20650, "2023": 22050}, "vft": {"n_vfts": 4, "n_plazas": 24, "viviendas_total": 883, "viviendas_fuente": "censo2021", "ratio_vft_pct": 0.45, "serie": {"2015": 0, "2016": 0, "2017": 0, "2018": 1, "2019": 1, "2020": 2, "2021": 2, "2022": 3, "2023": 3, "2024": 4, "2025": 4}}, "renta_med_uc": {"2015": 17150, "2016": 17850, "2017": 17150, "2018": 17850, "2019": 18550, "2020": 18550, "2021": 19950, "2022": 20650, "2023": 22050}, "renta_hogar": {"2015": 29523, "2016": 30638, "2017": 31056, "2018": 31747, "2019": 31562, "2020": 33498, "2021": 35893, "2022": 37034, "2023": 40006}, "renta_persona": {"2015": 12715, "2016": 13125, "2017": 13181, "2018": 13810, "2019": 13917, "2020": 14630, "2021": 15671, "2022": 16323, "2023": 17538}}, "geometry": {"type": "MultiPolygon", "coordinates": [[[[-3.619171538328018, 37.18576582459746], [-3.618580122020129, 37.185616310376275], [-3.618318062890667, 37.185563163399976], [-3.618064710087556, 37.185511742577965], [-3.617777853200339, 37.18545356775045], [-3.617478464975405, 37.18539285699567], [-3.616930381817867, 37.18528163902443], [-3.616627111648931, 37.18522011703597], [-3.616402770042279, 37.18517461258891], [-3.615273043179307, 37.18494539761761], [-3.615229963545162, 37.18493662985252], [-3.614902395435757, 37.18479163730946], [-3.614785339657232, 37.18479654804681], [-3.614710496012413, 37.18479968024432], [-3.614707699350867, 37.18477363525987], [-3.614692930923466, 37.18474531775914], [-3.614636986304837, 37.184637795059686], [-3.614571547377499, 37.18451199159537], [-3.614513238116007, 37.18441445059004], [-3.614455869458626, 37.184319658455145], [-3.61438389112107, 37.184200662819194], [-3.614291598331361, 37.18404816823968], [-3.614941728046992, 37.1832581422876], [-3.615222223443091, 37.18300818973498], [-3.615257098741862, 37.18297841564628], [-3.615502695905326, 37.182769382457096], [-3.615744259069051, 37.1825638806779], [-3.615826478695153, 37.1824938976563], [-3.615896902993062, 37.18244529222313], [-3.616070732665734, 37.182516714208475], [-3.617147919341092, 37.18172436462945], [-3.618419440304904, 37.18138859275548], [-3.619550538895064, 37.181187943202175], [-3.619700236778096, 37.18133145391223], [-3.620071295457776, 37.181308301743584], [-3.619968591987613, 37.18141009175186], [-3.619708951041555, 37.181735804748925], [-3.619295018346282, 37.18214818216244], [-3.618963759530829, 37.18246472829728], [-3.618656421110248, 37.18279068812709], [-3.618337234534596, 37.18312624941191], [-3.617592016247849, 37.18385516440651], [-3.617998864172571, 37.18403429934119], [-3.619626274973192, 37.184750827583755], [-3.619638353263326, 37.184769844360304], [-3.619591363797017, 37.18485594849516], [-3.619245026591167, 37.185782740201255], [-3.619171538328018, 37.18576582459746]]]]}}, {"type": "Feature", "properties": {"CUSEC": "1808708001", "CDIS": "08", "CSEC": "001", "NMUN": "Granada", "poblaciones": {"2015": 1275, "2016": 1265, "2017": 1264, "2018": 1306, "2019": 1301, "2020": 1311, "2021": 1312, "2022": 1305, "2023": 1351, "2024": 1410, "2025": 1429}, "superficie_verde_m2": 0, "estacion_cercana": {"name": "Granada Norte", "distancia_m": 1745}, "superficie_verde_desglose": {"parques": 0, "jardines": 0, "arbolado": 0}, "centroide": [-3.59961, 37.184342], "equipamientos": {"sanidad": {"n_dentro": 2}, "educacion": {"n_dentro": 6}, "agua": {"n_dentro": 7}, "reciclaje": {"n_dentro": 7}, "aparcabicis": {"n_dentro": 0, "mas_cercana_m": 248, "mas_cercana_name": "bicycle_parking"}, "patrimonio": {"n_dentro": 1}}, "renta": {"2015": 14350, "2016": 14350, "2017": 15050, "2018": 15750, "2019": 15050, "2020": 15050, "2021": 16450, "2022": 17150, "2023": 17850}, "vft": {"n_vfts": 92, "n_plazas": 405, "viviendas_total": 1211, "viviendas_fuente": "censo2021", "ratio_vft_pct": 7.6, "serie": {"2015": 0, "2016": 8, "2017": 26, "2018": 43, "2019": 54, "2020": 57, "2021": 59, "2022": 66, "2023": 75, "2024": 91, "2025": 92}}, "renta_med_uc": {"2015": 14350, "2016": 14350, "2017": 15050, "2018": 15750, "2019": 15050, "2020": 15050, "2021": 16450, "2022": 17150, "2023": 17850}, "renta_hogar": {"2015": 24104, "2016": 24671, "2017": 24630, "2018": 25818, "2019": 27404, "2020": 25261, "2021": 27815, "2022": 27650, "2023": 29924}, "renta_persona": {"2015": 11439, "2016": 11577, "2017": 11736, "2018": 12281, "2019": 13088, "2020": 12355, "2021": 13749, "2022": 14449, "2023": 15557}}, "geometry": {"type": "MultiPolygon", "coordinates": [[[[-3.596437017639153, 37.18503549774367], [-3.596511522460878, 37.184996169495044], [-3.596708991635328, 37.1849503899049], [-3.597298521898288, 37.184933561214635], [-3.597576818434147, 37.18496773441854], [-3.597723566679751, 37.18501144859272], [-3.598224741857147, 37.18525195949999], [-3.598296419456294, 37.18527149690385], [-3.598356151520397, 37.1852734676891], [-3.598376287913438, 37.18526950799543], [-3.598433784987604, 37.18525808528949], [-3.598558421467422, 37.185163530573995], [-3.598560897360076, 37.18516176484017], [-3.598595725008554, 37.185115860794305], [-3.598572082221285, 37.18501141768052], [-3.598537181338145, 37.184936682131955], [-3.598471900734792, 37.184888994243344], [-3.598465673235724, 37.18488647833923], [-3.598372968325941, 37.18484845582869], [-3.598346994398699, 37.18483776567995], [-3.598325744575811, 37.18482895813295], [-3.598009159371155, 37.1846975059992], [-3.597822096897277, 37.18450599448435], [-3.597738266308415, 37.184390965031994], [-3.597259085885109, 37.18369886331356], [-3.597144798542032, 37.1835658182931], [-3.597012579921413, 37.18345900506281], [-3.596793568207826, 37.183334905527765], [-3.596408198889455, 37.18321662694747], [-3.596264433359542, 37.18320154715993], [-3.596260372040827, 37.183195819359355], [-3.595837040598445, 37.18318095758296], [-3.595777838498405, 37.18306695303321], [-3.595879315140453, 37.18299529688263], [-3.596108306498373, 37.18291805677847], [-3.5961086536156, 37.18291749976855], [-3.596136644482375, 37.18288320482301], [-3.596214767289096, 37.18274758793283], [-3.596116865781789, 37.18274095405614], [-3.595604820209048, 37.18277121573175], [-3.595478850957116, 37.18280131032074], [-3.595064247290916, 37.182814026270556], [-3.595100523478101, 37.18278245816068], [-3.595253458352644, 37.182730779644544], [-3.59561433438895, 37.18261901577398], [-3.595609345281952, 37.182589096283145], [-3.595604954020629, 37.182576489717114], [-3.595564171878788, 37.18246013353598], [-3.596335643472226, 37.18227491995885], [-3.596494414558521, 37.182275839721044], [-3.597175788514646, 37.18240769615218], [-3.597493286877075, 37.18246911969752], [-3.59754466905383, 37.182472557223], [-3.597595967225184, 37.18247591312231], [-3.597912499814125, 37.182496917048276], [-3.598103330656905, 37.18250958037999], [-3.598217422684069, 37.1825171449487], [-3.598313745587068, 37.18252347407813], [-3.598354669521751, 37.182527162371656], [-3.598869219100318, 37.18257269306556], [-3.59900602655121, 37.18259138704442], [-3.598900957005011, 37.18270009541225], [-3.598973722746579, 37.18276640967224], [-3.599191621290827, 37.182752063622274], [-3.599591538028798, 37.18272570625126], [-3.599744955736231, 37.182715551588196], [-3.599837373674352, 37.18256780372166], [-3.600173101516642, 37.182267115839984], [-3.601254155116866, 37.1825113646101], [-3.601266503157668, 37.182532917559854], [-3.601312680480104, 37.18256033911899], [-3.60207286835404, 37.18295191362006], [-3.601567289876358, 37.18342557753026], [-3.601447486727301, 37.18353780088296], [-3.601201740361518, 37.18376805275655], [-3.601018330686821, 37.18393972042904], [-3.601022266234272, 37.18394374325075], [-3.601764474354097, 37.184732447435415], [-3.601838492386214, 37.184811197380775], [-3.601866135719811, 37.18484053818976], [-3.602312519726127, 37.18533883590155], [-3.602605538319233, 37.185665986873445], [-3.602920840211538, 37.18601800242393], [-3.602546942434853, 37.1862194630111], [-3.602111151580123, 37.18639972864671], [-3.602041719626148, 37.186428452176585], [-3.601843026809688, 37.18651617102435], [-3.601547207185471, 37.18664666563671], [-3.601447712983955, 37.186690635409235], [-3.601123751629192, 37.18682934927627], [-3.600976365594575, 37.18689507717335], [-3.600771568808374, 37.18698341560614], [-3.600567965931722, 37.1870239679719], [-3.600295589438268, 37.18704565420102], [-3.600236226069991, 37.187072798686], [-3.600185395532755, 37.18709605453929], [-3.59999238727612, 37.18719915544829], [-3.600007574853515, 37.187108771674524], [-3.600012256461799, 37.18707393135098], [-3.600044619684505, 37.1868358777987], [-3.600052893508782, 37.18672677087292], [-3.600068085158442, 37.18652713635015], [-3.600082836324025, 37.18628522473118], [-3.600090744987175, 37.18615617974764], [-3.600096143895722, 37.186068905783614], [-3.600092160937785, 37.185850867094466], [-3.599809090828082, 37.18584473142481], [-3.599529972440024, 37.18580973835533], [-3.599344527742386, 37.18578329473135], [-3.599328500337109, 37.18578101413574], [-3.599202217388698, 37.18579551552007], [-3.59895265306244, 37.18582428096672], [-3.598737743166919, 37.185859406827234], [-3.598503784477522, 37.18588916603401], [-3.598381023628075, 37.18587032845373], [-3.598328261502421, 37.18586221098393], [-3.598165271249473, 37.18573997287384], [-3.598080209009405, 37.18567615852171], [-3.597735561226839, 37.18540650476759], [-3.597547817420779, 37.18525806524309], [-3.597256860143685, 37.18516353486205], [-3.596437017639153, 37.18503549774367]]]]}}, {"type": "Feature", "properties": {"CUSEC": "1808708002", "CDIS": "08", "CSEC": "002", "NMUN": "Granada", "poblaciones": {"2015": 1057, "2016": 1046, "2017": 1025, "2018": 999, "2019": 1029, "2020": 1041, "2021": 1018, "2022": 989, "2023": 999, "2024": 974, "2025": 987}, "superficie_verde_m2": 2084, "estacion_cercana": {"name": "Granada Palacio de Congresos", "distancia_m": 2012}, "superficie_verde_desglose": {"parques": 0, "jardines": 0, "arbolado": 2084}, "centroide": [-3.595029, 37.183976], "equipamientos": {"sanidad": {"n_dentro": 1}, "educacion": {"n_dentro": 3}, "agua": {"n_dentro": 5}, "reciclaje": {"n_dentro": 7}, "aparcabicis": {"n_dentro": 0, "mas_cercana_m": 348, "mas_cercana_name": "bicycle_parking"}, "patrimonio": {"n_dentro": 4}}, "renta": {"2015": 14350, "2016": 14350, "2017": 14350, "2018": 15750, "2019": 15750, "2020": 15750, "2021": 17150, "2022": 17850, "2023": 21350}, "vft": {"n_vfts": 70, "n_plazas": 363, "viviendas_total": 561, "viviendas_fuente": "censo2021", "ratio_vft_pct": 12.48, "serie": {"2015": 0, "2016": 5, "2017": 8, "2018": 21, "2019": 26, "2020": 27, "2021": 28, "2022": 37, "2023": 44, "2024": 68, "2025": 70}}, "renta_med_uc": {"2015": 14350, "2016": 14350, "2017": 14350, "2018": 15750, "2019": 15750, "2020": 15750, "2021": 17150, "2022": 17850, "2023": 21350}, "renta_hogar": {"2015": 30395, "2016": 30330, "2017": 30037, "2018": 31783, "2019": 33007, "2020": 31611, "2021": 33131, "2022": 34126, "2023": 37698}, "renta_persona": {"2015": 11833, "2016": 11844, "2017": 11948, "2018": 12799, "2019": 13236, "2020": 12926, "2021": 13946, "2022": 14400, "2023": 16263}}, "geometry": {"type": "MultiPolygon", "coordinates": [[[[-3.59377708986873, 37.18239133177156], [-3.593776036032537, 37.182366084275536], [-3.593897622222079, 37.18212914079878], [-3.594114791551186, 37.18212463843386], [-3.594776116013116, 37.18207215443099], [-3.595366769062438, 37.18191036542053], [-3.59531183336694, 37.18177203646896], [-3.595316797398337, 37.181581166686165], [-3.59543119772729, 37.181567797333734], [-3.595875303845391, 37.18150762166818], [-3.596050818067924, 37.181504748556854], [-3.596107956013674, 37.181726914502896], [-3.596109110700124, 37.18172690869355], [-3.596639086073031, 37.18172212284163], [-3.596681564614325, 37.181429120038025], [-3.59700435695128, 37.18145092417734], [-3.597074580592872, 37.18145570020178], [-3.597079645169154, 37.1814221515394], [-3.597082068780588, 37.18142234214152], [-3.59751348606767, 37.18145493347873], [-3.597521639315042, 37.18129507829533], [-3.597529793616584, 37.18113521769347], [-3.597623412994198, 37.18109461600891], [-3.597709011029408, 37.18129090260203], [-3.597825254693605, 37.181875044769235], [-3.597850454608012, 37.18200150238692], [-3.597771002915183, 37.18218388728498], [-3.597616550054693, 37.18239729720729], [-3.597595967225184, 37.18247591312231], [-3.59754466905383, 37.182472557223], [-3.597493286877075, 37.18246911969752], [-3.597175788514646, 37.18240769615218], [-3.596494414558521, 37.182275839721044], [-3.596335643472226, 37.18227491995885], [-3.595564171878788, 37.18246013353598], [-3.595604954020629, 37.182576489717114], [-3.595609345281952, 37.182589096283145], [-3.59561433438895, 37.18261901577398], [-3.595253458352644, 37.182730779644544], [-3.595100523478101, 37.18278245816068], [-3.595064247290916, 37.182814026270556], [-3.595478850957116, 37.18280131032074], [-3.595604820209048, 37.18277121573175], [-3.596116865781789, 37.18274095405614], [-3.596214767289096, 37.18274758793283], [-3.596136644482375, 37.18288320482301], [-3.5961086536156, 37.18291749976855], [-3.596108306498373, 37.18291805677847], [-3.595879315140453, 37.18299529688263], [-3.595777838498405, 37.18306695303321], [-3.595837040598445, 37.18318095758296], [-3.596260372040827, 37.183195819359355], [-3.596264433359542, 37.18320154715993], [-3.596408198889455, 37.18321662694747], [-3.596793568207826, 37.183334905527765], [-3.597012579921413, 37.18345900506281], [-3.597144798542032, 37.1835658182931], [-3.597259085885109, 37.18369886331356], [-3.597738266308415, 37.184390965031994], [-3.597822096897277, 37.18450599448435], [-3.598009159371155, 37.1846975059992], [-3.598325744575811, 37.18482895813295], [-3.598346994398699, 37.18483776567995], [-3.598372968325941, 37.18484845582869], [-3.598465673235724, 37.18488647833923], [-3.598471900734792, 37.184888994243344], [-3.598537181338145, 37.184936682131955], [-3.598572082221285, 37.18501141768052], [-3.598595725008554, 37.185115860794305], [-3.598560897360076, 37.18516176484017], [-3.598558421467422, 37.185163530573995], [-3.598433784987604, 37.18525808528949], [-3.598376287913438, 37.18526950799543], [-3.598356151520397, 37.1852734676891], [-3.598296419456294, 37.18527149690385], [-3.598224741857147, 37.18525195949999], [-3.597723566679751, 37.18501144859272], [-3.597576818434147, 37.18496773441854], [-3.597298521898288, 37.184933561214635], [-3.596708991635328, 37.1849503899049], [-3.596511522460878, 37.184996169495044], [-3.596437017639153, 37.18503549774367], [-3.596185005443433, 37.185168459073445], [-3.59614268671233, 37.18520177147325], [-3.595903983491003, 37.185389812981214], [-3.59576940512136, 37.185511443429384], [-3.595585933473836, 37.18567732142649], [-3.595425211089676, 37.18582842351841], [-3.595328162782824, 37.18591964536472], [-3.595065609133751, 37.186157963496896], [-3.594874308373881, 37.18633154612592], [-3.594667995544669, 37.186518796925974], [-3.594432486300461, 37.18662804596293], [-3.593984058739749, 37.18683609030463], [-3.593824154690809, 37.18683845940218], [-3.593393508619778, 37.186844804063604], [-3.593256723195173, 37.1868499005259], [-3.593126367501198, 37.18685470774262], [-3.593063687926834, 37.18641875495347], [-3.593044656586124, 37.18613301942059], [-3.593042618458432, 37.18610275605372], [-3.593070257520607, 37.18591926723238], [-3.593077652456388, 37.18587010383318], [-3.593201785495962, 37.18523513366508], [-3.593240146631089, 37.185080833467126], [-3.593241567409727, 37.18507667089169], [-3.593306271873824, 37.184882455401045], [-3.593329584565024, 37.18485403915275], [-3.593420550625204, 37.18474342868814], [-3.593924718283464, 37.184469128948706], [-3.593591883608641, 37.18403415792082], [-3.593589512912971, 37.18403210108089], [-3.593566278059654, 37.18401139510358], [-3.593470599611864, 37.183926216884856], [-3.593168860761597, 37.1838210217549], [-3.593116151492571, 37.183866955150414], [-3.59293466815177, 37.183847724391185], [-3.592810964543923, 37.18383451498748], [-3.592731733311678, 37.183805281405746], [-3.592694826342171, 37.18379163762946], [-3.592658885007728, 37.18375378727314], [-3.592593698997516, 37.18368515968549], [-3.592480515970566, 37.18353292728592], [-3.592413989808748, 37.18347874224858], [-3.592381897954749, 37.18345267190863], [-3.592205354625179, 37.18330903988931], [-3.592190647917306, 37.18328679468416], [-3.591994414880615, 37.18298828631591], [-3.591945436103761, 37.18294420368117], [-3.591915229455707, 37.182917127743224], [-3.59186352706225, 37.18287049419158], [-3.591861167849765, 37.182869176408644], [-3.591722764581285, 37.182793787562694], [-3.59158825868962, 37.18272045321961], [-3.59150134346579, 37.182658414585205], [-3.591441900056449, 37.182615880307324], [-3.591431934543316, 37.182609985305774], [-3.591410043349555, 37.18259314821866], [-3.591570387195907, 37.18245546173402], [-3.591795059492009, 37.18251073778996], [-3.591798475779044, 37.182511090301276], [-3.59184204993889, 37.18251589436097], [-3.592073761131473, 37.18254124874062], [-3.592211960053697, 37.18255281803512], [-3.592343228339487, 37.18255703572893], [-3.592487631166215, 37.18256165091806], [-3.592639241710096, 37.182591334827165], [-3.592678380574984, 37.18259800773629], [-3.592700708482675, 37.18260365600427], [-3.592722389907167, 37.1826086053099], [-3.592899257830152, 37.18264900098828], [-3.593119332810887, 37.1826974883399], [-3.593156992752318, 37.182612270560426], [-3.593457632801136, 37.182657415356836], [-3.593462926079513, 37.18262624540525], [-3.593467473540849, 37.18259982507047], [-3.593477098501363, 37.182550654958284], [-3.59357065561656, 37.18257084282661], [-3.593597839814451, 37.18250661244901], [-3.593702965002064, 37.182489856887294], [-3.593780715060729, 37.18247737586142], [-3.59377708986873, 37.18239133177156]]]]}}, {"type": "Feature", "properties": {"CUSEC": "1808708003", "CDIS": "08", "CSEC": "003", "NMUN": "Granada", "poblaciones": {"2015": 948, "2016": 921, "2017": 899, "2018": 885, "2019": 899, "2020": 887, "2021": 894, "2022": 876, "2023": 858, "2024": 856, "2025": 861}, "superficie_verde_m2": 856, "estacion_cercana": {"name": "Granada Palacio de Congresos", "distancia_m": 2029}, "superficie_verde_desglose": {"parques": 0, "jardines": 856, "arbolado": 0}, "centroide": [-3.591549, 37.183479], "equipamientos": {"sanidad": {"n_dentro": 3}, "educacion": {"n_dentro": 1}, "agua": {"n_dentro": 6}, "reciclaje": {"n_dentro": 18}, "aparcabicis": {"n_dentro": 1}, "patrimonio": {"n_dentro": 2}}, "renta": {"2015": 11550, "2016": 11550, "2017": 12250, "2018": 12950, "2019": 14350, "2020": 14350, "2021": 15050, "2022": 16450, "2023": 17150}, "vft": {"n_vfts": 86, "n_plazas": 506, "viviendas_total": 513, "viviendas_fuente": "censo2021", "ratio_vft_pct": 16.76, "serie": {"2015": 0, "2016": 4, "2017": 13, "2018": 35, "2019": 38, "2020": 40, "2021": 41, "2022": 51, "2023": 63, "2024": 83, "2025": 85}}, "renta_med_uc": {"2015": 11550, "2016": 11550, "2017": 12250, "2018": 12950, "2019": 14350, "2020": 14350, "2021": 15050, "2022": 16450, "2023": 17150}, "renta_hogar": {"2015": 24017, "2016": 24107, "2017": 23921, "2018": 26246, "2019": 26809, "2020": 26576, "2021": 27636, "2022": 30852, "2023": 33410}, "renta_persona": {"2015": 9908, "2016": 9848, "2017": 10304, "2018": 11395, "2019": 11828, "2020": 11686, "2021": 12201, "2022": 13927, "2023": 15248}}, "geometry": {"type": "MultiPolygon", "coordinates": [[[[-3.588694418485981, 37.18124010839661], [-3.588697844533664, 37.181240276161674], [-3.588946900516127, 37.18120477344451], [-3.589102671969977, 37.18115628061723], [-3.589365839062387, 37.181127341181515], [-3.589701802330599, 37.181090337294755], [-3.589495107622341, 37.18124713177375], [-3.590193754055811, 37.181057375353504], [-3.590502542341437, 37.18101291925722], [-3.591179569811791, 37.180915509784924], [-3.59121142739625, 37.18107230390344], [-3.59153002355483, 37.18107430043856], [-3.591524086944486, 37.18112635451048], [-3.591600357904368, 37.18115561632557], [-3.591810838888083, 37.18114611274937], [-3.592115023622713, 37.181113658688794], [-3.5922199660107, 37.18109461579682], [-3.592259833969103, 37.18126619764907], [-3.592316132043708, 37.18150848987178], [-3.592386121284716, 37.18150145607062], [-3.592690849641753, 37.181470806024016], [-3.592703399330848, 37.181473659282645], [-3.592713545067265, 37.181475953076614], [-3.5929017991276, 37.18151826678171], [-3.593034811655751, 37.181771897470966], [-3.593252065600751, 37.182186273313235], [-3.593404907297585, 37.182279066252875], [-3.593577716715125, 37.182349241937594], [-3.59377708986873, 37.18239133177156], [-3.593780715060729, 37.18247737586142], [-3.593702965002064, 37.182489856887294], [-3.593597839814451, 37.18250661244901], [-3.59357065561656, 37.18257084282661], [-3.593477098501363, 37.182550654958284], [-3.593467473540849, 37.18259982507047], [-3.593462926079513, 37.18262624540525], [-3.593457632801136, 37.182657415356836], [-3.593156992752318, 37.182612270560426], [-3.593119332810887, 37.1826974883399], [-3.592899257830152, 37.18264900098828], [-3.592722389907167, 37.1826086053099], [-3.592700708482675, 37.18260365600427], [-3.592678380574984, 37.18259800773629], [-3.592639241710096, 37.182591334827165], [-3.592487631166215, 37.18256165091806], [-3.592343228339487, 37.18255703572893], [-3.592211960053697, 37.18255281803512], [-3.592073761131473, 37.18254124874062], [-3.59184204993889, 37.18251589436097], [-3.591798475779044, 37.182511090301276], [-3.591795059492009, 37.18251073778996], [-3.591570387195907, 37.18245546173402], [-3.591410043349555, 37.18259314821866], [-3.591431934543316, 37.182609985305774], [-3.591441900056449, 37.182615880307324], [-3.59150134346579, 37.182658414585205], [-3.59158825868962, 37.18272045321961], [-3.591722764581285, 37.182793787562694], [-3.591861167849765, 37.182869176408644], [-3.59186352706225, 37.18287049419158], [-3.591915229455707, 37.182917127743224], [-3.591945436103761, 37.18294420368117], [-3.591994414880615, 37.18298828631591], [-3.592190647917306, 37.18328679468416], [-3.592205354625179, 37.18330903988931], [-3.592381897954749, 37.18345267190863], [-3.592413989808748, 37.18347874224858], [-3.592480515970566, 37.18353292728592], [-3.592593698997516, 37.18368515968549], [-3.592658885007728, 37.18375378727314], [-3.592694826342171, 37.18379163762946], [-3.592731733311678, 37.183805281405746], [-3.592810964543923, 37.18383451498748], [-3.59293466815177, 37.183847724391185], [-3.593116151492571, 37.183866955150414], [-3.593168860761597, 37.1838210217549], [-3.593470599611864, 37.183926216884856], [-3.593566278059654, 37.18401139510358], [-3.593589512912971, 37.18403210108089], [-3.593591883608641, 37.18403415792082], [-3.593924718283464, 37.184469128948706], [-3.593420550625204, 37.18474342868814], [-3.593329584565024, 37.18485403915275], [-3.593306271873824, 37.184882455401045], [-3.593241567409727, 37.18507667089169], [-3.593240146631089, 37.185080833467126], [-3.593201785495962, 37.18523513366508], [-3.593077652456388, 37.18587010383318], [-3.593070257520607, 37.18591926723238], [-3.593042618458432, 37.18610275605372], [-3.593044656586124, 37.18613301942059], [-3.593063687926834, 37.18641875495347], [-3.593126367501198, 37.18685470774262], [-3.593122380182619, 37.186854835872026], [-3.592904793326323, 37.18689053695717], [-3.592756123188334, 37.18692840417202], [-3.592680156758886, 37.18694770823374], [-3.59262999481487, 37.186947958253526], [-3.59250164034343, 37.18694850466589], [-3.592391591549781, 37.186964765485456], [-3.592364487474795, 37.186968759000614], [-3.592045131517236, 37.18700264077033], [-3.591858914583067, 37.18702238160857], [-3.591600798704366, 37.187049827612626], [-3.591556699478646, 37.18708781562359], [-3.591545415800135, 37.186761910785165], [-3.59147862106451, 37.186727021099045], [-3.591515424125976, 37.1864639931994], [-3.591539589295753, 37.18622174168221], [-3.591550561083855, 37.18611088662518], [-3.591642317000323, 37.185817067326525], [-3.591698185303182, 37.18576781067309], [-3.591648541787847, 37.185762929611734], [-3.591637968623176, 37.18561983442693], [-3.591707000665145, 37.185516185458994], [-3.59164585580345, 37.18542987422516], [-3.59148956654434, 37.18523865782102], [-3.591385281098253, 37.18509765743212], [-3.591394048907582, 37.185070553588766], [-3.591221801610781, 37.18488355480331], [-3.591216510737903, 37.184864584162966], [-3.59119584290847, 37.18479158270952], [-3.591187632789274, 37.184762323611814], [-3.590971929492329, 37.1844199719408], [-3.590951194232098, 37.18437947983145], [-3.590800071492912, 37.18408360737893], [-3.590687112144656, 37.183950310603734], [-3.590633439646978, 37.183890836860634], [-3.590501125069782, 37.18374382780952], [-3.590498413013064, 37.18373915403594], [-3.590484153511203, 37.18371496747458], [-3.590468951532187, 37.18368910539503], [-3.590430011960466, 37.18363354773691], [-3.590376001337348, 37.183542156913205], [-3.590302573706357, 37.18342742184485], [-3.590210598356003, 37.18336151252226], [-3.590122703807712, 37.1833069143268], [-3.59011197143263, 37.18330019374448], [-3.589969309333652, 37.1831992963572], [-3.589939431257236, 37.183178176545944], [-3.589721628381235, 37.183042061105894], [-3.589585533165592, 37.182957558616486], [-3.589474527751475, 37.182906455191166], [-3.5893083193607, 37.18283006157491], [-3.589226362002038, 37.18278169341247], [-3.58914727316252, 37.18273493796004], [-3.589028774714853, 37.18262193512596], [-3.588925755720731, 37.18252995795681], [-3.588888858284625, 37.18249705898856], [-3.589259384592802, 37.182470648194354], [-3.589458636448777, 37.18248854776427], [-3.589470773751197, 37.18235482746297], [-3.589387330324503, 37.182242741268574], [-3.589350946353427, 37.18216863769401], [-3.589185230478275, 37.182081311937004], [-3.589113643079639, 37.18203135973624], [-3.589021076105247, 37.18193896109452], [-3.588913575307996, 37.18180430585236], [-3.588912129854338, 37.181802411077946], [-3.588830115131215, 37.18168769970182], [-3.588778848363564, 37.1816161388445], [-3.588742607561574, 37.18152770657008], [-3.588738428121897, 37.181503046039296], [-3.588714091626114, 37.18135812230603], [-3.588699498322544, 37.181270469432256], [-3.588694418485981, 37.18124010839661]]]]}}, {"type": "Feature", "properties": {"CUSEC": "1808708004", "CDIS": "08", "CSEC": "004", "NMUN": "Granada", "poblaciones": {"2015": 2465, "2016": 2472, "2017": 2470, "2018": 2479, "2019": 2441, "2020": 2463, "2021": 2535, "2022": 2545, "2023": 2525, "2024": 2498, "2025": 2536}, "superficie_verde_m2": 6942327, "estacion_cercana": {"name": "Granada Palacio de Congresos", "distancia_m": 5914}, "superficie_verde_desglose": {"parques": 10506, "jardines": 12, "arbolado": 6931810}, "centroide": [-3.542548, 37.195024], "equipamientos": {"sanidad": {"n_dentro": 1}, "educacion": {"n_dentro": 2}, "agua": {"n_dentro": 16}, "reciclaje": {"n_dentro": 6}, "aparcabicis": {"n_dentro": 0, "mas_cercana_m": 4339, "mas_cercana_name": "bicycle_parking"}, "patrimonio": {"n_dentro": 22}}, "renta": {"2015": 12950, "2016": 12950, "2017": 13650, "2018": 14350, "2019": 15050, "2020": 15050, "2021": 16450, "2022": 17150, "2023": 18550}, "vft": {"n_vfts": 70, "n_plazas": 366, "viviendas_total": 1442, "viviendas_fuente": "censo2021", "ratio_vft_pct": 4.85, "serie": {"2015": 0, "2016": 8, "2017": 16, "2018": 26, "2019": 31, "2020": 34, "2021": 34, "2022": 37, "2023": 46, "2024": 66, "2025": 67}}, "renta_med_uc": {"2015": 12950, "2016": 12950, "2017": 13650, "2018": 14350, "2019": 15050, "2020": 15050, "2021": 16450, "2022": 17150, "2023": 18550}, "renta_hogar": {"2015": 25545, "2016": 26523, "2017": 27265, "2018": 28304, "2019": 28822, "2020": 28783, "2021": 30266, "2022": 32519, "2023": 35592}, "renta_persona": {"2015": 10107, "2016": 10153, "2017": 10583, "2018": 10977, "2019": 11334, "2020": 11503, "2021": 12307, "2022": 13220, "2023": 14815}}, "geometry": {"type": "MultiPolygon", "coordinates": [[[[-3.533942265077603, 37.21697367810596], [-3.532667204032124, 37.216763089600676], [-3.532384431698683, 37.21662008475056], [-3.531465738886368, 37.21580397480184], [-3.531002272463056, 37.21560768605234], [-3.529262858745727, 37.21507463223166], [-3.528381219050911, 37.21470901251837], [-3.524559139564623, 37.21288709393578], [-3.522121680739573, 37.212447103540036], [-3.522108393224422, 37.2124111421478], [-3.522041303030156, 37.21223113341872], [-3.521847994465636, 37.211979603894555], [-3.520975231464682, 37.21126232253496], [-3.519483712006995, 37.21069196134538], [-3.519042382212939, 37.21043247084049], [-3.517229831489175, 37.20906121515017], [-3.516993195625876, 37.20906224638125], [-3.516813464405444, 37.20915319243167], [-3.516600762379407, 37.20936143260511], [-3.516593878251011, 37.21000146100159], [-3.516653507751085, 37.210487973694335], [-3.516391341083773, 37.211706034216974], [-3.516178852484045, 37.211950289008634], [-3.514476031240543, 37.213463048128176], [-3.514018059725121, 37.21406899642218], [-3.513717354396504, 37.21460211825283], [-3.513336781995068, 37.214991364990354], [-3.513000262218501, 37.21522719876997], [-3.512516493119938, 37.21535546833123], [-3.51120974471654, 37.21545124911416], [-3.510782214010239, 37.21556123184368], [-3.510535460359798, 37.21574258386543], [-3.510223618835889, 37.21630282284115], [-3.509947056467981, 37.217070192367856], [-3.509470065160423, 37.21654038550533], [-3.508519297942735, 37.2159405347576], [-3.508077393834092, 37.21559089756561], [-3.507747940136423, 37.215204708060426], [-3.506951576370364, 37.21409034713727], [-3.506463028371455, 37.21350652382863], [-3.506089231917808, 37.21322867821087], [-3.505805044020452, 37.213123996411746], [-3.505603439055049, 37.21305049876605], [-3.504813470508597, 37.21289159069276], [-3.504327817543, 37.21274042939789], [-3.504067082900295, 37.21250715873262], [-3.503782617253874, 37.21210272939722], [-3.503148289542753, 37.211618642732404], [-3.502031200499614, 37.21141605843122], [-3.501805077605649, 37.21130885473079], [-3.501177106360639, 37.21008558208688], [-3.500689180478694, 37.20958284885535], [-3.500292501439688, 37.20925100535915], [-3.50023486669979, 37.209043952496955], [-3.500278513035366, 37.20882742632625], [-3.500456420515059, 37.20845707212007], [-3.500477438539824, 37.20823165447988], [-3.500374992530196, 37.20807886066395], [-3.499741766486047, 37.2077569858382], [-3.49923226589049, 37.20739860765543], [-3.498360820693347, 37.206834342404], [-3.498076689224992, 37.206465985051175], [-3.497893120187004, 37.2059710080236], [-3.497956723710805, 37.205357734763716], [-3.497887560450904, 37.205123663545066], [-3.497977078178255, 37.20502413299136], [-3.499574477844173, 37.204593764148875], [-3.500193635001604, 37.204501011134795], [-3.500700640110562, 37.204480859206875], [-3.501464962282991, 37.20418916382133], [-3.501665857051558, 37.203890872931645], [-3.501974254295588, 37.20280785814888], [-3.502014851161375, 37.20213164849239], [-3.501853256740409, 37.201555448892705], [-3.501940513628082, 37.2011223769705], [-3.502673174214249, 37.19944266251372], [-3.503296577620526, 37.198295228138676], [-3.503429151632331, 37.19789805457718], [-3.503348244218206, 37.19759189236994], [-3.502589179664805, 37.19697316379607], [-3.502023714726124, 37.19666007643182], [-3.501403448403951, 37.19658158053634], [-3.501132209168031, 37.196456492038], [-3.50101756408481, 37.1961595155235], [-3.500965022084256, 37.19502397162491], [-3.500782472560189, 37.19468221983903], [-3.500239156997565, 37.19430589579235], [-3.498817867941023, 37.19406852300956], [-3.498546701179281, 37.19395243772615], [-3.498251843104413, 37.19366524325294], [-3.498032611094164, 37.19288194605587], [-3.497907690662892, 37.19272922607884], [-3.496326851452364, 37.19221301411121], [-3.496324199921919, 37.19180740400146], [-3.497087675916875, 37.19138952095451], [-3.497142942236226, 37.19122707679448], [-3.497086699585314, 37.18952366503723], [-3.497231599502356, 37.1892796371176], [-3.497444986600815, 37.18917962468877], [-3.497839261399546, 37.189168944642205], [-3.499156022785749, 37.188947054521776], [-3.49981891756793, 37.188664842345474], [-3.500841888536127, 37.188318009219536], [-3.501326522056063, 37.18834298816347], [-3.501742675390022, 37.18823305162963], [-3.503909962380516, 37.18715122230708], [-3.504482221057251, 37.18679722466], [-3.504941701853121, 37.1864347476762], [-3.505706839097978, 37.1862781931871], [-3.506717788453906, 37.185832241280856], [-3.508336144970572, 37.18523036619313], [-3.50894125306996, 37.184750062526724], [-3.509422259299295, 37.18423414215333], [-3.509439299683363, 37.18341379459918], [-3.509977883907109, 37.1830869978641], [-3.510683939387464, 37.18254311263331], [-3.511299428068615, 37.18192749078054], [-3.511750973114486, 37.18206077111462], [-3.512100488063767, 37.18210432496397], [-3.512303935824634, 37.182202602773074], [-3.512754547639361, 37.18220065807126], [-3.514476814816364, 37.18199488400491], [-3.514825136754552, 37.181858162937836], [-3.515172635934528, 37.18160429688099], [-3.515444771749029, 37.180196915369564], [-3.515917295325014, 37.18010469935971], [-3.516175652979958, 37.17999537572046], [-3.516387924745058, 37.179733066606566], [-3.516542486990725, 37.1792727156796], [-3.516787334332158, 37.17882991866804], [-3.517752076082282, 37.17823986179693], [-3.518480455044717, 37.17766875060372], [-3.518918036026588, 37.17741444412327], [-3.519040525272154, 37.177206575261245], [-3.518956561473932, 37.17645875805518], [-3.519212308529623, 37.17597090095555], [-3.520577827693457, 37.174684901188144], [-3.520812406693199, 37.17439542128455], [-3.520968668807511, 37.1741784103836], [-3.521202947413272, 37.173852856732], [-3.521245242673491, 37.17344704954654], [-3.521140925007646, 37.17302380860504], [-3.521170388400375, 37.17239274134663], [-3.521820622047527, 37.17193918453291], [-3.522042545149007, 37.1714514474738], [-3.522251403720591, 37.170702348777056], [-3.522666691320187, 37.17048419637089], [-3.522803963677191, 37.169969770005586], [-3.522941234455385, 37.16945537860482], [-3.523041613651004, 37.1693197119271], [-3.523299619189938, 37.16915632139637], [-3.5248958630897, 37.16868954313012], [-3.529581926666818, 37.170354369086006], [-3.531838381542674, 37.17087612727489], [-3.533056466020085, 37.171096018224674], [-3.53458867648842, 37.17113422839388], [-3.535973216570397, 37.171001789845995], [-3.536480775128989, 37.171098612551496], [-3.53726028294992, 37.17141959607113], [-3.537642946167557, 37.17137283884686], [-3.537764663271949, 37.171311938297485], [-3.5379952705689, 37.17185681905825], [-3.53830176942959, 37.17180170601035], [-3.538598679382549, 37.17175432024094], [-3.538896112374941, 37.17178365091067], [-3.539278984367969, 37.17168215318378], [-3.539692845413394, 37.17190279995158], [-3.539818484145234, 37.17204033385779], [-3.540241031202294, 37.172122851856685], [-3.540548312709401, 37.17219049730003], [-3.540922625946607, 37.1722348546288], [-3.541407136447973, 37.17227484571126], [-3.54188684877556, 37.172311040200974], [-3.542097778685005, 37.17230237921883], [-3.542442622869463, 37.17225476091639], [-3.542720526706168, 37.17223050888472], [-3.543190966110601, 37.17231274380297], [-3.54352726158068, 37.17241096389943], [-3.543969095692553, 37.1725087040035], [-3.544343609792457, 37.17258371180094], [-3.544612576604254, 37.172651521782164], [-3.544828673919711, 37.17270041397404], [-3.545145571313635, 37.172760359334156], [-3.545376173095985, 37.17282834407026], [-3.545626174299936, 37.172926958928855], [-3.545809252955305, 37.17304888089288], [-3.545954775941483, 37.17328609770306], [-3.546185735497251, 37.17340017707315], [-3.546385581219983, 37.173184371509514], [-3.54665303796487, 37.17304499937289], [-3.546923632291427, 37.17289254177206], [-3.54752533218922, 37.17299494083544], [-3.548067104712959, 37.17299628164346], [-3.548412307881054, 37.17299468809997], [-3.548767159134422, 37.17300074596979], [-3.549092669894407, 37.17293019849876], [-3.549417846258591, 37.17281355201296], [-3.549647997998924, 37.17281248736565], [-3.550079678149726, 37.172841208600914], [-3.550406032446358, 37.17287805515155], [-3.551059903840976, 37.173013240320984], [-3.551226350891198, 37.172947134093086], [-3.551447057682156, 37.17296914890307], [-3.551907964552035, 37.17305141064085], [-3.552282220487531, 37.17309571067218], [-3.552829355669405, 37.173169887821736], [-3.553501531853068, 37.17329720397301], [-3.554423221243458, 37.17345406629566], [-3.554665196158637, 37.173759865884655], [-3.554503425337225, 37.17392942822645], [-3.554558169479092, 37.17420926288844], [-3.554808658288749, 37.1743615355731], [-3.555058872141885, 37.17449086735365], [-3.555337845314646, 37.17461232615887], [-3.555616988080049, 37.174756822511746], [-3.555876716912301, 37.17486299140532], [-3.55624128658594, 37.174891967987094], [-3.55673946861257, 37.174820607758015], [-3.556950955551359, 37.174896339663235], [-3.557489716336705, 37.17513935955361], [-3.558081355740776, 37.175393647883745], [-3.558283406283717, 37.17548476374273], [-3.55846637592746, 37.175591341739455], [-3.558754841595588, 37.1756973922776], [-3.558928993961811, 37.17590377497416], [-3.559131737125023, 37.17609466706976], [-3.559516637778011, 37.17626934066966], [-3.559861607079489, 37.17623699405908], [-3.560159596642817, 37.176335352240876], [-3.560611609283215, 37.17650970497606], [-3.560881035625878, 37.176638893792], [-3.561313840874305, 37.176805690836666], [-3.561742058224959, 37.17700696511666], [-3.561982610053243, 37.177113297074754], [-3.56234814522245, 37.17726499443208], [-3.562607831520915, 37.17737120725509], [-3.562982057621425, 37.17740779353816], [-3.563279361253953, 37.177406383285586], [-3.563625245138386, 37.177496825046006], [-3.564096559248275, 37.17768643341075], [-3.564480408738145, 37.177722968234896], [-3.56469132819325, 37.177714285072554], [-3.564979240255027, 37.17774359909863], [-3.565262559774058, 37.17779982862124], [-3.565857965960618, 37.17791974077556], [-3.566510356542407, 37.17795502502151], [-3.566750276833168, 37.17797688422097], [-3.56698999605157, 37.177975740070295], [-3.567268140499281, 37.17798210946803], [-3.567536314693751, 37.177934783371505], [-3.567880443334033, 37.177787335208286], [-3.568214175329359, 37.177532511101056], [-3.56825961270229, 37.177530968134555], [-3.56868912088841, 37.177595331940445], [-3.569007891614, 37.17766028370957], [-3.569298984942065, 37.17772529008104], [-3.569576229248717, 37.17779042089897], [-3.569853645743462, 37.177877662572556], [-3.570158802557669, 37.17796480977393], [-3.570505202506541, 37.17802958398445], [-3.570768433275331, 37.1780615311997], [-3.570863261906863, 37.17779531351939], [-3.570681194445272, 37.17750827499176], [-3.570527339197866, 37.17728757435023], [-3.570387467045687, 37.17708890950976], [-3.570274280757793, 37.17675724913257], [-3.570300382890283, 37.17654670789169], [-3.570395876390183, 37.17636909983321], [-3.570505319003062, 37.176202463126124], [-3.571112888184484, 37.1760223563108], [-3.57155578788971, 37.17603129901505], [-3.57244135042159, 37.176015959359155], [-3.573077948879344, 37.17602396133987], [-3.573493166553258, 37.17603305321595], [-3.57408859763068, 37.17608553948391], [-3.57458724459822, 37.17614954693779], [-3.575224272546724, 37.17620184470148], [-3.575889015307633, 37.176276120280285], [-3.57612402809972, 37.176241749393235], [-3.576279339200697, 37.1761920677503], [-3.576510609167659, 37.176118088593704], [-3.576980222968206, 37.17600505993302], [-3.577464203288642, 37.175958438823955], [-3.577934720147878, 37.17595614844094], [-3.57825372296153, 37.17605424587026], [-3.578489492752282, 37.17611953930855], [-3.578753492517305, 37.1762621898632], [-3.579100725652439, 37.17642660759167], [-3.579211948762619, 37.176498055452385], [-3.579323177686514, 37.176569499573056], [-3.579601018919304, 37.17670100589922], [-3.579878775636944, 37.176832530009065], [-3.580211967608047, 37.17697486567996], [-3.580656151364364, 37.17714985613319], [-3.580837465555594, 37.177337232770014], [-3.581033691648551, 37.17765735777298], [-3.581739441167394, 37.178016843101815], [-3.580985565304726, 37.17775728445507], [-3.58087326353527, 37.17775801893575], [-3.580864693682997, 37.1777598673599], [-3.580848173213818, 37.17776572634147], [-3.580832703777109, 37.177772909738394], [-3.580825396790643, 37.177777119054156], [-3.580811603713932, 37.177786083516416], [-3.58079884977091, 37.17779614259552], [-3.580787007565223, 37.17780684170762], [-3.580776277023557, 37.17781854494133], [-3.580771801864298, 37.1778247865589], [-3.580768264364331, 37.17783137512767], [-3.580766504467575, 37.17783840117814], [-3.580765690648136, 37.17785276001401], [-3.580765570020955, 37.17786716953643], [-3.580767985659827, 37.17789591696729], [-3.580821824450751, 37.17813038387802], [-3.580827484709923, 37.17815533491631], [-3.580832990598673, 37.17818145763367], [-3.580833972791133, 37.178186149129694], [-3.580847839071391, 37.17825294724576], [-3.580851963608586, 37.17826123345707], [-3.580857007473939, 37.17826894277047], [-3.580863246377984, 37.17827603777806], [-3.58087114670733, 37.17829267140168], [-3.580875567660334, 37.178300681230986], [-3.580881084926606, 37.17830842427861], [-3.580887544016584, 37.17831558581065], [-3.580895045312456, 37.17832203463137], [-3.580912225824658, 37.17833321343464], [-3.580928740885621, 37.1783450219732], [-3.580976618010045, 37.178381808759845], [-3.581001396611819, 37.17839956659376], [-3.581017385639406, 37.17841181938667], [-3.581024864674802, 37.178418300758636], [-3.581039156865272, 37.17843183735468], [-3.581059847050986, 37.17845264393931], [-3.581079808696462, 37.17847393183674], [-3.581101119067157, 37.178494078249585], [-3.581107814236443, 37.178501171006225], [-3.581113572215052, 37.17850871455339], [-3.581129140193004, 37.17853217383693], [-3.581146112205935, 37.17855509440411], [-3.581161151904412, 37.17857870590716], [-3.581173077440603, 37.178593727888554], [-3.581243098957434, 37.17867492624691], [-3.581246916579769, 37.178682844373945], [-3.581250070078057, 37.178687890282795], [-3.581257954637144, 37.17869730281602], [-3.581266709666046, 37.17870637755928], [-3.581274480632471, 37.17871199123448], [-3.581283356211811, 37.17871695047988], [-3.581292706682834, 37.17872066796552], [-3.581302648699245, 37.17872366593285], [-3.581427004235092, 37.17875713512545], [-3.581455729025517, 37.178765746791804], [-3.581497724509342, 37.178778796733745], [-3.581508019827314, 37.1787823247777], [-3.581538174849146, 37.178794548538136], [-3.581557096326321, 37.17880429448473], [-3.581565561631325, 37.178810103041386], [-3.581571802657124, 37.17881746030851], [-3.581589350618311, 37.17884054023601], [-3.581608187861781, 37.17886280707647], [-3.581642144991459, 37.178898544175595], [-3.58164962640194, 37.17890532205719], [-3.581658254374471, 37.17891103966822], [-3.581676925961768, 37.17892124653761], [-3.581686833292423, 37.1789255922403], [-3.581707742961172, 37.178932376306825], [-3.581760921952077, 37.17894723264667], [-3.581781920334995, 37.17895383147685], [-3.581822851696308, 37.17896912200703], [-3.58185209401287, 37.178982769878296], [-3.581862045141885, 37.17898694859156], [-3.581872254222941, 37.178990977305745], [-3.581882717004086, 37.178994301678756], [-3.581893456637022, 37.178997002723136], [-3.581915450725274, 37.17900108262649], [-3.582014827380961, 37.17901723082131], [-3.582058905576027, 37.17902493312522], [-3.58211321458625, 37.17903655673226], [-3.582145472541093, 37.17904460552349], [-3.582155980054931, 37.17904788458234], [-3.582165707329636, 37.179052249157444], [-3.582174100766645, 37.17905822478278], [-3.582179421957184, 37.179066082308424], [-3.582180312738798, 37.17907499731452], [-3.582175953463833, 37.17908312234657], [-3.582168485862172, 37.179089896123756], [-3.582159856941857, 37.17909580665384], [-3.582150227096931, 37.17910046915082], [-3.58213975234128, 37.17910366200421], [-3.582118026816977, 37.17910801434989], [-3.582084584956823, 37.179112311574805], [-3.582050920266341, 37.17911472955817], [-3.581916062429975, 37.17911989355589], [-3.58176970762517, 37.17912423047552], [-3.58173603389886, 37.17912620672635], [-3.581713625572894, 37.17912819616737], [-3.58169136151281, 37.179131370240874], [-3.58165853562597, 37.179137404029476], [-3.581647271086127, 37.17913970742606], [-3.58152781361275, 37.17916481103608], [-3.581484442480585, 37.17917440298914], [-3.581430297411583, 37.179187256790485], [-3.58142100711158, 37.179190663710514], [-3.581391342751339, 37.17920352806749], [-3.581371375015718, 37.17921161698097], [-3.581350598178006, 37.17921849747379], [-3.581319084603738, 37.17922820245407], [-3.581308799388138, 37.179231880160444], [-3.581288905721251, 37.17924008137203], [-3.581269457333631, 37.17924920433394], [-3.581202980775317, 37.1792830355835], [-3.581194173732808, 37.17928850072262], [-3.581185776983416, 37.1792945849153], [-3.581177709407736, 37.17930099289926], [-3.581162978454659, 37.17931476197237], [-3.58115606684793, 37.179322218926536], [-3.581143654100622, 37.17933713943676], [-3.581132603603682, 37.17935268424652], [-3.581127731785007, 37.179360829781956], [-3.581119034119384, 37.17937763402903], [-3.581108774327063, 37.17940375292288], [-3.581101427062728, 37.17942992964398], [-3.581099579621034, 37.17943876343992], [-3.581097160469453, 37.17945678984334], [-3.581096439808401, 37.179465802900744], [-3.581095864749992, 37.17948411772303], [-3.581097318834901, 37.17951143662374], [-3.581100920802813, 37.17953825913415], [-3.581107122448144, 37.179564738981], [-3.581112652963052, 37.17958228470832], [-3.581119180014209, 37.17959977146359], [-3.581130978769196, 37.17962528189162], [-3.581144683977834, 37.179649660721], [-3.581160627338373, 37.179673560742735], [-3.581172500993145, 37.17968899311366], [-3.581185222429813, 37.17970406527072], [-3.581205441186211, 37.17972578004645], [-3.581219617551294, 37.17973960112682], [-3.581234602105754, 37.17975304055307], [-3.581250209343762, 37.17976614700921], [-3.581266453717981, 37.17977860132754], [-3.581291713439266, 37.17979659560619], [-3.581317841970523, 37.179813297512], [-3.581345258104693, 37.17982896459371], [-3.58140212219634, 37.179857882923464], [-3.581435559049041, 37.17987419649299], [-3.581439322725722, 37.179875800549176], [-3.581461904619852, 37.17988393306257], [-3.58151125948763, 37.179901710793736], [-3.581532166923789, 37.17990817039513], [-3.581564371049631, 37.179916504449764], [-3.581597090049064, 37.17992293310679], [-3.581619169404261, 37.1799257587936], [-3.58165284534853, 37.1799276982583], [-3.581663876343494, 37.17992797852687], [-3.581686440703589, 37.179927795641504], [-3.581720111152001, 37.179926079925245], [-3.581753770815411, 37.179922958063834], [-3.581755104300254, 37.179922766728986], [-3.581787050269839, 37.179918734742614], [-3.581820141834537, 37.179913515383035], [-3.581852992956042, 37.179907057766], [-3.581885607773798, 37.179899754883024], [-3.581917777449945, 37.17989184482891], [-3.581971173440692, 37.179877624351576], [-3.581992632602795, 37.17987229622015], [-3.582035863941456, 37.17986206026456], [-3.582048646748559, 37.17985941044519], [-3.582090155602622, 37.17985064410539], [-3.582166968907344, 37.17983671412652], [-3.582210976061317, 37.179829224475554], [-3.582222431497019, 37.179827563688946], [-3.582388646760685, 37.179828131374805], [-3.582380062621815, 37.18057123868839], [-3.582424087571697, 37.180836140165276], [-3.58188002596041, 37.181088952552706], [-3.581789920777592, 37.1814854497375], [-3.581848147767324, 37.18149799528102], [-3.581914622968447, 37.181492410036576], [-3.582405741596971, 37.181338398185844], [-3.582716324307411, 37.181324249687485], [-3.582889642845265, 37.181339236616566], [-3.583527131854223, 37.181544085689744], [-3.58366577543863, 37.181625702658344], [-3.583819585862743, 37.18188203118921], [-3.583993145555014, 37.18194922003511], [-3.584083084024102, 37.181925629591106], [-3.584212949697029, 37.18173081010241], [-3.584463948982175, 37.18175914905006], [-3.584817679881615, 37.18189264013994], [-3.584971193330274, 37.1816815634909], [-3.585220597484763, 37.18157307581144], [-3.585423865909324, 37.18144751675396], [-3.585736133427856, 37.18122483507669], [-3.585918938484965, 37.181094477205924], [-3.586072855738494, 37.18101938271248], [-3.586335930493339, 37.180948671353924], [-3.586728957057263, 37.18106127961119], [-3.586799355734007, 37.18105749753956], [-3.587036840106479, 37.181045005851466], [-3.587077468787812, 37.18105656785171], [-3.587293764359743, 37.18111852019933], [-3.587519040626368, 37.18110941423063], [-3.587757481332601, 37.18109966563341], [-3.588161552715202, 37.181211034399304], [-3.588335717955352, 37.1812281851408], [-3.588560763263998, 37.1812357506766], [-3.588694418485981, 37.18124010839661], [-3.588699498322544, 37.181270469432256], [-3.588714091626114, 37.18135812230603], [-3.588738428121897, 37.181503046039296], [-3.588742607561574, 37.18152770657008], [-3.588778848363564, 37.1816161388445], [-3.588830115131215, 37.18168769970182], [-3.588912129854338, 37.181802411077946], [-3.588913575307996, 37.18180430585236], [-3.589021076105247, 37.18193896109452], [-3.589113643079639, 37.18203135973624], [-3.589185230478275, 37.182081311937004], [-3.589350946353427, 37.18216863769401], [-3.589387330324503, 37.182242741268574], [-3.589470773751197, 37.18235482746297], [-3.589458636448777, 37.18248854776427], [-3.589259384592802, 37.182470648194354], [-3.588888858284625, 37.18249705898856], [-3.588925755720731, 37.18252995795681], [-3.589028774714853, 37.18262193512596], [-3.58914727316252, 37.18273493796004], [-3.589226362002038, 37.18278169341247], [-3.5893083193607, 37.18283006157491], [-3.589474527751475, 37.182906455191166], [-3.589585533165592, 37.182957558616486], [-3.589721628381235, 37.183042061105894], [-3.589939431257236, 37.183178176545944], [-3.589969309333652, 37.1831992963572], [-3.59011197143263, 37.18330019374448], [-3.590122703807712, 37.1833069143268], [-3.590210598356003, 37.18336151252226], [-3.590302573706357, 37.18342742184485], [-3.590376001337348, 37.183542156913205], [-3.590430011960466, 37.18363354773691], [-3.590468951532187, 37.18368910539503], [-3.590484153511203, 37.18371496747458], [-3.590498413013064, 37.18373915403594], [-3.590501125069782, 37.18374382780952], [-3.590633439646978, 37.183890836860634], [-3.590687112144656, 37.183950310603734], [-3.590800071492912, 37.18408360737893], [-3.590951194232098, 37.18437947983145], [-3.590971929492329, 37.1844199719408], [-3.591187632789274, 37.184762323611814], [-3.59119584290847, 37.18479158270952], [-3.591216510737903, 37.184864584162966], [-3.591221801610781, 37.18488355480331], [-3.591394048907582, 37.185070553588766], [-3.591385281098253, 37.18509765743212], [-3.59148956654434, 37.18523865782102], [-3.59164585580345, 37.18542987422516], [-3.591707000665145, 37.185516185458994], [-3.591637968623176, 37.18561983442693], [-3.591648541787847, 37.185762929611734], [-3.591698185303182, 37.18576781067309], [-3.591642317000323, 37.185817067326525], [-3.591550561083855, 37.18611088662518], [-3.591539589295753, 37.18622174168221], [-3.591515424125976, 37.1864639931994], [-3.59147862106451, 37.186727021099045], [-3.591545415800135, 37.186761910785165], [-3.591556699478646, 37.18708781562359], [-3.591523325778519, 37.18711654315563], [-3.591501094046878, 37.187135664704805], [-3.591383571795582, 37.18722085600847], [-3.59115770598203, 37.187384383281696], [-3.590911290691867, 37.187537136307625], [-3.59088874069807, 37.18755101768004], [-3.590703918275191, 37.18770806022009], [-3.590513643984641, 37.18792409571259], [-3.59034887105906, 37.188253220732555], [-3.590345303595306, 37.188260255917456], [-3.590199462209714, 37.18858480191168], [-3.590036645076502, 37.18881579830673], [-3.59006935845431, 37.18883959823224], [-3.5897786699803, 37.18916586556357], [-3.58976293666481, 37.18942108367469], [-3.589693282351506, 37.18957734934502], [-3.589640575007518, 37.18963430890401], [-3.589517000605947, 37.18969162018408], [-3.589357718802296, 37.189713673088214], [-3.589092027950621, 37.189722079488064], [-3.588959320101676, 37.18974399972096], [-3.588608124916858, 37.190149713357634], [-3.588415607240107, 37.19045541804199], [-3.588258355389876, 37.190739685057125], [-3.588118325604525, 37.190960083231204], [-3.587995680973197, 37.1911378713624], [-3.587855210168314, 37.19130157328727], [-3.587818050798995, 37.191375059585944], [-3.587793128653783, 37.19136672178677], [-3.587481905207232, 37.19159274405404], [-3.5872993333404, 37.19170590881298], [-3.586890746475078, 37.191906513090075], [-3.586547282401134, 37.19214999049164], [-3.586019837853818, 37.19233390030768], [-3.585470615820254, 37.19249201274723], [-3.585050334176555, 37.19257180414429], [-3.584640737853464, 37.19264286624062], [-3.583190567509986, 37.19353072653776], [-3.582986650889339, 37.193678490839645], [-3.582761489206718, 37.19386957605512], [-3.582504551319048, 37.19414710457149], [-3.58210792615042, 37.19449446811893], [-3.581817988548637, 37.19469443760805], [-3.581086812130748, 37.195052042345615], [-3.580664074601465, 37.19528383435403], [-3.581659481734601, 37.197527717288466], [-3.581832409854294, 37.19791750160358], [-3.58313206456831, 37.2008470411871], [-3.583072574010879, 37.20085970572513], [-3.582806647061404, 37.200712289675394], [-3.58271107017268, 37.200744289911796], [-3.582576912955298, 37.200875669833074], [-3.58214872325223, 37.2008822556743], [-3.581905114471471, 37.20070772288151], [-3.581861654692573, 37.20091523125447], [-3.581579663442193, 37.200885046273555], [-3.58144461728309, 37.20090376332723], [-3.581274881671766, 37.200814431996754], [-3.581128308696314, 37.20080165625693], [-3.581039263107082, 37.20095079155653], [-3.580848480723294, 37.201050898260064], [-3.580765561526276, 37.20125863575862], [-3.580636339247782, 37.201308836275416], [-3.580275848006561, 37.20131960944342], [-3.580260054320162, 37.2014639197775], [-3.579997311781989, 37.20173563449951], [-3.579625326295115, 37.20171939654317], [-3.579489388533477, 37.20162543175553], [-3.579009398160488, 37.201488066336125], [-3.578806522805098, 37.20148001041172], [-3.578767702717339, 37.20156137113075], [-3.578976773450734, 37.20163695224598], [-3.578971907457655, 37.20174064150571], [-3.578792303186338, 37.20183614721402], [-3.578522109600871, 37.20186449371541], [-3.57832668921911, 37.20209533549288], [-3.578140945337263, 37.20212777130628], [-3.577983805509534, 37.20220967219779], [-3.577808962966438, 37.202183472334845], [-3.577433113625311, 37.202401652640766], [-3.577547569856993, 37.202630956999826], [-3.577435617694784, 37.202730647711306], [-3.577114774995828, 37.202772762490326], [-3.577047582368042, 37.20283166727646], [-3.577060906902141, 37.203097538697044], [-3.576920867691245, 37.20320636981834], [-3.576746176731465, 37.203202716171056], [-3.5766094934181, 37.20300959686664], [-3.576709527383223, 37.20282880743945], [-3.576511907096488, 37.20277117207463], [-3.576214348357096, 37.20291688704753], [-3.57595019494289, 37.20299926877352], [-3.57593385649294, 37.203075976195436], [-3.575743528754901, 37.20323916143614], [-3.575080536230535, 37.203485719225654], [-3.574912617697838, 37.20363528686585], [-3.57459153168346, 37.20364585152331], [-3.574394843515684, 37.20371440947339], [-3.573957128915902, 37.20394639881074], [-3.573737197342326, 37.20392492652147], [-3.573788724687926, 37.20403283228115], [-3.573704646716291, 37.20408733249639], [-3.573451551508597, 37.204156156643215], [-3.573379059683674, 37.20425113557786], [-3.57342525961198, 37.204399670821], [-3.573392185313074, 37.20449445984625], [-3.573139593484963, 37.20462187186222], [-3.57315148045604, 37.20470521724291], [-3.573163374140706, 37.20478855267326], [-3.5730684518541, 37.20490164178925], [-3.573103921485428, 37.20512682998013], [-3.57276913063974, 37.20555663561458], [-3.572303983802965, 37.205892388960635], [-3.572147352607913, 37.206046369066705], [-3.5720417699937, 37.2062406978765], [-3.571953085460275, 37.20643490443559], [-3.571859474017498, 37.20672834722224], [-3.571648142216248, 37.20709438889474], [-3.571372808358635, 37.207199389923524], [-3.570938478216584, 37.20713387918346], [-3.570702992415394, 37.20729279308023], [-3.570614065601771, 37.2074554372925], [-3.570395667209691, 37.20763680414386], [-3.569984138835537, 37.20761168989884], [-3.569826811675976, 37.20767105940771], [-3.56957495294383, 37.207897614200576], [-3.56897936947099, 37.20812583080303], [-3.568856596822277, 37.208284178839904], [-3.568576058134739, 37.20844773523312], [-3.568499943660402, 37.20881770124605], [-3.568247874224416, 37.20901719060608], [-3.568204243388336, 37.209206720754224], [-3.567896016442928, 37.209433546838945], [-3.567835681257065, 37.20960214351221], [-3.567829772244168, 37.209618655722444], [-3.567802234540864, 37.20970440711291], [-3.56775192070642, 37.209754252268624], [-3.567633816110132, 37.20979083278924], [-3.567509565420258, 37.20974638433255], [-3.567459009190741, 37.209773672113904], [-3.567470981502098, 37.2098682264999], [-3.567437835878475, 37.209954040725556], [-3.567354045739614, 37.21004907005043], [-3.567185221463737, 37.21008144464278], [-3.567192058217959, 37.21023914410579], [-3.567174107227457, 37.21028804712337], [-3.567142339204843, 37.21037458750321], [-3.567013318519519, 37.21045185022793], [-3.566757294811488, 37.21080888830147], [-3.566492322920146, 37.21086448133022], [-3.566099763863504, 37.2111187696073], [-3.565695315058241, 37.21129191986352], [-3.565416820390504, 37.21172591109146], [-3.564329826899795, 37.21256037988997], [-3.564052548727009, 37.213165655754516], [-3.563795092231492, 37.21340123971831], [-3.563560788955242, 37.2137178478482], [-3.563195910012277, 37.21466603826287], [-3.5627939949459, 37.21518174482345], [-3.561794120598623, 37.217142560902275], [-3.561763736703105, 37.21760239641274], [-3.561472351166611, 37.21782912667335], [-3.561408214381184, 37.218298181096046], [-3.561195653522033, 37.218515491485874], [-3.561040330418649, 37.21884974005293], [-3.56101293767259, 37.21971521534427], [-3.560845211408506, 37.219896274815305], [-3.560812732199983, 37.22007673519903], [-3.560679084635899, 37.22029368987192], [-3.560364827950804, 37.22047544131238], [-3.560186742884836, 37.22078278598566], [-3.559928688612911, 37.220946255998925], [-3.559346548067841, 37.22148081683137], [-3.559000455125596, 37.22193314958013], [-3.558756785236494, 37.22252020595748], [-3.558308654473677, 37.222891900322836], [-3.558074534479049, 37.22324454870399], [-3.557391547787706, 37.223869737238296], [-3.556808059496233, 37.224233034447046], [-3.556663220176295, 37.224468056049126], [-3.556383125767891, 37.22469473953188], [-3.55591034537975, 37.224787082194254], [-3.555684200756676, 37.224689023104524], [-3.554998976769992, 37.225016753530795], [-3.554480012939516, 37.224956059453696], [-3.554131022703284, 37.22501174689819], [-3.553679344823022, 37.22490567362523], [-3.553124612187094, 37.22457476938014], [-3.55303185824386, 37.22422365393321], [-3.553056478767406, 37.22296157792226], [-3.552104522737566, 37.222262915605945], [-3.552166607242473, 37.22149643262409], [-3.551565750724482, 37.22102146074515], [-3.5514285192494, 37.220751686650516], [-3.55118987619528, 37.22048240239387], [-3.550711288879898, 37.219772521398795], [-3.550243357760544, 37.22052282872115], [-3.547443438750917, 37.22145519785789], [-3.544349009177896, 37.22061309678244], [-3.544578795533785, 37.21965659152192], [-3.542716167828489, 37.219250457978035], [-3.542565103170922, 37.21862018003115], [-3.542563619396342, 37.21841285520669], [-3.543250216374653, 37.21670602639356], [-3.542946051403414, 37.21672547427911], [-3.541097361657199, 37.21668885698564], [-3.539745442172561, 37.21677614941137], [-3.539500810806826, 37.2172369504113], [-3.539232058228373, 37.21749056957654], [-3.538838325042487, 37.21760051670366], [-3.538387866618339, 37.217647627859385], [-3.536688615524121, 37.21802492765714], [-3.535943244529602, 37.21782095929457], [-3.534269388858777, 37.21700822652152], [-3.533942265077603, 37.21697367810596]]]]}}, {"type": "Feature", "properties": {"CUSEC": "1808708006", "CDIS": "08", "CSEC": "006", "NMUN": "Granada", "poblaciones": {"2015": 1492, "2016": 1450, "2017": 1453, "2018": 1379, "2019": 1334, "2020": 1327, "2021": 1335, "2022": 1320, "2023": 1316, "2024": 1319, "2025": 1323}, "superficie_verde_m2": 107592, "estacion_cercana": {"name": "Granada Norte", "distancia_m": 2126}, "superficie_verde_desglose": {"parques": 0, "jardines": 349, "arbolado": 107243}, "centroide": [-3.588718, 37.195346], "equipamientos": {"sanidad": {"n_dentro": 0, "mas_cercana_m": 966, "mas_cercana_name": "Farmacia Cayetano Sierra Aragón"}, "educacion": {"n_dentro": 0, "mas_cercana_m": 552, "mas_cercana_name": "library"}, "agua": {"n_dentro": 0, "mas_cercana_m": 665, "mas_cercana_name": "drinking_water"}, "reciclaje": {"n_dentro": 0, "mas_cercana_m": 955, "mas_cercana_name": "recycling"}, "aparcabicis": {"n_dentro": 0, "mas_cercana_m": 948, "mas_cercana_name": "bicycle_parking"}, "patrimonio": {"n_dentro": 0, "mas_cercana_m": 462, "mas_cercana_name": "viewpoint"}}, "renta": {"2015": 6650, "2016": 7350, "2017": 7350, "2018": 8050, "2019": 8750, "2020": 8050, "2021": 9450, "2022": 10150, "2023": 10850}, "vft": {"n_vfts": 11, "n_plazas": 51, "viviendas_total": 731, "viviendas_fuente": "censo2021", "ratio_vft_pct": 1.5, "serie": {"2015": 0, "2016": 1, "2017": 1, "2018": 1, "2019": 2, "2020": 2, "2021": 2, "2022": 2, "2023": 4, "2024": 9, "2025": 11}}, "renta_med_uc": {"2015": 6650, "2016": 7350, "2017": 7350, "2018": 8050, "2019": 8750, "2020": 8050, "2021": 9450, "2022": 10150, "2023": 10850}, "renta_hogar": {"2015": 15991, "2016": 15984, "2017": 16398, "2018": 16718, "2019": 17912, "2020": 17790, "2021": 19216, "2022": 20567, "2023": 22422}, "renta_persona": {"2015": 5676, "2016": 5814, "2017": 6015, "2018": 6281, "2019": 6834, "2020": 7037, "2021": 7638, "2022": 8367, "2023": 9004}}, "geometry": {"type": "MultiPolygon", "coordinates": [[[[-3.591556699478646, 37.18708781562359], [-3.591600798704366, 37.187049827612626], [-3.591858914583067, 37.18702238160857], [-3.592045131517236, 37.18700264077033], [-3.592364487474795, 37.186968759000614], [-3.592391591549781, 37.186964765485456], [-3.59250164034343, 37.18694850466589], [-3.59262999481487, 37.186947958253526], [-3.592680156758886, 37.18694770823374], [-3.592756123188334, 37.18692840417202], [-3.592904793326323, 37.18689053695717], [-3.593122380182619, 37.186854835872026], [-3.593126367501198, 37.18685470774262], [-3.593128856914015, 37.18687193458118], [-3.593068848758668, 37.187108830297966], [-3.593063160436844, 37.187131321693045], [-3.592990063343548, 37.18742625740479], [-3.592982081525891, 37.18753871561408], [-3.59300878640876, 37.18768191016071], [-3.593282201775136, 37.188314946586516], [-3.593300909150841, 37.188530991768], [-3.593299111696276, 37.188595023683575], [-3.593279299852888, 37.18930999881996], [-3.59327787488925, 37.1893613046855], [-3.593276774226937, 37.189397753838605], [-3.593254162599947, 37.18952762824195], [-3.59324325127954, 37.18958963616614], [-3.5932267969675, 37.189684090728214], [-3.593085621446593, 37.189822454978085], [-3.592779506003347, 37.1899222144565], [-3.592745375762001, 37.189933386817565], [-3.592432245716802, 37.19003602441481], [-3.592428374239145, 37.19003658010758], [-3.592254481175154, 37.190344208870236], [-3.592277689354049, 37.19035480239394], [-3.592701950554338, 37.191071269272314], [-3.592716137616094, 37.19118840382833], [-3.59279324754248, 37.1911843989028], [-3.592844914257271, 37.19118170749177], [-3.592867101020128, 37.19118050577159], [-3.592912433888672, 37.191616653289884], [-3.592940220964425, 37.19184402864473], [-3.592991802618207, 37.191830403604484], [-3.593157577307806, 37.19178641106936], [-3.593301244190907, 37.19174799601331], [-3.59332435658686, 37.19174555465269], [-3.593466530801916, 37.19173022362908], [-3.593467082307078, 37.191730148754374], [-3.593553535373477, 37.191731600481496], [-3.59356247264163, 37.191924207546954], [-3.593563558819761, 37.191948535413644], [-3.593568439688958, 37.192056044441784], [-3.593569936001054, 37.192088289056876], [-3.59361225347927, 37.19300465078782], [-3.593559135081761, 37.193141010363945], [-3.59353925156244, 37.19319196699188], [-3.593538451420244, 37.19319338619919], [-3.593272690167131, 37.19372421345244], [-3.593457330098951, 37.19386745142851], [-3.593592082264466, 37.193969325037905], [-3.593685214243928, 37.194279775647345], [-3.593108347364854, 37.19512166402941], [-3.593183206266474, 37.19523643047269], [-3.593262297400142, 37.1953556421091], [-3.593334596913563, 37.19546510300694], [-3.593336888653718, 37.19546854389125], [-3.59335277564477, 37.19546992008304], [-3.593368438041326, 37.19547211316466], [-3.593376352592583, 37.195473422017606], [-3.593391597380504, 37.19547696478091], [-3.593406495539867, 37.19548156842356], [-3.593413783960757, 37.195484218087955], [-3.593421078015805, 37.195486867723666], [-3.593428070888381, 37.19548990646962], [-3.593434651740064, 37.19549356924509], [-3.593452817217749, 37.19550604827253], [-3.593458322586043, 37.19551050515917], [-3.593468092222951, 37.19552064744747], [-3.59347233229187, 37.195526120240004], [-3.593478959008436, 37.19553780073656], [-3.593481496458995, 37.195543840926184], [-3.59348486254287, 37.19555641662185], [-3.593493776397149, 37.19560333490788], [-3.593530779451612, 37.19579632045086], [-3.593602260761777, 37.19593371965868], [-3.593701747041925, 37.19611971356505], [-3.593752558065104, 37.19621682002254], [-3.593738708386495, 37.19625763271181], [-3.593792042345342, 37.19628178883029], [-3.593908090187503, 37.196334187790896], [-3.593910894778563, 37.196335485267596], [-3.593918807850594, 37.19633875012894], [-3.59402815825207, 37.19638424627507], [-3.594179368027645, 37.19612957714183], [-3.594168385602652, 37.19612501705646], [-3.594179733952418, 37.19611732077464], [-3.594604893782433, 37.19587512497839], [-3.594697942363597, 37.195943260764786], [-3.594815656726874, 37.196114134982935], [-3.595129429435282, 37.19656831141255], [-3.595733555785247, 37.19672057806633], [-3.595807728595336, 37.19679393143862], [-3.595825560203247, 37.196825489901485], [-3.596200542816059, 37.19705298162828], [-3.59623043270511, 37.19707109896547], [-3.597220036256173, 37.19739617074633], [-3.597056917729768, 37.197552046305866], [-3.59669368403042, 37.19791714313631], [-3.596456472795489, 37.198043314937955], [-3.596059772840376, 37.198254320909456], [-3.59597605942881, 37.19831994391703], [-3.59525143378742, 37.19893809912921], [-3.59419551040949, 37.19960492998061], [-3.593332827653022, 37.19973575901445], [-3.591982223159008, 37.19969383311698], [-3.591380342343399, 37.199549842653724], [-3.59133379515152, 37.19958841513872], [-3.591041654084642, 37.19969805271383], [-3.590754827149839, 37.19975805454672], [-3.590485349535773, 37.199885595806755], [-3.590119179920015, 37.19989193823854], [-3.589871534969381, 37.199924700760825], [-3.58971374200538, 37.199921000096545], [-3.589442523067536, 37.19982316261508], [-3.589312980065028, 37.19982380080456], [-3.589004749967441, 37.20003718787261], [-3.588949518141949, 37.20018167738802], [-3.588803524532902, 37.20025002070162], [-3.588606378448774, 37.200250998619595], [-3.588318234033873, 37.20015323725604], [-3.588092789730776, 37.20013634038034], [-3.587997793465697, 37.20024498889955], [-3.587862779123397, 37.20026817863814], [-3.587675571201599, 37.200106876298065], [-3.587287037457602, 37.20013132187209], [-3.587186498348927, 37.20024900581141], [-3.586972468199539, 37.200254571696135], [-3.586990549910799, 37.20040770741419], [-3.586940163721502, 37.20044855069864], [-3.586653511574144, 37.20053557021582], [-3.586501148973406, 37.20050479279062], [-3.586332782762829, 37.20059125739815], [-3.586106911261205, 37.20052927986737], [-3.585831092290963, 37.2005666983694], [-3.585639035752576, 37.20050005923834], [-3.584980065755097, 37.200530319251], [-3.5848217903652, 37.200463494845906], [-3.584601808002774, 37.20043304787471], [-3.584449960545741, 37.20046982877729], [-3.584253566919702, 37.20056998215693], [-3.584123872991426, 37.20055705927061], [-3.584004726371771, 37.20044949947342], [-3.583863851464771, 37.20044570851638], [-3.58361665167891, 37.20053703324199], [-3.583464123112672, 37.200488196785464], [-3.583442811395363, 37.200646065630025], [-3.583224457572464, 37.20082742799768], [-3.58313206456831, 37.2008470411871], [-3.581832409854294, 37.19791750160358], [-3.581659481734601, 37.197527717288466], [-3.580664074601465, 37.19528383435403], [-3.581086812130748, 37.195052042345615], [-3.581817988548637, 37.19469443760805], [-3.58210792615042, 37.19449446811893], [-3.582504551319048, 37.19414710457149], [-3.582761489206718, 37.19386957605512], [-3.582986650889339, 37.193678490839645], [-3.583190567509986, 37.19353072653776], [-3.584640737853464, 37.19264286624062], [-3.585050334176555, 37.19257180414429], [-3.585470615820254, 37.19249201274723], [-3.586019837853818, 37.19233390030768], [-3.586547282401134, 37.19214999049164], [-3.586890746475078, 37.191906513090075], [-3.5872993333404, 37.19170590881298], [-3.587481905207232, 37.19159274405404], [-3.587793128653783, 37.19136672178677], [-3.587818050798995, 37.191375059585944], [-3.587855210168314, 37.19130157328727], [-3.587995680973197, 37.1911378713624], [-3.588118325604525, 37.190960083231204], [-3.588258355389876, 37.190739685057125], [-3.588415607240107, 37.19045541804199], [-3.588608124916858, 37.190149713357634], [-3.588959320101676, 37.18974399972096], [-3.589092027950621, 37.189722079488064], [-3.589357718802296, 37.189713673088214], [-3.589517000605947, 37.18969162018408], [-3.589640575007518, 37.18963430890401], [-3.589693282351506, 37.18957734934502], [-3.58976293666481, 37.18942108367469], [-3.5897786699803, 37.18916586556357], [-3.59006935845431, 37.18883959823224], [-3.590036645076502, 37.18881579830673], [-3.590199462209714, 37.18858480191168], [-3.590345303595306, 37.188260255917456], [-3.59034887105906, 37.188253220732555], [-3.590513643984641, 37.18792409571259], [-3.590703918275191, 37.18770806022009], [-3.59088874069807, 37.18755101768004], [-3.590911290691867, 37.187537136307625], [-3.59115770598203, 37.187384383281696], [-3.591383571795582, 37.18722085600847], [-3.591501094046878, 37.187135664704805], [-3.591523325778519, 37.18711654315563], [-3.591556699478646, 37.18708781562359]]]]}}, {"type": "Feature", "properties": {"CUSEC": "1808709001", "CDIS": "09", "CSEC": "001", "NMUN": "Granada", "poblaciones": {"2015": 775, "2016": 778, "2017": 759, "2018": 728, "2019": 723, "2020": 747, "2021": 747, "2022": 721, "2023": 694, "2024": 696, "2025": 716}, "superficie_verde_m2": 237184, "estacion_cercana": {"name": "Granada Palacio de Congresos", "distancia_m": 1442}, "superficie_verde_desglose": {"parques": 5191, "jardines": 42332, "arbolado": 189661}, "centroide": [-3.587353, 37.175522], "equipamientos": {"sanidad": {"n_dentro": 0, "mas_cercana_m": 405, "mas_cercana_name": "Centro de Salud Realejo"}, "educacion": {"n_dentro": 1}, "agua": {"n_dentro": 72}, "reciclaje": {"n_dentro": 1}, "aparcabicis": {"n_dentro": 3}, "patrimonio": {"n_dentro": 29}}, "renta": {"2015": 15750, "2016": 16450, "2017": 17850, "2018": 17850, "2019": 18900, "2020": 20650, "2021": 19950, "2022": 22750, "2023": 23450}, "vft": {"n_vfts": 56, "n_plazas": 256, "viviendas_total": 511, "viviendas_fuente": "censo2021", "ratio_vft_pct": 10.96, "serie": {"2015": 0, "2016": 2, "2017": 7, "2018": 15, "2019": 27, "2020": 29, "2021": 32, "2022": 37, "2023": 41, "2024": 56, "2025": 56}}, "renta_med_uc": {"2015": 15750, "2016": 16450, "2017": 17850, "2018": 17850, "2019": 18900, "2020": 20650, "2021": 19950, "2022": 22750, "2023": 23450}, "renta_hogar": {"2015": 29748, "2016": 31330, "2017": 32936, "2018": 33481, "2019": 35531, "2020": 35053, "2021": 35589, "2022": 41612, "2023": 44443}, "renta_persona": {"2015": 12636, "2016": 13108, "2017": 13877, "2018": 14639, "2019": 15611, "2020": 15519, "2021": 16237, "2022": 19721, "2023": 21538}}, "geometry": {"type": "MultiPolygon", "coordinates": [[[[-3.582880230081966, 37.17832242451859], [-3.583171830043243, 37.178306403186205], [-3.583593239065648, 37.178089390597286], [-3.583760375204684, 37.17799184582742], [-3.583787163816941, 37.17783156065015], [-3.583007724837829, 37.17710629833387], [-3.581865543996939, 37.175941967711076], [-3.581837672589741, 37.17589687575141], [-3.581399672678793, 37.17518787505176], [-3.581300315964087, 37.17503471285829], [-3.581004826155992, 37.17465429594793], [-3.580717569792753, 37.17431163017077], [-3.580442988717283, 37.174006670400246], [-3.580090630525845, 37.17365187714929], [-3.579223574520014, 37.17279879150759], [-3.579202196272306, 37.172493959106035], [-3.579426107561495, 37.172216228893696], [-3.579584490564837, 37.17206646212184], [-3.579588558921873, 37.172067456302386], [-3.579590859508731, 37.172051584842954], [-3.580171082023368, 37.17144530396874], [-3.580337661350532, 37.17153284570726], [-3.580505332081931, 37.171620913690674], [-3.580835603566401, 37.171794401125936], [-3.581126659063115, 37.17194730619986], [-3.581375881784753, 37.17207761929271], [-3.581691724125307, 37.172239619106634], [-3.581969902661163, 37.17238228675623], [-3.582283078593666, 37.17254290990968], [-3.582497172217689, 37.172652737563546], [-3.582711295703117, 37.172762559270986], [-3.582846855549065, 37.17283208218281], [-3.582928404173964, 37.172873903697784], [-3.583019260242513, 37.17292051088667], [-3.583121456935671, 37.172968229515504], [-3.583262049061348, 37.17302921793014], [-3.583420533708964, 37.17309796029558], [-3.583573684776329, 37.17316243352538], [-3.583665838658061, 37.17320047048538], [-3.583774587349358, 37.17324538445567], [-3.58386713821943, 37.1732836040898], [-3.583900209847331, 37.17331571138482], [-3.58399137938642, 37.17345646880368], [-3.584037398144246, 37.17354252977168], [-3.584067411307267, 37.17363239601756], [-3.584115176118125, 37.173735412764024], [-3.584141825543199, 37.17379290002053], [-3.584201048418273, 37.17384772889025], [-3.58429853893937, 37.173888917388], [-3.584424687303494, 37.173940298156076], [-3.584534404547601, 37.173984990303936], [-3.584677519249981, 37.174043305432605], [-3.584844759660963, 37.17411362969874], [-3.58496486556291, 37.17419426321641], [-3.585031372353509, 37.174238924829986], [-3.585147135101492, 37.174316646435656], [-3.585299644613713, 37.174420106280145], [-3.586848098068698, 37.17430900695629], [-3.586926007105021, 37.17418986116205], [-3.586976105768676, 37.17418324548546], [-3.58702423949335, 37.17417235695392], [-3.587599057386986, 37.17404213143348], [-3.58829160446908, 37.17407927810817], [-3.588493601943036, 37.17368037301301], [-3.588732221976407, 37.17387184735695], [-3.589151755601052, 37.17415506177765], [-3.589166961708692, 37.17414172562512], [-3.58972782024457, 37.17441313892905], [-3.589890998776218, 37.17424037497976], [-3.589825815678502, 37.17414189753407], [-3.58983786157632, 37.17412039769176], [-3.589473624426164, 37.17364712102892], [-3.589441723569273, 37.17360581516072], [-3.589074060232194, 37.1731265860604], [-3.588895803488772, 37.172871457240454], [-3.588819461179639, 37.172730757032575], [-3.589319520382267, 37.17305577447962], [-3.589614289027146, 37.17319359659907], [-3.589817947802479, 37.1733447922418], [-3.589988631902586, 37.17338821585435], [-3.590220438193622, 37.17340049957323], [-3.590234147206475, 37.173401247057754], [-3.59041484478609, 37.17335536860818], [-3.590421277758812, 37.1733554943003], [-3.590789805679164, 37.17336540094327], [-3.59086601816934, 37.1733048756894], [-3.5910354072429, 37.17317026353629], [-3.591703429978312, 37.17263973476206], [-3.591776023507922, 37.17258852947702], [-3.591862061734347, 37.172527899523615], [-3.592128821774412, 37.17233976623279], [-3.592166733581755, 37.172376810155384], [-3.592362780239173, 37.172571978390586], [-3.592557477710975, 37.172765899185876], [-3.59260171318091, 37.172814985642006], [-3.592646256276074, 37.17285585785519], [-3.592765180201998, 37.17296477631338], [-3.592993214450341, 37.173173683094], [-3.59317793912943, 37.17334294167328], [-3.593183000881936, 37.173347058282765], [-3.593476768463835, 37.17358571035227], [-3.593548618521165, 37.17365838306871], [-3.593455221199182, 37.17371266464959], [-3.593337251477974, 37.173767248581086], [-3.593453381853163, 37.17389386494255], [-3.593620240641429, 37.174075826515875], [-3.594199689654769, 37.174559962077495], [-3.594399298974347, 37.17450162448384], [-3.594686557144108, 37.17441790487231], [-3.594766115040398, 37.17454026946223], [-3.594833062502607, 37.17464324411956], [-3.594935722442909, 37.174851665849296], [-3.59468875540807, 37.17496828337886], [-3.594815570103203, 37.1750842857058], [-3.594714054214657, 37.1751686969559], [-3.594773876696804, 37.17521340464559], [-3.594683517317661, 37.17528173742841], [-3.594547813297849, 37.17538435718736], [-3.594354857890022, 37.17523171080705], [-3.594333471689897, 37.17524607376779], [-3.59419447903912, 37.17512055909418], [-3.594125416767177, 37.17517470924549], [-3.594190490390539, 37.175273628323836], [-3.594346803710268, 37.1754259990564], [-3.594403458274203, 37.175481170082314], [-3.594530341226065, 37.17553021163845], [-3.594563012264103, 37.17554284312276], [-3.594739201112993, 37.17564589248348], [-3.594769297848752, 37.17564769746059], [-3.594768312872747, 37.175669340583205], [-3.594703897095439, 37.175757388438974], [-3.594582413886088, 37.175763387586144], [-3.594500219456584, 37.175782111105086], [-3.594400711061161, 37.175834633893615], [-3.594359309258223, 37.175856457218366], [-3.594230502164076, 37.17589404184614], [-3.594062311269401, 37.17598174258885], [-3.593948601954281, 37.17601456392055], [-3.593785240769664, 37.176029281406485], [-3.593794035669458, 37.17615715091951], [-3.593443634249162, 37.176126728089876], [-3.593093441481293, 37.176096446501425], [-3.593064683625517, 37.17609517073274], [-3.593058369953592, 37.17613411590042], [-3.593045203094196, 37.17614658961326], [-3.5930274651361, 37.17614136011268], [-3.593003694312182, 37.17621403300538], [-3.59292152494142, 37.17645157177512], [-3.593479682681301, 37.17656203963599], [-3.593592662009043, 37.17658624515771], [-3.593838501285876, 37.17663279399989], [-3.59391381079245, 37.17664834974349], [-3.593907247830996, 37.17665899665791], [-3.594000530949037, 37.176709851331964], [-3.5941006762101, 37.17678897106774], [-3.594041895936508, 37.176907836302064], [-3.59395840545859, 37.176979037503905], [-3.593835177108147, 37.17705751742548], [-3.59369795366596, 37.177143440817666], [-3.593772849393459, 37.17722135776621], [-3.593685343119585, 37.17726818603726], [-3.593595137752612, 37.17731574888762], [-3.593487761577453, 37.177374475915656], [-3.593365746394902, 37.177440271041476], [-3.593336455098427, 37.17745598044057], [-3.59310774321428, 37.177552248729995], [-3.593103167468243, 37.17755413753793], [-3.593101763865335, 37.177554716954496], [-3.593053292789111, 37.17757520958163], [-3.593009069066221, 37.177593742014686], [-3.592904370810895, 37.17763761351555], [-3.592839638796329, 37.17766477667621], [-3.59275503944055, 37.17770027711179], [-3.592763042230448, 37.177714560366454], [-3.592684388752275, 37.17774129731479], [-3.592620715331693, 37.17776469080294], [-3.592598833676584, 37.17777272357201], [-3.592519612465434, 37.17781188367911], [-3.5926052102143, 37.178001657892054], [-3.592307382003161, 37.17805725556835], [-3.5921557935123, 37.17802863922982], [-3.592075824495248, 37.17806355807208], [-3.592003758348273, 37.17810012209731], [-3.591965154224532, 37.178120528925035], [-3.591800603432124, 37.17821082684154], [-3.591467492098659, 37.17821248742308], [-3.591463766743141, 37.17812825190438], [-3.591447949911602, 37.17810289236967], [-3.591426555662651, 37.17807521341931], [-3.591412035116506, 37.17805645559289], [-3.591377121977789, 37.17802940207766], [-3.591349081644809, 37.17801043228498], [-3.591270537433506, 37.177991163758804], [-3.591238218390896, 37.17799427712389], [-3.59117589597757, 37.1780205430776], [-3.591146006463893, 37.178033154095246], [-3.591089091142962, 37.178134012050066], [-3.591080728929946, 37.17818055713403], [-3.591078485079945, 37.17821874994557], [-3.590952493436135, 37.17822976254694], [-3.590299460925227, 37.178188061139075], [-3.590257629670662, 37.178199309913], [-3.59023996943459, 37.1782041077169], [-3.589947618872586, 37.17820461900585], [-3.589747105902882, 37.17826143925335], [-3.589682533711895, 37.17826807405354], [-3.589467410433075, 37.17829022647443], [-3.589273535430683, 37.17824798929108], [-3.589015536032244, 37.17830500404331], [-3.589015667605008, 37.17830453916678], [-3.588953595469587, 37.17824636379875], [-3.588831261114486, 37.17813166705623], [-3.588795401453704, 37.17811607971996], [-3.588747513931154, 37.17809656252844], [-3.588501933927062, 37.17799637739368], [-3.588288503973566, 37.17811859301335], [-3.588123395935116, 37.17821241399228], [-3.588112502368081, 37.178203674877366], [-3.587474816013396, 37.178526993163], [-3.585326675961567, 37.17863432867932], [-3.584042759857753, 37.1785912736513], [-3.58402959762619, 37.178598889581906], [-3.584001077577482, 37.17861324527977], [-3.583991306231304, 37.178617795948185], [-3.583981164823045, 37.17862183463997], [-3.583970875787743, 37.17862513490802], [-3.58396016681343, 37.178627882881955], [-3.583949154637894, 37.17863002390217], [-3.583937998153687, 37.178630979386206], [-3.583926759262194, 37.17863074181773], [-3.583915719923884, 37.17862935397592], [-3.583905315997526, 37.17862636301146], [-3.583895683563171, 37.17862188543629], [-3.583876454981343, 37.17861178982998], [-3.583799091215963, 37.17857521260692], [-3.583672267212352, 37.17851735257835], [-3.583595382340135, 37.17848003371145], [-3.583566003226514, 37.17846692327833], [-3.5835459840641, 37.1784587515], [-3.583480381451315, 37.178433302555284], [-3.583475127977697, 37.17843133181746], [-3.583424088239691, 37.178412661791306], [-3.58338232159635, 37.178399355406675], [-3.583339874660111, 37.17838767488199], [-3.583337628571043, 37.17838711354892], [-3.583307556840584, 37.178379878200694], [-3.583274998139867, 37.1783729850008], [-3.583242128481995, 37.17836740486407], [-3.583219838555848, 37.17836424609345], [-3.583153420885597, 37.17835584290516], [-3.583031146684847, 37.178341673335694], [-3.582993184846316, 37.178336780717366], [-3.582880230081966, 37.17832242451859]]]]}}, {"type": "Feature", "properties": {"CUSEC": "1808709002", "CDIS": "09", "CSEC": "002", "NMUN": "Granada", "poblaciones": {"2015": 586, "2016": 1165, "2017": 1140, "2018": 1116, "2019": 1160, "2020": 1157, "2021": 1191, "2022": 1183, "2023": 1166, "2024": 1165, "2025": 1155}, "superficie_verde_m2": 471494, "estacion_cercana": {"name": "Granada Palacio de Congresos", "distancia_m": 1665}, "superficie_verde_desglose": {"parques": 0, "jardines": 46353, "arbolado": 425141}, "centroide": [-3.581064, 37.171645], "equipamientos": {"sanidad": {"n_dentro": 1}, "educacion": {"n_dentro": 5}, "agua": {"n_dentro": 8}, "reciclaje": {"n_dentro": 4}, "aparcabicis": {"n_dentro": 1}, "patrimonio": {"n_dentro": 8}}, "renta": {"2015": 17150, "2016": 15050, "2017": 16450, "2018": 17150, "2019": 17150, "2020": 17850, "2021": 18550, "2022": 20650, "2023": 21350}, "vft": {"n_vfts": 54, "n_plazas": 318, "viviendas_total": 658, "viviendas_fuente": "censo2021", "ratio_vft_pct": 8.21, "serie": {"2015": 0, "2016": 1, "2017": 6, "2018": 12, "2019": 18, "2020": 19, "2021": 21, "2022": 24, "2023": 31, "2024": 52, "2025": 54}}, "renta_med_uc": {"2015": 17150, "2016": 15050, "2017": 16450, "2018": 17150, "2019": 17150, "2020": 17850, "2021": 18550, "2022": 20650, "2023": 21350}, "renta_hogar": {"2015": 39925, "2016": 35267, "2017": 34921, "2018": 33916, "2019": 36597, "2020": 36823, "2021": 40854, "2022": 38408, "2023": 43046}, "renta_persona": {"2015": 16139, "2016": 13324, "2017": 13589, "2018": 13395, "2019": 14345, "2020": 14578, "2021": 16393, "2022": 15830, "2023": 18129}}, "geometry": {"type": "MultiPolygon", "coordinates": [[[[-3.572517329834501, 37.173770421895746], [-3.572837112647032, 37.173381022876086], [-3.573024537257895, 37.17294128239577], [-3.573242822121063, 37.17185267947032], [-3.573192850032378, 37.17155003035974], [-3.572964824155827, 37.1713484099695], [-3.572641449917341, 37.17114963596144], [-3.572342476813594, 37.17102467731461], [-3.572192963649124, 37.17095861970863], [-3.572061116089698, 37.17086385793286], [-3.571418562113773, 37.170230170725965], [-3.571262318657034, 37.17006159065256], [-3.571153651215581, 37.1698784712596], [-3.570959799333328, 37.169464421163894], [-3.570905600907451, 37.16939074815842], [-3.570982384647368, 37.16929736402733], [-3.571315584091319, 37.16921943879525], [-3.572223105302585, 37.169422552509985], [-3.573143037750926, 37.169689993778704], [-3.574970984668539, 37.170222526593335], [-3.575077890621455, 37.17017192307206], [-3.575142802859182, 37.17008574923568], [-3.575129689737711, 37.16992840508664], [-3.575039110863912, 37.16977382109237], [-3.575008278750918, 37.16963802715457], [-3.575061143986301, 37.16953521689583], [-3.575335606309126, 37.16957204470947], [-3.575622928558623, 37.16973282738374], [-3.576006775369165, 37.170045778652806], [-3.576744188901257, 37.17060742932053], [-3.576904302026868, 37.17049932689107], [-3.5743234522759, 37.16814597162948], [-3.575236615752282, 37.16752144963207], [-3.576410121603085, 37.16821692857646], [-3.577323377390773, 37.16760669991832], [-3.578771034331111, 37.16829605010128], [-3.57942679715363, 37.16831192547895], [-3.579755353862966, 37.16840810197027], [-3.580083636836043, 37.16846850483736], [-3.58044164893586, 37.16851922070799], [-3.580800043661217, 37.16862001836644], [-3.581350354465088, 37.168874897127154], [-3.581667359296469, 37.16901882458729], [-3.581882622603756, 37.169108396760315], [-3.582002484860084, 37.1691936669034], [-3.581813806102494, 37.16946171024425], [-3.581850737790046, 37.16961416733307], [-3.582474423432658, 37.16933206180262], [-3.583221744661766, 37.16962650750907], [-3.583898299598912, 37.17001908062684], [-3.584173427466185, 37.170141742520855], [-3.584507075799541, 37.170123403215], [-3.584702791372767, 37.16999603373762], [-3.584807725039731, 37.16969024002922], [-3.584482086448528, 37.16920054251802], [-3.584056744628478, 37.16892121312476], [-3.583370147574875, 37.168771956794075], [-3.580912785590463, 37.16777518663989], [-3.580485549491288, 37.167245431580966], [-3.579527966377793, 37.16673019442767], [-3.57878081627448, 37.16645241921196], [-3.578040103072495, 37.16623661731632], [-3.578346569987627, 37.1657819766244], [-3.57899217440995, 37.16603163121306], [-3.579653805184449, 37.16603793717118], [-3.580267209623425, 37.16597292566353], [-3.58086379170382, 37.16604632216072], [-3.581419641244267, 37.16624870374494], [-3.581541712754745, 37.16584504420314], [-3.582157583377725, 37.16610198186584], [-3.582690566776112, 37.16643087381384], [-3.583031808425551, 37.16662714840785], [-3.583456070179055, 37.16676815828607], [-3.584339789429888, 37.16697606669274], [-3.584656792969612, 37.167119986215354], [-3.584932683458272, 37.16734281217352], [-3.585478473139121, 37.16778372058697], [-3.585892150453647, 37.168096492432674], [-3.586317678530573, 37.16839966460676], [-3.586473232919678, 37.1684752131541], [-3.586641002537728, 37.16858886197892], [-3.586957961797419, 37.168725620136506], [-3.587203473786994, 37.1688722719694], [-3.587455033701522, 37.16894042155198], [-3.587439871690216, 37.168968818839744], [-3.58749023194813, 37.16898407783727], [-3.58754408609419, 37.169000334471114], [-3.587800229295283, 37.16910693342762], [-3.587840475073987, 37.16912368018645], [-3.588097118601589, 37.16925999621315], [-3.588622832852794, 37.169539066677984], [-3.588838970081361, 37.16965379894766], [-3.589252299650121, 37.16978870726514], [-3.589563341370095, 37.169940812586255], [-3.590295779014444, 37.17062956617284], [-3.590551027333104, 37.170864005184754], [-3.590993610006282, 37.17127048705266], [-3.591073928475499, 37.171344187242475], [-3.591089942521076, 37.17135891382003], [-3.591144848533208, 37.17141011007797], [-3.591494536099368, 37.171736399409106], [-3.591854935885451, 37.17207254510793], [-3.591869022402988, 37.172086338336555], [-3.591909424672994, 37.1721257171595], [-3.592128821774412, 37.17233976623279], [-3.591862061734347, 37.172527899523615], [-3.591776023507922, 37.17258852947702], [-3.591703429978312, 37.17263973476206], [-3.5910354072429, 37.17317026353629], [-3.59086601816934, 37.1733048756894], [-3.590789805679164, 37.17336540094327], [-3.590421277758812, 37.1733554943003], [-3.59041484478609, 37.17335536860818], [-3.590234147206475, 37.173401247057754], [-3.590220438193622, 37.17340049957323], [-3.589988631902586, 37.17338821585435], [-3.589817947802479, 37.1733447922418], [-3.589614289027146, 37.17319359659907], [-3.589319520382267, 37.17305577447962], [-3.588819461179639, 37.172730757032575], [-3.588895803488772, 37.172871457240454], [-3.589074060232194, 37.1731265860604], [-3.589441723569273, 37.17360581516072], [-3.589473624426164, 37.17364712102892], [-3.58983786157632, 37.17412039769176], [-3.589825815678502, 37.17414189753407], [-3.589890998776218, 37.17424037497976], [-3.58972782024457, 37.17441313892905], [-3.589166961708692, 37.17414172562512], [-3.589151755601052, 37.17415506177765], [-3.588732221976407, 37.17387184735695], [-3.588493601943036, 37.17368037301301], [-3.58829160446908, 37.17407927810817], [-3.587599057386986, 37.17404213143348], [-3.58702423949335, 37.17417235695392], [-3.586976105768676, 37.17418324548546], [-3.586926007105021, 37.17418986116205], [-3.586848098068698, 37.17430900695629], [-3.585299644613713, 37.174420106280145], [-3.585147135101492, 37.174316646435656], [-3.585031372353509, 37.174238924829986], [-3.58496486556291, 37.17419426321641], [-3.584844759660963, 37.17411362969874], [-3.584677519249981, 37.174043305432605], [-3.584534404547601, 37.173984990303936], [-3.584424687303494, 37.173940298156076], [-3.58429853893937, 37.173888917388], [-3.584201048418273, 37.17384772889025], [-3.584141825543199, 37.17379290002053], [-3.584115176118125, 37.173735412764024], [-3.584067411307267, 37.17363239601756], [-3.584037398144246, 37.17354252977168], [-3.58399137938642, 37.17345646880368], [-3.583900209847331, 37.17331571138482], [-3.58386713821943, 37.1732836040898], [-3.583774587349358, 37.17324538445567], [-3.583665838658061, 37.17320047048538], [-3.583573684776329, 37.17316243352538], [-3.583420533708964, 37.17309796029558], [-3.583262049061348, 37.17302921793014], [-3.583121456935671, 37.172968229515504], [-3.583019260242513, 37.17292051088667], [-3.582928404173964, 37.172873903697784], [-3.582846855549065, 37.17283208218281], [-3.582711295703117, 37.172762559270986], [-3.582497172217689, 37.172652737563546], [-3.582283078593666, 37.17254290990968], [-3.581969902661163, 37.17238228675623], [-3.581691724125307, 37.172239619106634], [-3.581375881784753, 37.17207761929271], [-3.581126659063115, 37.17194730619986], [-3.580835603566401, 37.171794401125936], [-3.580505332081931, 37.171620913690674], [-3.580337661350532, 37.17153284570726], [-3.580171082023368, 37.17144530396874], [-3.579590859508731, 37.172051584842954], [-3.579588558921873, 37.172067456302386], [-3.579584490564837, 37.17206646212184], [-3.579426107561495, 37.172216228893696], [-3.579202196272306, 37.172493959106035], [-3.579223574520014, 37.17279879150759], [-3.580090630525845, 37.17365187714929], [-3.580442988717283, 37.174006670400246], [-3.580717569792753, 37.17431163017077], [-3.581004826155992, 37.17465429594793], [-3.581300315964087, 37.17503471285829], [-3.581399672678793, 37.17518787505176], [-3.581837672589741, 37.17589687575141], [-3.581865543996939, 37.175941967711076], [-3.583007724837829, 37.17710629833387], [-3.583787163816941, 37.17783156065015], [-3.583760375204684, 37.17799184582742], [-3.583593239065648, 37.178089390597286], [-3.583171830043243, 37.178306403186205], [-3.582880230081966, 37.17832242451859], [-3.58270947474078, 37.17830072030113], [-3.582642511118012, 37.17829308930912], [-3.58255309335032, 37.17828496473794], [-3.582508435679014, 37.178280235587664], [-3.582441925593578, 37.17827136733014], [-3.582386765350947, 37.17826252077043], [-3.582321212054452, 37.178250028608666], [-3.582288834002175, 37.17824243566185], [-3.582161272437203, 37.178206414122286], [-3.582129980103933, 37.17819643609316], [-3.582078119217976, 37.178178594302786], [-3.582016784553628, 37.17815563849211], [-3.582001945812677, 37.17814958183767], [-3.581994172443897, 37.17814659130464], [-3.581739441167394, 37.178016843101815], [-3.581033691648551, 37.17765735777298], [-3.580837465555594, 37.177337232770014], [-3.580656151364364, 37.17714985613319], [-3.580211967608047, 37.17697486567996], [-3.579878775636944, 37.176832530009065], [-3.579601018919304, 37.17670100589922], [-3.579323177686514, 37.176569499573056], [-3.579211948762619, 37.176498055452385], [-3.579100725652439, 37.17642660759167], [-3.578753492517305, 37.1762621898632], [-3.578489492752282, 37.17611953930855], [-3.57825372296153, 37.17605424587026], [-3.577934720147878, 37.17595614844094], [-3.577464203288642, 37.175958438823955], [-3.576980222968206, 37.17600505993302], [-3.576510609167659, 37.176118088593704], [-3.576279339200697, 37.1761920677503], [-3.575870824831048, 37.17569404788829], [-3.575333995949486, 37.175648956985924], [-3.574916310688935, 37.1755937451701], [-3.574865154751915, 37.17513607928576], [-3.574468932252301, 37.1747659455072], [-3.574157893479368, 37.17462435426912], [-3.573835801846295, 37.17459729495155], [-3.573408796726764, 37.17488555876685], [-3.572906082199708, 37.17462087376362], [-3.572595048020746, 37.174479279285826], [-3.572379169568908, 37.1743086038903], [-3.572317692076331, 37.174060864155955], [-3.572506691911683, 37.1737967348047], [-3.572530042585226, 37.173764102022204], [-3.572517329834501, 37.173770421895746]]]]}}, {"type": "Feature", "properties": {"CUSEC": "1808709003", "CDIS": "09", "CSEC": "003", "NMUN": "Granada", "poblaciones": {"2015": 2151, "2016": 1604, "2017": 1690, "2018": 1699, "2019": 1779, "2020": 1818, "2021": 1835, "2022": 1868, "2023": 1902, "2024": 1908, "2025": 1914}, "superficie_verde_m2": 354095, "estacion_cercana": {"name": "Granada Palacio de Congresos", "distancia_m": 2161}, "superficie_verde_desglose": {"parques": 8549, "jardines": 397, "arbolado": 345149}, "centroide": [-3.574197, 37.167422], "equipamientos": {"sanidad": {"n_dentro": 3}, "educacion": {"n_dentro": 1}, "agua": {"n_dentro": 4}, "reciclaje": {"n_dentro": 4}, "aparcabicis": {"n_dentro": 1}, "patrimonio": {"n_dentro": 1}}, "renta": {"2015": 18550, "2016": 20650, "2017": 22050, "2018": 22050, "2019": 22750, "2020": 22050, "2021": 23450, "2022": 24150, "2023": 26250}, "vft": {"n_vfts": 12, "n_plazas": 89, "viviendas_total": 816, "viviendas_fuente": "censo2021", "ratio_vft_pct": 1.47, "serie": {"2015": 0, "2016": 1, "2017": 1, "2018": 3, "2019": 5, "2020": 5, "2021": 7, "2022": 8, "2023": 10, "2024": 11, "2025": 12}}, "renta_med_uc": {"2015": 18550, "2016": 20650, "2017": 22050, "2018": 22050, "2019": 22750, "2020": 22050, "2021": 23450, "2022": 24150, "2023": 26250}, "renta_hogar": {"2015": 36922, "2016": 41528, "2017": 42848, "2018": 44289, "2019": 47230, "2020": 43497, "2021": 46926, "2022": 49976, "2023": 48103}, "renta_persona": {"2015": 13042, "2016": 14772, "2017": 15015, "2018": 15580, "2019": 16496, "2020": 15430, "2021": 16780, "2022": 17522, "2023": 17040}}, "geometry": {"type": "MultiPolygon", "coordinates": [[[[-3.587455033701522, 37.16894042155198], [-3.587203473786994, 37.1688722719694], [-3.586957961797419, 37.168725620136506], [-3.586641002537728, 37.16858886197892], [-3.586473232919678, 37.1684752131541], [-3.586317678530573, 37.16839966460676], [-3.585892150453647, 37.168096492432674], [-3.585478473139121, 37.16778372058697], [-3.584932683458272, 37.16734281217352], [-3.584656792969612, 37.167119986215354], [-3.584339789429888, 37.16697606669274], [-3.583456070179055, 37.16676815828607], [-3.583031808425551, 37.16662714840785], [-3.582690566776112, 37.16643087381384], [-3.582157583377725, 37.16610198186584], [-3.581541712754745, 37.16584504420314], [-3.581419641244267, 37.16624870374494], [-3.58086379170382, 37.16604632216072], [-3.580267209623425, 37.16597292566353], [-3.579653805184449, 37.16603793717118], [-3.57899217440995, 37.16603163121306], [-3.578346569987627, 37.1657819766244], [-3.578040103072495, 37.16623661731632], [-3.57878081627448, 37.16645241921196], [-3.579527966377793, 37.16673019442767], [-3.580485549491288, 37.167245431580966], [-3.580912785590463, 37.16777518663989], [-3.583370147574875, 37.168771956794075], [-3.584056744628478, 37.16892121312476], [-3.584482086448528, 37.16920054251802], [-3.584807725039731, 37.16969024002922], [-3.584702791372767, 37.16999603373762], [-3.584507075799541, 37.170123403215], [-3.584173427466185, 37.170141742520855], [-3.583898299598912, 37.17001908062684], [-3.583221744661766, 37.16962650750907], [-3.582474423432658, 37.16933206180262], [-3.581850737790046, 37.16961416733307], [-3.581813806102494, 37.16946171024425], [-3.582002484860084, 37.1691936669034], [-3.581882622603756, 37.169108396760315], [-3.581667359296469, 37.16901882458729], [-3.581350354465088, 37.168874897127154], [-3.580800043661217, 37.16862001836644], [-3.58044164893586, 37.16851922070799], [-3.580083636836043, 37.16846850483736], [-3.579755353862966, 37.16840810197027], [-3.57942679715363, 37.16831192547895], [-3.578771034331111, 37.16829605010128], [-3.577323377390773, 37.16760669991832], [-3.576410121603085, 37.16821692857646], [-3.575236615752282, 37.16752144963207], [-3.5743234522759, 37.16814597162948], [-3.576904302026868, 37.17049932689107], [-3.576744188901257, 37.17060742932053], [-3.576006775369165, 37.170045778652806], [-3.575622928558623, 37.16973282738374], [-3.575335606309126, 37.16957204470947], [-3.575061143986301, 37.16953521689583], [-3.575008278750918, 37.16963802715457], [-3.575039110863912, 37.16977382109237], [-3.575129689737711, 37.16992840508664], [-3.575142802859182, 37.17008574923568], [-3.575077890621455, 37.17017192307206], [-3.574970984668539, 37.170222526593335], [-3.573143037750926, 37.169689993778704], [-3.572223105302585, 37.169422552509985], [-3.571315584091319, 37.16921943879525], [-3.570982384647368, 37.16929736402733], [-3.570905600907451, 37.16939074815842], [-3.570959799333328, 37.169464421163894], [-3.571153651215581, 37.1698784712596], [-3.571262318657034, 37.17006159065256], [-3.571418562113773, 37.170230170725965], [-3.572061116089698, 37.17086385793286], [-3.572192963649124, 37.17095861970863], [-3.572342476813594, 37.17102467731461], [-3.572641449917341, 37.17114963596144], [-3.572964824155827, 37.1713484099695], [-3.573192850032378, 37.17155003035974], [-3.573242822121063, 37.17185267947032], [-3.573024537257895, 37.17294128239577], [-3.572837112647032, 37.173381022876086], [-3.572517329834501, 37.173770421895746], [-3.572161852266822, 37.173947138417255], [-3.571936643012138, 37.1741199431604], [-3.571722276535783, 37.174149597241836], [-3.571448051863553, 37.174146150710556], [-3.571256700886933, 37.17406598394494], [-3.571122623110167, 37.17367549561693], [-3.570800680004482, 37.1736675064338], [-3.570419846811676, 37.17375519910875], [-3.570192914751789, 37.17369905214915], [-3.570067037026359, 37.17281244870499], [-3.569367739213248, 37.17335481471344], [-3.568938613745641, 37.173361646127155], [-3.568557066174106, 37.173353937011704], [-3.568818115731297, 37.17319050617277], [-3.569056680963164, 37.1732084407577], [-3.56931719212379, 37.17297346242523], [-3.568872500683999, 37.172493833471805], [-3.568738724021764, 37.172141500006575], [-3.568855501405347, 37.1718165834119], [-3.568651273454062, 37.171607685994104], [-3.568744853078054, 37.171368739606045], [-3.568897678741708, 37.17108180997789], [-3.568680816309235, 37.170777573955064], [-3.568430624307892, 37.170797854425935], [-3.568189638278322, 37.17045557402364], [-3.568256519014045, 37.169835160614355], [-3.568302629241927, 37.16962506264818], [-3.568229034618431, 37.16934875813505], [-3.567865994957307, 37.168625466720464], [-3.567970065603319, 37.16819567280796], [-3.567630445605952, 37.16741502900879], [-3.567624095751479, 37.166566009389015], [-3.567825024094218, 37.1663360888642], [-3.567703825274919, 37.16606955242575], [-3.567473280667264, 37.165526882796016], [-3.567707361964544, 37.16494859784717], [-3.567988297265409, 37.164260379528294], [-3.567890227230138, 37.16389833292692], [-3.568102639770506, 37.163611118446056], [-3.56821983570718, 37.16334343932526], [-3.568241532739033, 37.16305713797782], [-3.568169301698741, 37.16296208489918], [-3.568120766235821, 37.16284783901889], [-3.568120052260772, 37.16275244393202], [-3.568119766666297, 37.16271428517575], [-3.56808617343647, 37.16268771952612], [-3.568158973135143, 37.16262285147981], [-3.568684177368562, 37.162420685287906], [-3.569238937685616, 37.16246238543647], [-3.569960666157554, 37.16259204782822], [-3.570600239969159, 37.16285519760788], [-3.571350393533332, 37.16307350852651], [-3.572211297069551, 37.16326901523811], [-3.572794580129464, 37.16342149698906], [-3.573544069008569, 37.163551017719094], [-3.574071499225767, 37.16363724783674], [-3.575126239829842, 37.16380962587581], [-3.575612018741939, 37.163881944256104], [-3.575681997073444, 37.16393257521151], [-3.575961798525484, 37.16399688574118], [-3.5764141872207, 37.164102944064766], [-3.576788681481126, 37.164191193954196], [-3.577107998057964, 37.16426765868697], [-3.577578202284741, 37.16438108131269], [-3.578042726478745, 37.16449313259325], [-3.578316919833037, 37.164559254185725], [-3.578671585647886, 37.16464475003], [-3.578778624393725, 37.164679379401], [-3.579028338465897, 37.164753608952466], [-3.579147198474346, 37.16478664693722], [-3.579368743049584, 37.16484820536514], [-3.579577206201687, 37.16490613069311], [-3.579585482948576, 37.164905170779605], [-3.579604137402482, 37.164913624863736], [-3.580099261971753, 37.16505115884987], [-3.580521484938363, 37.16516853553176], [-3.580763280827807, 37.16523569351954], [-3.580927498922343, 37.1652813217856], [-3.581175352573887, 37.165350201563626], [-3.581312544794416, 37.16539066066978], [-3.581324702320609, 37.16539418501768], [-3.581952004794986, 37.16557907789044], [-3.582000738416327, 37.16559342329015], [-3.582264649269002, 37.16567117827671], [-3.582473718757773, 37.165732828223405], [-3.583040868030843, 37.16589995941946], [-3.583160953414614, 37.16593531385595], [-3.583356501092912, 37.16599294451239], [-3.58397185694001, 37.166174270812995], [-3.584275192973667, 37.16626363991828], [-3.58447964313815, 37.166323817258025], [-3.58473305969575, 37.16639855370206], [-3.585205654170903, 37.166537745861056], [-3.585565545888688, 37.166643779651004], [-3.585980299438936, 37.1667659926052], [-3.586302153374424, 37.16686082659103], [-3.586396323165098, 37.16688857189774], [-3.586574913089572, 37.166939083412416], [-3.586606859161715, 37.166948191716756], [-3.58696919565843, 37.16705088744341], [-3.587101183677273, 37.167088892136555], [-3.587752385862765, 37.167276668960675], [-3.588918887448828, 37.16777760111141], [-3.588751150634006, 37.168016850665], [-3.58859684174715, 37.16823683787271], [-3.588036833262669, 37.168893940354586], [-3.587626671456232, 37.168815925810314], [-3.587519346628065, 37.1688199635372], [-3.587455033701522, 37.16894042155198]]]]}}, {"type": "Feature", "properties": {"CUSEC": "1808709004", "CDIS": "09", "CSEC": "004", "NMUN": "Granada", "poblaciones": {"2015": 2022, "2016": 1745, "2017": 1618, "2018": 1607, "2019": 1575, "2020": 1575, "2021": 1484, "2022": 1480, "2023": 1500, "2024": 1487, "2025": 1432}, "superficie_verde_m2": 202741, "estacion_cercana": {"name": "Granada Palacio de Congresos", "distancia_m": 2350}, "superficie_verde_desglose": {"parques": 144, "jardines": 1236, "arbolado": 201360}, "centroide": [-3.572822, 37.160822], "equipamientos": {"sanidad": {"n_dentro": 1}, "educacion": {"n_dentro": 0, "mas_cercana_m": 288, "mas_cercana_name": "Escuela Infantil Asunción Linares"}, "agua": {"n_dentro": 0, "mas_cercana_m": 382, "mas_cercana_name": "drinking_water"}, "reciclaje": {"n_dentro": 9}, "aparcabicis": {"n_dentro": 0, "mas_cercana_m": 1083, "mas_cercana_name": "bicycle_parking"}, "patrimonio": {"n_dentro": 0, "mas_cercana_m": 1489, "mas_cercana_name": "Mirador del Barranco del Abogado"}}, "renta": {"2015": 22050, "2016": 22050, "2017": 22750, "2018": 22750, "2019": 24150, "2020": 23450, "2021": 25550, "2022": 26250, "2023": 28350}, "vft": {"n_vfts": 2, "n_plazas": 8, "viviendas_total": 849, "viviendas_fuente": "censo2021", "ratio_vft_pct": 0.24, "serie": {"2015": 0, "2016": 0, "2017": 0, "2018": 0, "2019": 0, "2020": 0, "2021": 1, "2022": 1, "2023": 1, "2024": 2, "2025": 2}}, "renta_med_uc": {"2015": 22050, "2016": 22050, "2017": 22750, "2018": 22750, "2019": 24150, "2020": 23450, "2021": 25550, "2022": 26250, "2023": 28350}, "renta_hogar": {"2015": 41981, "2016": 42336, "2017": 42736, "2018": 44401, "2019": 46567, "2020": 43937, "2021": 48082, "2022": 50762, "2023": 55122}, "renta_persona": {"2015": 17380, "2016": 18120, "2017": 18727, "2018": 19445, "2019": 20201, "2020": 19092, "2021": 20914, "2022": 22275, "2023": 23405}}, "geometry": {"type": "MultiPolygon", "coordinates": [[[[-3.585500785047843, 37.161519970207486], [-3.584730920750508, 37.161655647845365], [-3.583879904681954, 37.161817252659496], [-3.583817410482898, 37.16182829268356], [-3.583457303099073, 37.16157323770036], [-3.583454900072917, 37.161576078142126], [-3.5832991887707, 37.16147786852247], [-3.582904315104463, 37.16127947313901], [-3.582350819610272, 37.16099122776803], [-3.58227054775362, 37.161015472492174], [-3.582235275034471, 37.16107884695539], [-3.583282343138133, 37.16200026098751], [-3.583391156456927, 37.16220006274541], [-3.583386058987755, 37.162312181219356], [-3.583294233621057, 37.16238418318512], [-3.583031719593211, 37.162736065840534], [-3.582820191449519, 37.16313062659348], [-3.582711419035507, 37.16332434438693], [-3.582591875397003, 37.16327961759261], [-3.582439608372468, 37.1632422068685], [-3.582299280028077, 37.16320712150297], [-3.582123448280063, 37.163205600235074], [-3.581789829676195, 37.16322393349602], [-3.581474218034423, 37.16325887239453], [-3.580726833873162, 37.163336471421104], [-3.580351495609804, 37.16335500507187], [-3.579987949862016, 37.1633567848892], [-3.579621369377257, 37.16335142307754], [-3.57928742182309, 37.16332682146827], [-3.579117495350395, 37.163318112418295], [-3.579028026199805, 37.163309009129435], [-3.578944406944011, 37.16328556828258], [-3.57862490570355, 37.163201269855115], [-3.578054613516688, 37.16305499209578], [-3.57801878244365, 37.16304562729348], [-3.577813316719479, 37.1635112876421], [-3.577799977198406, 37.16350926322462], [-3.577785662251621, 37.16350708401266], [-3.577489962143027, 37.16346111323044], [-3.577470797118025, 37.16345815987128], [-3.577133791571501, 37.16340641224982], [-3.577105476899587, 37.16340202508558], [-3.576923933735672, 37.16337388647989], [-3.576841162129206, 37.1633605375661], [-3.576758708025382, 37.16334613240451], [-3.57664910025967, 37.16332581990065], [-3.576485854665698, 37.16329478821311], [-3.576315188194101, 37.16326229245035], [-3.576129343521564, 37.16322603385008], [-3.575455308588333, 37.16293326736083], [-3.574403677448317, 37.16272823720777], [-3.573522292820207, 37.16257399470545], [-3.572882462265947, 37.162348130583055], [-3.57178046714305, 37.162124493765596], [-3.570943087579265, 37.16197001518532], [-3.569510008588524, 37.16160705392472], [-3.568363411909888, 37.16129549971369], [-3.567680426209123, 37.16119309966992], [-3.567019910870431, 37.161143418697314], [-3.566095297019891, 37.16109499408702], [-3.564753723582996, 37.16118943985088], [-3.564204147101292, 37.1612625016108], [-3.563477568800626, 37.161213115387255], [-3.562751043194385, 37.16116372445463], [-3.561583215212385, 37.16095791326561], [-3.560833883611784, 37.160802951235006], [-3.559647131867816, 37.16052887842645], [-3.559897776399752, 37.16024574168472], [-3.560030627220706, 37.159938641943796], [-3.560045758917026, 37.15893799071715], [-3.559962471155676, 37.15833445868089], [-3.559978711578337, 37.15747805866061], [-3.561514566734354, 37.15804770758606], [-3.562755680606135, 37.158357348240926], [-3.56372494773008, 37.1585427447405], [-3.563744543509592, 37.158618808692246], [-3.57501050312825, 37.16049174287865], [-3.576088434925865, 37.16117338010387], [-3.577035446158158, 37.160310181708574], [-3.577083267015061, 37.16032902891554], [-3.577418162160078, 37.16048003635177], [-3.577942893415213, 37.1605156377301], [-3.578275611016977, 37.16038045604607], [-3.578607162953866, 37.16009264043224], [-3.578912402970195, 37.15948059676252], [-3.579455722467711, 37.15882922828658], [-3.579758838998995, 37.15840742911538], [-3.581419869287588, 37.15932778504291], [-3.581675814318987, 37.15942861601583], [-3.58257213725664, 37.15985818072153], [-3.583100438370273, 37.16012362004695], [-3.584092865663556, 37.16060376126593], [-3.584222810364019, 37.16066854656642], [-3.584238808298672, 37.160676526265824], [-3.585005370961678, 37.161058720273424], [-3.585230168733878, 37.161261843631856], [-3.585500785047843, 37.161519970207486]]]]}}, {"type": "Feature", "properties": {"CUSEC": "1808709005", "CDIS": "09", "CSEC": "005", "NMUN": "Granada", "poblaciones": {"2015": 1442, "2016": 1471, "2017": 1477, "2018": 1502, "2019": 1517, "2020": 1531, "2021": 1548, "2022": 1579, "2023": 1615, "2024": 1679, "2025": 1699}, "superficie_verde_m2": 2065694, "estacion_cercana": {"name": "Granada Palacio de Congresos", "distancia_m": 3678}, "superficie_verde_desglose": {"parques": 0, "jardines": 0, "arbolado": 2065694}, "centroide": [-3.557214, 37.169074], "equipamientos": {"sanidad": {"n_dentro": 0, "mas_cercana_m": 1345, "mas_cercana_name": "Farmacia Espigares"}, "educacion": {"n_dentro": 1}, "agua": {"n_dentro": 0, "mas_cercana_m": 1945, "mas_cercana_name": "drinking_water"}, "reciclaje": {"n_dentro": 0, "mas_cercana_m": 1223, "mas_cercana_name": "waste_disposal"}, "aparcabicis": {"n_dentro": 0, "mas_cercana_m": 2363, "mas_cercana_name": "bicycle_parking"}, "patrimonio": {"n_dentro": 2}}, "renta": {"2015": 12250, "2016": 12950, "2017": 12950, "2018": 14350, "2019": 15050, "2020": 15050, "2021": 16450, "2022": 17850, "2023": 19250}, "vft": {"n_vfts": 12, "n_plazas": 75, "viviendas_total": 875, "viviendas_fuente": "censo2021", "ratio_vft_pct": 1.37, "serie": {"2015": 0, "2016": 1, "2017": 2, "2018": 2, "2019": 2, "2020": 2, "2021": 2, "2022": 5, "2023": 9, "2024": 10, "2025": 12}}, "renta_med_uc": {"2015": 12250, "2016": 12950, "2017": 12950, "2018": 14350, "2019": 15050, "2020": 15050, "2021": 16450, "2022": 17850, "2023": 19250}, "renta_hogar": {"2015": 24717, "2016": 25020, "2017": 26091, "2018": 26905, "2019": 28450, "2020": 28681, "2021": 30096, "2022": 31801, "2023": 35789}, "renta_persona": {"2015": 10234, "2016": 10483, "2017": 10938, "2018": 11417, "2019": 11929, "2020": 12044, "2021": 12756, "2022": 13558, "2023": 15018}}, "geometry": {"type": "MultiPolygon", "coordinates": [[[[-3.537764663271949, 37.171311938297485], [-3.538552103709638, 37.17091799650057], [-3.539000135137589, 37.170555386169546], [-3.539514689903252, 37.16948109682744], [-3.539539802736401, 37.169428654052304], [-3.539765937730738, 37.16895642489709], [-3.540213502830878, 37.16853073162439], [-3.540999484429395, 37.16818461240001], [-3.541792913731709, 37.16802807015974], [-3.541914618820973, 37.168034059666844], [-3.542692671097035, 37.16814879326603], [-3.543270191489142, 37.168226282931386], [-3.543831474167118, 37.16836680662293], [-3.544137265939336, 37.168453170083794], [-3.544309016528278, 37.16846573653781], [-3.544440059138007, 37.16845368668608], [-3.544661573072567, 37.1684240491032], [-3.544875934598675, 37.16839444399436], [-3.545061811494492, 37.16838214130944], [-3.545343050609471, 37.16836939951074], [-3.545490835507634, 37.168364903654165], [-3.545624509094183, 37.16838718395773], [-3.545729408073354, 37.16838670091272], [-3.545801013813568, 37.16839781898336], [-3.5459562529131, 37.16843526309173], [-3.546063797239769, 37.16847101941372], [-3.546216667019888, 37.16851038237438], [-3.546211501017868, 37.168455075173696], [-3.546189275367049, 37.16834833034147], [-3.546167118437318, 37.16825112566915], [-3.546156881534062, 37.168153866053316], [-3.546158840339367, 37.168094709455254], [-3.546160400968649, 37.167980223674355], [-3.546183581768089, 37.16788853306028], [-3.54629724996872, 37.16771514642254], [-3.546361145589981, 37.16764902665095], [-3.54644283905782, 37.16757137691537], [-3.546524449924272, 37.16748227964432], [-3.546598990904734, 37.16740466188554], [-3.54666644257987, 37.16733566358005], [-3.54670526390341, 37.16726393535998], [-3.546719114599429, 37.167200908228814], [-3.546715002536453, 37.16712651610891], [-3.546725132838225, 37.16704347238423], [-3.546727863628673, 37.16692611831343], [-3.546787893521276, 37.16681994862895], [-3.546858610110589, 37.1667080056662], [-3.546915393584769, 37.16664764234032], [-3.546993158745971, 37.166521356036284], [-3.546992519354383, 37.166432638062034], [-3.546958870844525, 37.166229593829975], [-3.546911269081594, 37.16607526649136], [-3.546856494907535, 37.16591811116349], [-3.546783861631355, 37.16576390017584], [-3.546758334913036, 37.16569533077796], [-3.546739939587041, 37.16562386560448], [-3.546749719215444, 37.16549217005628], [-3.546777667300716, 37.165400458198924], [-3.546809273759389, 37.16532017731679], [-3.546837262949281, 37.16523418918544], [-3.54687604181399, 37.16515673625096], [-3.546914882471536, 37.16508786981736], [-3.547014039912098, 37.164952899744726], [-3.547042152496375, 37.164884082788], [-3.547052344051026, 37.16480962462203], [-3.547041183061454, 37.16474957395349], [-3.547026239902753, 37.16466092198148], [-3.547025724267699, 37.16458937520605], [-3.547039594862842, 37.1645292098862], [-3.547053300426105, 37.1644461495956], [-3.54705280539578, 37.16437746468901], [-3.547048528179146, 37.16428017667598], [-3.547029947319621, 37.16418295559033], [-3.546997062865548, 37.16408580052352], [-3.547007295615625, 37.16401706609459], [-3.546994215423038, 37.163922299378164], [-3.547010950773116, 37.16386269322549], [-3.547076854216081, 37.163744857273095], [-3.547195903956361, 37.16359166970268], [-3.547265696102891, 37.163442605374854], [-3.547687514516541, 37.16313310113356], [-3.547724866816693, 37.16306128287836], [-3.547945452821153, 37.16293338651985], [-3.548130736028389, 37.1628409467287], [-3.54830192324089, 37.16277719153712], [-3.548421765248381, 37.162536230867765], [-3.548607253736775, 37.162472409051325], [-3.548778191435527, 37.162374310722264], [-3.548838518520959, 37.162198750959504], [-3.548841232066052, 37.16219085288408], [-3.549038994078985, 37.1618464998596], [-3.549116543850939, 37.161691593413984], [-3.54929991851295, 37.161335859629375], [-3.549469194436342, 37.16100880969089], [-3.549616144178781, 37.160561660395295], [-3.5497349423751, 37.160177604777296], [-3.549836818598139, 37.15976119219273], [-3.549947592372365, 37.15925697087533], [-3.550021662670429, 37.15895134928959], [-3.550230218659276, 37.15878247871998], [-3.550553083869207, 37.158597813273026], [-3.550750518763317, 37.158397775003465], [-3.550919694606113, 37.15843984790484], [-3.551090056410854, 37.15863736276096], [-3.55140644367376, 37.158780109979304], [-3.553367290108318, 37.15894228913775], [-3.554247218834128, 37.159145500853604], [-3.556550608155551, 37.15996281609621], [-3.55573468194765, 37.161787623108495], [-3.558617834842723, 37.16252081721164], [-3.558779752712165, 37.162560262892335], [-3.559284334017481, 37.162683142074975], [-3.559319873965736, 37.16269154311104], [-3.559359339369803, 37.16270075400059], [-3.559435158930684, 37.162716514151654], [-3.55950034351477, 37.16272883151505], [-3.559587825215929, 37.16274374236848], [-3.559675671375413, 37.162757669804336], [-3.559752818486107, 37.162768479267584], [-3.559841308827944, 37.162778879038484], [-3.559908044420482, 37.1627853928065], [-3.559985821836286, 37.162791710135785], [-3.560052839580761, 37.16279600953612], [-3.560119749322944, 37.16279864541276], [-3.560175625685977, 37.16279956755131], [-3.560254049143467, 37.16279956279162], [-3.560321235774983, 37.16279851139461], [-3.560455848413594, 37.162795270680746], [-3.560478194075126, 37.16279452049312], [-3.560511674962028, 37.16279249713018], [-3.561033752020148, 37.16275386764539], [-3.561437621857084, 37.16271958004451], [-3.561583305479631, 37.16271006679741], [-3.561650612774331, 37.162707070643044], [-3.5617066572678, 37.16270560704315], [-3.561774168968682, 37.162705121167896], [-3.561830247390376, 37.16270595954058], [-3.561875192866202, 37.16270761326165], [-3.561931405961177, 37.16271066840754], [-3.561965122723884, 37.16271313251932], [-3.562009767573566, 37.1627175360029], [-3.562054392888402, 37.16272310327786], [-3.562109884631141, 37.16273140794518], [-3.562153383583659, 37.16274000474371], [-3.562196527199719, 37.162750806249065], [-3.562249464463198, 37.162766244980745], [-3.562302055915985, 37.16278213152566], [-3.562333317237153, 37.16279217358802], [-3.562447227795617, 37.162830475507896], [-3.562676091184639, 37.16290511891816], [-3.562821331351712, 37.16295364690345], [-3.562905071631071, 37.16297953958189], [-3.562958007423177, 37.162994739129736], [-3.563000648158792, 37.16300603850325], [-3.563043632970432, 37.16301665205927], [-3.563076023804165, 37.16302406546587], [-3.563119570453603, 37.1630329816809], [-3.563163429294383, 37.16304071014568], [-3.563196591405691, 37.163045812253976], [-3.563229837073784, 37.163050031479095], [-3.563263310891064, 37.16305312195125], [-3.563285739653812, 37.163054457594534], [-3.563319424751729, 37.16305566400893], [-3.563375616668066, 37.16305567181597], [-3.563398029383419, 37.1630548450407], [-3.563431690925176, 37.1630528776838], [-3.563476529045233, 37.16304914089764], [-3.563521039580672, 37.163044516865725], [-3.563576643197712, 37.16303749730773], [-3.563620856662659, 37.163030787895686], [-3.563708961798443, 37.163016506104285], [-3.563851811355223, 37.16299175175524], [-3.564027842589029, 37.16296261622322], [-3.564160229072665, 37.162941700812965], [-3.564237787988586, 37.16293067784084], [-3.564337811813922, 37.16291888981367], [-3.564382504065148, 37.16291448633908], [-3.564413785273373, 37.16291201173111], [-3.564427180213577, 37.16291094737293], [-3.564472005825946, 37.16290857590048], [-3.564517130420859, 37.16290703137914], [-3.564573457523957, 37.162906452961955], [-3.564595878419007, 37.16290673374955], [-3.564629793503824, 37.162907825118744], [-3.564674608924835, 37.16291014093051], [-3.564708438205257, 37.162912566767204], [-3.564741914202812, 37.16291595066979], [-3.564786220644212, 37.162921760912496], [-3.564819266327694, 37.16292710199406], [-3.564852159880996, 37.162933188353044], [-3.564854144966345, 37.162933566495916], [-3.56487285087504, 37.16293938154425], [-3.5649938737543, 37.16296625784069], [-3.565086011220474, 37.16298911627161], [-3.565175701108922, 37.163012098979316], [-3.565464230490361, 37.16308488487314], [-3.565705016505917, 37.163121357680524], [-3.565992514083803, 37.16311832903897], [-3.566004551780995, 37.163118010137765], [-3.566028081056447, 37.16312116625428], [-3.566527250887889, 37.16314093754715], [-3.567053767681292, 37.16311627267644], [-3.567358242543127, 37.16304824923258], [-3.567883600575743, 37.16286821987525], [-3.56808617343647, 37.16268771952612], [-3.568119766666297, 37.16271428517575], [-3.568120052260772, 37.16275244393202], [-3.568120766235821, 37.16284783901889], [-3.568169301698741, 37.16296208489918], [-3.568241532739033, 37.16305713797782], [-3.56821983570718, 37.16334343932526], [-3.568102639770506, 37.163611118446056], [-3.567890227230138, 37.16389833292692], [-3.567988297265409, 37.164260379528294], [-3.567707361964544, 37.16494859784717], [-3.567473280667264, 37.165526882796016], [-3.567703825274919, 37.16606955242575], [-3.567825024094218, 37.1663360888642], [-3.567624095751479, 37.166566009389015], [-3.567630445605952, 37.16741502900879], [-3.567970065603319, 37.16819567280796], [-3.567865994957307, 37.168625466720464], [-3.568229034618431, 37.16934875813505], [-3.568302629241927, 37.16962506264818], [-3.568256519014045, 37.169835160614355], [-3.568189638278322, 37.17045557402364], [-3.568430624307892, 37.170797854425935], [-3.568680816309235, 37.170777573955064], [-3.568897678741708, 37.17108180997789], [-3.568744853078054, 37.171368739606045], [-3.568651273454062, 37.171607685994104], [-3.568855501405347, 37.1718165834119], [-3.568738724021764, 37.172141500006575], [-3.568872500683999, 37.172493833471805], [-3.56931719212379, 37.17297346242523], [-3.569056680963164, 37.1732084407577], [-3.568818115731297, 37.17319050617277], [-3.568557066174106, 37.173353937011704], [-3.568938613745641, 37.173361646127155], [-3.569367739213248, 37.17335481471344], [-3.570067037026359, 37.17281244870499], [-3.570192914751789, 37.17369905214915], [-3.570419846811676, 37.17375519910875], [-3.570800680004482, 37.1736675064338], [-3.571122623110167, 37.17367549561693], [-3.571256700886933, 37.17406598394494], [-3.571448051863553, 37.174146150710556], [-3.571722276535783, 37.174149597241836], [-3.571936643012138, 37.1741199431604], [-3.572161852266822, 37.173947138417255], [-3.572517329834501, 37.173770421895746], [-3.572530042585226, 37.173764102022204], [-3.572506691911683, 37.1737967348047], [-3.572317692076331, 37.174060864155955], [-3.572379169568908, 37.1743086038903], [-3.572595048020746, 37.174479279285826], [-3.572906082199708, 37.17462087376362], [-3.573408796726764, 37.17488555876685], [-3.573835801846295, 37.17459729495155], [-3.574157893479368, 37.17462435426912], [-3.574468932252301, 37.1747659455072], [-3.574865154751915, 37.17513607928576], [-3.574916310688935, 37.1755937451701], [-3.575333995949486, 37.175648956985924], [-3.575870824831048, 37.17569404788829], [-3.576279339200697, 37.1761920677503], [-3.57612402809972, 37.176241749393235], [-3.575889015307633, 37.176276120280285], [-3.575224272546724, 37.17620184470148], [-3.57458724459822, 37.17614954693779], [-3.57408859763068, 37.17608553948391], [-3.573493166553258, 37.17603305321595], [-3.573077948879344, 37.17602396133987], [-3.57244135042159, 37.176015959359155], [-3.57155578788971, 37.17603129901505], [-3.571112888184484, 37.1760223563108], [-3.570505319003062, 37.176202463126124], [-3.570395876390183, 37.17636909983321], [-3.570300382890283, 37.17654670789169], [-3.570274280757793, 37.17675724913257], [-3.570387467045687, 37.17708890950976], [-3.570527339197866, 37.17728757435023], [-3.570681194445272, 37.17750827499176], [-3.570863261906863, 37.17779531351939], [-3.570768433275331, 37.1780615311997], [-3.570505202506541, 37.17802958398445], [-3.570158802557669, 37.17796480977393], [-3.569853645743462, 37.177877662572556], [-3.569576229248717, 37.17779042089897], [-3.569298984942065, 37.17772529008104], [-3.569007891614, 37.17766028370957], [-3.56868912088841, 37.177595331940445], [-3.56825961270229, 37.177530968134555], [-3.568214175329359, 37.177532511101056], [-3.567880443334033, 37.177787335208286], [-3.567536314693751, 37.177934783371505], [-3.567268140499281, 37.17798210946803], [-3.56698999605157, 37.177975740070295], [-3.566750276833168, 37.17797688422097], [-3.566510356542407, 37.17795502502151], [-3.565857965960618, 37.17791974077556], [-3.565262559774058, 37.17779982862124], [-3.564979240255027, 37.17774359909863], [-3.56469132819325, 37.177714285072554], [-3.564480408738145, 37.177722968234896], [-3.564096559248275, 37.17768643341075], [-3.563625245138386, 37.177496825046006], [-3.563279361253953, 37.177406383285586], [-3.562982057621425, 37.17740779353816], [-3.562607831520915, 37.17737120725509], [-3.56234814522245, 37.17726499443208], [-3.561982610053243, 37.177113297074754], [-3.561742058224959, 37.17700696511666], [-3.561313840874305, 37.176805690836666], [-3.560881035625878, 37.176638893792], [-3.560611609283215, 37.17650970497606], [-3.560159596642817, 37.176335352240876], [-3.559861607079489, 37.17623699405908], [-3.559516637778011, 37.17626934066966], [-3.559131737125023, 37.17609466706976], [-3.558928993961811, 37.17590377497416], [-3.558754841595588, 37.1756973922776], [-3.55846637592746, 37.175591341739455], [-3.558283406283717, 37.17548476374273], [-3.558081355740776, 37.175393647883745], [-3.557489716336705, 37.17513935955361], [-3.556950955551359, 37.174896339663235], [-3.55673946861257, 37.174820607758015], [-3.55624128658594, 37.174891967987094], [-3.555876716912301, 37.17486299140532], [-3.555616988080049, 37.174756822511746], [-3.555337845314646, 37.17461232615887], [-3.555058872141885, 37.17449086735365], [-3.554808658288749, 37.1743615355731], [-3.554558169479092, 37.17420926288844], [-3.554503425337225, 37.17392942822645], [-3.554665196158637, 37.173759865884655], [-3.554423221243458, 37.17345406629566], [-3.553501531853068, 37.17329720397301], [-3.552829355669405, 37.173169887821736], [-3.552282220487531, 37.17309571067218], [-3.551907964552035, 37.17305141064085], [-3.551447057682156, 37.17296914890307], [-3.551226350891198, 37.172947134093086], [-3.551059903840976, 37.173013240320984], [-3.550406032446358, 37.17287805515155], [-3.550079678149726, 37.172841208600914], [-3.549647997998924, 37.17281248736565], [-3.549417846258591, 37.17281355201296], [-3.549092669894407, 37.17293019849876], [-3.548767159134422, 37.17300074596979], [-3.548412307881054, 37.17299468809997], [-3.548067104712959, 37.17299628164346], [-3.54752533218922, 37.17299494083544], [-3.546923632291427, 37.17289254177206], [-3.54665303796487, 37.17304499937289], [-3.546385581219983, 37.173184371509514], [-3.546185735497251, 37.17340017707315], [-3.545954775941483, 37.17328609770306], [-3.545809252955305, 37.17304888089288], [-3.545626174299936, 37.172926958928855], [-3.545376173095985, 37.17282834407026], [-3.545145571313635, 37.172760359334156], [-3.544828673919711, 37.17270041397404], [-3.544612576604254, 37.172651521782164], [-3.544343609792457, 37.17258371180094], [-3.543969095692553, 37.1725087040035], [-3.54352726158068, 37.17241096389943], [-3.543190966110601, 37.17231274380297], [-3.542720526706168, 37.17223050888472], [-3.542442622869463, 37.17225476091639], [-3.542097778685005, 37.17230237921883], [-3.54188684877556, 37.172311040200974], [-3.541407136447973, 37.17227484571126], [-3.540922625946607, 37.1722348546288], [-3.540548312709401, 37.17219049730003], [-3.540241031202294, 37.172122851856685], [-3.539818484145234, 37.17204033385779], [-3.539692845413394, 37.17190279995158], [-3.539278984367969, 37.17168215318378], [-3.538896112374941, 37.17178365091067], [-3.538598679382549, 37.17175432024094], [-3.53830176942959, 37.17180170601035], [-3.5379952705689, 37.17185681905825], [-3.537764663271949, 37.171311938297485]]]]}}, {"type": "Feature", "properties": {"CUSEC": "1808709006", "CDIS": "09", "CSEC": "006", "NMUN": "Granada", "poblaciones": {"2015": 1552, "2016": 1514, "2017": 1503, "2018": 1503, "2019": 1482, "2020": 1480, "2021": 1512, "2022": 1508, "2023": 1494, "2024": 1502, "2025": 1498}, "superficie_verde_m2": 3918, "estacion_cercana": {"name": "Granada Palacio de Congresos", "distancia_m": 2842}, "superficie_verde_desglose": {"parques": 1223, "jardines": 0, "arbolado": 2695}, "centroide": [-3.566798, 37.162379], "equipamientos": {"sanidad": {"n_dentro": 2}, "educacion": {"n_dentro": 0, "mas_cercana_m": 804, "mas_cercana_name": "Colegio María Nebrera"}, "agua": {"n_dentro": 0, "mas_cercana_m": 850, "mas_cercana_name": "drinking_water"}, "reciclaje": {"n_dentro": 4}, "aparcabicis": {"n_dentro": 0, "mas_cercana_m": 1530, "mas_cercana_name": "bicycle_parking"}, "patrimonio": {"n_dentro": 0, "mas_cercana_m": 1603, "mas_cercana_name": "viewpoint"}}, "renta": {"2015": 12250, "2016": 12950, "2017": 13650, "2018": 15750, "2019": 16450, "2020": 15750, "2021": 17150, "2022": 17850, "2023": 19250}, "vft": {"n_vfts": 10, "n_plazas": 43, "viviendas_total": 822, "viviendas_fuente": "censo2021", "ratio_vft_pct": 1.22, "serie": {"2015": 0, "2016": 0, "2017": 1, "2018": 1, "2019": 2, "2020": 2, "2021": 2, "2022": 3, "2023": 3, "2024": 9, "2025": 9}}, "renta_med_uc": {"2015": 12250, "2016": 12950, "2017": 13650, "2018": 15750, "2019": 16450, "2020": 15750, "2021": 17150, "2022": 17850, "2023": 19250}, "renta_hogar": {"2015": 23410, "2016": 24172, "2017": 25329, "2018": 27097, "2019": 27898, "2020": 27901, "2021": 29375, "2022": 30997, "2023": 33727}, "renta_persona": {"2015": 9677, "2016": 10122, "2017": 10579, "2018": 11401, "2019": 11913, "2020": 11903, "2021": 12661, "2022": 13367, "2023": 14547}}, "geometry": {"type": "MultiPolygon", "coordinates": [[[[-3.56808617343647, 37.16268771952612], [-3.567883600575743, 37.16286821987525], [-3.567358242543127, 37.16304824923258], [-3.567053767681292, 37.16311627267644], [-3.566527250887889, 37.16314093754715], [-3.566028081056447, 37.16312116625428], [-3.566004551780995, 37.163118010137765], [-3.565992514083803, 37.16311832903897], [-3.565705016505917, 37.163121357680524], [-3.565464230490361, 37.16308488487314], [-3.565175701108922, 37.163012098979316], [-3.565086011220474, 37.16298911627161], [-3.5649938737543, 37.16296625784069], [-3.56487285087504, 37.16293938154425], [-3.564854144966345, 37.162933566495916], [-3.564852159880996, 37.162933188353044], [-3.564819266327694, 37.16292710199406], [-3.564786220644212, 37.162921760912496], [-3.564741914202812, 37.16291595066979], [-3.564708438205257, 37.162912566767204], [-3.564674608924835, 37.16291014093051], [-3.564629793503824, 37.162907825118744], [-3.564595878419007, 37.16290673374955], [-3.564573457523957, 37.162906452961955], [-3.564517130420859, 37.16290703137914], [-3.564472005825946, 37.16290857590048], [-3.564427180213577, 37.16291094737293], [-3.564413785273373, 37.16291201173111], [-3.564382504065148, 37.16291448633908], [-3.564337811813922, 37.16291888981367], [-3.564237787988586, 37.16293067784084], [-3.564160229072665, 37.162941700812965], [-3.564027842589029, 37.16296261622322], [-3.563851811355223, 37.16299175175524], [-3.563708961798443, 37.163016506104285], [-3.563620856662659, 37.163030787895686], [-3.563576643197712, 37.16303749730773], [-3.563521039580672, 37.163044516865725], [-3.563476529045233, 37.16304914089764], [-3.563431690925176, 37.1630528776838], [-3.563398029383419, 37.1630548450407], [-3.563375616668066, 37.16305567181597], [-3.563319424751729, 37.16305566400893], [-3.563285739653812, 37.163054457594534], [-3.563263310891064, 37.16305312195125], [-3.563229837073784, 37.163050031479095], [-3.563196591405691, 37.163045812253976], [-3.563163429294383, 37.16304071014568], [-3.563119570453603, 37.1630329816809], [-3.563076023804165, 37.16302406546587], [-3.563043632970432, 37.16301665205927], [-3.563000648158792, 37.16300603850325], [-3.562958007423177, 37.162994739129736], [-3.562905071631071, 37.16297953958189], [-3.562821331351712, 37.16295364690345], [-3.562676091184639, 37.16290511891816], [-3.562447227795617, 37.162830475507896], [-3.562333317237153, 37.16279217358802], [-3.562302055915985, 37.16278213152566], [-3.562249464463198, 37.162766244980745], [-3.562196527199719, 37.162750806249065], [-3.562153383583659, 37.16274000474371], [-3.562109884631141, 37.16273140794518], [-3.562054392888402, 37.16272310327786], [-3.562009767573566, 37.1627175360029], [-3.561965122723884, 37.16271313251932], [-3.561931405961177, 37.16271066840754], [-3.561875192866202, 37.16270761326165], [-3.561830247390376, 37.16270595954058], [-3.561774168968682, 37.162705121167896], [-3.5617066572678, 37.16270560704315], [-3.561650612774331, 37.162707070643044], [-3.561583305479631, 37.16271006679741], [-3.561437621857084, 37.16271958004451], [-3.561033752020148, 37.16275386764539], [-3.560511674962028, 37.16279249713018], [-3.560478194075126, 37.16279452049312], [-3.560455848413594, 37.162795270680746], [-3.560321235774983, 37.16279851139461], [-3.560254049143467, 37.16279956279162], [-3.560175625685977, 37.16279956755131], [-3.560119749322944, 37.16279864541276], [-3.560052839580761, 37.16279600953612], [-3.559985821836286, 37.162791710135785], [-3.559908044420482, 37.1627853928065], [-3.559841308827944, 37.162778879038484], [-3.559752818486107, 37.162768479267584], [-3.559675671375413, 37.162757669804336], [-3.559587825215929, 37.16274374236848], [-3.55950034351477, 37.16272883151505], [-3.559435158930684, 37.162716514151654], [-3.559359339369803, 37.16270075400059], [-3.559319873965736, 37.16269154311104], [-3.559284334017481, 37.162683142074975], [-3.558779752712165, 37.162560262892335], [-3.558617834842723, 37.16252081721164], [-3.55573468194765, 37.161787623108495], [-3.556550608155551, 37.15996281609621], [-3.557431489557628, 37.1602753717956], [-3.55820944485522, 37.16038892712817], [-3.559529164510315, 37.16066212163263], [-3.559647131867816, 37.16052887842645], [-3.560833883611784, 37.160802951235006], [-3.561583215212385, 37.16095791326561], [-3.562751043194385, 37.16116372445463], [-3.563477568800626, 37.161213115387255], [-3.564204147101292, 37.1612625016108], [-3.564753723582996, 37.16118943985088], [-3.566095297019891, 37.16109499408702], [-3.567019910870431, 37.161143418697314], [-3.567680426209123, 37.16119309966992], [-3.568363411909888, 37.16129549971369], [-3.569510008588524, 37.16160705392472], [-3.570943087579265, 37.16197001518532], [-3.57178046714305, 37.162124493765596], [-3.572882462265947, 37.162348130583055], [-3.573522292820207, 37.16257399470545], [-3.574403677448317, 37.16272823720777], [-3.575455308588333, 37.16293326736083], [-3.576129343521564, 37.16322603385008], [-3.576315188194101, 37.16326229245035], [-3.576485854665698, 37.16329478821311], [-3.57664910025967, 37.16332581990065], [-3.576758708025382, 37.16334613240451], [-3.576841162129206, 37.1633605375661], [-3.576923933735672, 37.16337388647989], [-3.577105476899587, 37.16340202508558], [-3.577133791571501, 37.16340641224982], [-3.577470797118025, 37.16345815987128], [-3.577489962143027, 37.16346111323044], [-3.577785662251621, 37.16350708401266], [-3.577799977198406, 37.16350926322462], [-3.577813316719479, 37.1635112876421], [-3.57782815030854, 37.16351353823709], [-3.577970409928971, 37.163535165103], [-3.578136594555998, 37.16355872487656], [-3.578194178050895, 37.163568378327845], [-3.578207964262949, 37.163570636689606], [-3.578284404801044, 37.16358523694557], [-3.578382564912611, 37.1636048601459], [-3.578431291552698, 37.163615440085906], [-3.578485319934034, 37.16362797180909], [-3.578494703353899, 37.16363036430531], [-3.578544247811353, 37.163642729496374], [-3.578618632048574, 37.16366311668278], [-3.578665173829398, 37.16367666380415], [-3.578703316089626, 37.163687754130684], [-3.57878208846001, 37.16371197870196], [-3.579012846796027, 37.16378440343004], [-3.57921496763848, 37.16384923001637], [-3.579274118857152, 37.16386812279694], [-3.579465779930871, 37.16392819919649], [-3.579625366210005, 37.16397822375516], [-3.579766464047984, 37.16402319062484], [-3.579883473671631, 37.16406107297067], [-3.580037939223525, 37.16411095526792], [-3.580085045237486, 37.16412604858275], [-3.580325364437498, 37.164203107641534], [-3.580467212798001, 37.16424963844195], [-3.580533302488533, 37.16427130087562], [-3.580558002078142, 37.1642248656683], [-3.580926648665393, 37.16434466226341], [-3.581317655775042, 37.16447119869841], [-3.581375141362628, 37.16448939640049], [-3.581607157331611, 37.16456289607256], [-3.581985522942279, 37.16468858642128], [-3.582252528551086, 37.164782565073686], [-3.582258536789, 37.16478468089719], [-3.582246125105944, 37.16483170869514], [-3.582247418120845, 37.164832149439114], [-3.582249269879777, 37.164832748789316], [-3.58224763993049, 37.164833901582355], [-3.5822092607589, 37.1651767764361], [-3.582000738416327, 37.16559342329015], [-3.581952004794986, 37.16557907789044], [-3.581324702320609, 37.16539418501768], [-3.581312544794416, 37.16539066066978], [-3.581175352573887, 37.165350201563626], [-3.580927498922343, 37.1652813217856], [-3.580763280827807, 37.16523569351954], [-3.580521484938363, 37.16516853553176], [-3.580099261971753, 37.16505115884987], [-3.579604137402482, 37.164913624863736], [-3.579585482948576, 37.164905170779605], [-3.579577206201687, 37.16490613069311], [-3.579368743049584, 37.16484820536514], [-3.579147198474346, 37.16478664693722], [-3.579028338465897, 37.164753608952466], [-3.578778624393725, 37.164679379401], [-3.578671585647886, 37.16464475003], [-3.578316919833037, 37.164559254185725], [-3.578042726478745, 37.16449313259325], [-3.577578202284741, 37.16438108131269], [-3.577107998057964, 37.16426765868697], [-3.576788681481126, 37.164191193954196], [-3.5764141872207, 37.164102944064766], [-3.575961798525484, 37.16399688574118], [-3.575681997073444, 37.16393257521151], [-3.575612018741939, 37.163881944256104], [-3.575126239829842, 37.16380962587581], [-3.574071499225767, 37.16363724783674], [-3.573544069008569, 37.163551017719094], [-3.572794580129464, 37.16342149698906], [-3.572211297069551, 37.16326901523811], [-3.571350393533332, 37.16307350852651], [-3.570600239969159, 37.16285519760788], [-3.569960666157554, 37.16259204782822], [-3.569238937685616, 37.16246238543647], [-3.568684177368562, 37.162420685287906], [-3.568158973135143, 37.16262285147981], [-3.56808617343647, 37.16268771952612]]]]}}, {"type": "Feature", "properties": {"CUSEC": "1808709007", "CDIS": "09", "CSEC": "007", "NMUN": "Granada", "poblaciones": {"2015": 1669, "2016": 1660, "2017": 1665, "2018": 1648, "2019": 1638, "2020": 1642, "2021": 1648, "2022": 1605, "2023": 1583, "2024": 1597, "2025": 1587}, "superficie_verde_m2": 242, "estacion_cercana": {"name": "Granada Palacio de Congresos", "distancia_m": 1118}, "superficie_verde_desglose": {"parques": 242, "jardines": 0, "arbolado": 0}, "centroide": [-3.585883, 37.166207], "equipamientos": {"sanidad": {"n_dentro": 2}, "educacion": {"n_dentro": 1}, "agua": {"n_dentro": 0, "mas_cercana_m": 136, "mas_cercana_name": "drinking_water"}, "reciclaje": {"n_dentro": 0, "mas_cercana_m": 287, "mas_cercana_name": "recycling"}, "aparcabicis": {"n_dentro": 1}, "patrimonio": {"n_dentro": 0, "mas_cercana_m": 321, "mas_cercana_name": "Casa Molino de Ángel Ganivet"}}, "renta": {"2015": 15750, "2016": 16450, "2017": 16450, "2018": 17150, "2019": 17850, "2020": 17850, "2021": 19250, "2022": 20650, "2023": 21350}, "vft": {"n_vfts": 11, "n_plazas": 60, "viviendas_total": 940, "viviendas_fuente": "censo2021", "ratio_vft_pct": 1.17, "serie": {"2015": 0, "2016": 0, "2017": 1, "2018": 3, "2019": 3, "2020": 4, "2021": 4, "2022": 5, "2023": 5, "2024": 11, "2025": 11}}, "renta_med_uc": {"2015": 15750, "2016": 16450, "2017": 16450, "2018": 17150, "2019": 17850, "2020": 17850, "2021": 19250, "2022": 20650, "2023": 21350}, "renta_hogar": {"2015": 26615, "2016": 27819, "2017": 27937, "2018": 29251, "2019": 30341, "2020": 31063, "2021": 31032, "2022": 32948, "2023": 35563}, "renta_persona": {"2015": 11786, "2016": 12176, "2017": 12192, "2018": 13029, "2019": 13587, "2020": 13814, "2021": 14068, "2022": 15202, "2023": 16566}}, "geometry": {"type": "MultiPolygon", "coordinates": [[[[-3.582000738416327, 37.16559342329015], [-3.5822092607589, 37.1651767764361], [-3.58224763993049, 37.164833901582355], [-3.582249269879777, 37.164832748789316], [-3.582247418120845, 37.164832149439114], [-3.582246125105944, 37.16483170869514], [-3.582258536789, 37.16478468089719], [-3.582372410842323, 37.164824757578366], [-3.582502007100378, 37.16487038614355], [-3.582595377714041, 37.164903248488606], [-3.582663818677581, 37.164927336468665], [-3.582699083252801, 37.16493827739838], [-3.582734075022942, 37.16494742586285], [-3.583344019844986, 37.165107166407], [-3.583543284446794, 37.165159352015124], [-3.583692367325162, 37.16519838418167], [-3.583938786302013, 37.16526291235373], [-3.584076448301418, 37.165298971591206], [-3.584113086839917, 37.16530545328672], [-3.58436017124539, 37.16534586832079], [-3.584513782659861, 37.16537099638332], [-3.584910141875069, 37.16543583389544], [-3.58513627917077, 37.16547282169614], [-3.585268569920038, 37.16549447096697], [-3.585510163389077, 37.165533986775934], [-3.585932689294216, 37.165603104848174], [-3.586337728938055, 37.16566935583038], [-3.58666946509269, 37.16572361730064], [-3.586888211524518, 37.16575938178101], [-3.586959319523636, 37.16577283911696], [-3.58726885968723, 37.16583260014456], [-3.587425561175722, 37.16586322480522], [-3.587454907472128, 37.16587264413605], [-3.587610515769606, 37.16592265958154], [-3.587709513444176, 37.16595447589491], [-3.587779650141955, 37.16597700208021], [-3.587806035395256, 37.165988021581455], [-3.587868720259634, 37.16602202800986], [-3.587913494437407, 37.166046324093664], [-3.587982112963201, 37.16608353255912], [-3.588047710516141, 37.16611911541887], [-3.588073407477063, 37.16613650669984], [-3.58811930847932, 37.16616884305137], [-3.588164745183334, 37.16620085177517], [-3.588214287175996, 37.16623573451417], [-3.58827108873058, 37.16627573722896], [-3.588325599282731, 37.16631805347772], [-3.58838780540759, 37.16637305571919], [-3.58845093049319, 37.1664289006842], [-3.588515807685111, 37.16648626930114], [-3.588581677372572, 37.16654452083563], [-3.588656909158484, 37.16661102776323], [-3.58884018919926, 37.16677307490378], [-3.588983829554482, 37.16690061019783], [-3.58912792781601, 37.167030337956774], [-3.589266769319025, 37.1671553502884], [-3.589396304209127, 37.167271949061245], [-3.589374452776237, 37.167295133697976], [-3.589302494556393, 37.16737129427468], [-3.588918887448828, 37.16777760111141], [-3.587752385862765, 37.167276668960675], [-3.587101183677273, 37.167088892136555], [-3.58696919565843, 37.16705088744341], [-3.586606859161715, 37.166948191716756], [-3.586574913089572, 37.166939083412416], [-3.586396323165098, 37.16688857189774], [-3.586302153374424, 37.16686082659103], [-3.585980299438936, 37.1667659926052], [-3.585565545888688, 37.166643779651004], [-3.585205654170903, 37.166537745861056], [-3.58473305969575, 37.16639855370206], [-3.58447964313815, 37.166323817258025], [-3.584275192973667, 37.16626363991828], [-3.58397185694001, 37.166174270812995], [-3.583356501092912, 37.16599294451239], [-3.583160953414614, 37.16593531385595], [-3.583040868030843, 37.16589995941946], [-3.582473718757773, 37.165732828223405], [-3.582264649269002, 37.16567117827671], [-3.582000738416327, 37.16559342329015]]]]}}, {"type": "Feature", "properties": {"CUSEC": "1808709008", "CDIS": "09", "CSEC": "008", "NMUN": "Granada", "poblaciones": {"2015": 1932, "2016": 1997, "2017": 2118, "2018": 2135, "2019": 2198, "2020": 2169, "2021": 2267, "2022": 2260, "2023": 2297, "2024": 2251, "2025": 2267}, "superficie_verde_m2": 34936, "estacion_cercana": {"name": "Granada Palacio de Congresos", "distancia_m": 1924}, "superficie_verde_desglose": {"parques": 32679, "jardines": 2115, "arbolado": 142}, "centroide": [-3.580403, 37.156475], "equipamientos": {"sanidad": {"n_dentro": 1}, "educacion": {"n_dentro": 0, "mas_cercana_m": 541, "mas_cercana_name": "Escuela Infantil Asunción Linares"}, "agua": {"n_dentro": 2}, "reciclaje": {"n_dentro": 66}, "aparcabicis": {"n_dentro": 1}, "patrimonio": {"n_dentro": 0, "mas_cercana_m": 1493, "mas_cercana_name": "Casa Molino de Ángel Ganivet"}}, "renta": {"2015": 21350, "2016": 22050, "2017": 23450, "2018": 24150, "2019": 24150, "2020": 25550, "2021": 26250, "2022": 28350, "2023": 30450}, "vft": {"n_vfts": 8, "n_plazas": 50, "viviendas_total": 968, "viviendas_fuente": "censo2021", "ratio_vft_pct": 0.83, "serie": {"2015": 0, "2016": 0, "2017": 1, "2018": 1, "2019": 2, "2020": 2, "2021": 2, "2022": 2, "2023": 2, "2024": 8, "2025": 8}}, "renta_med_uc": {"2015": 21350, "2016": 22050, "2017": 23450, "2018": 24150, "2019": 24150, "2020": 25550, "2021": 26250, "2022": 28350, "2023": 30450}, "renta_hogar": {"2015": 41062, "2016": 44532, "2017": 46154, "2018": 46782, "2019": 48563, "2020": 49512, "2021": 52525, "2022": 57605, "2023": 56840}, "renta_persona": {"2015": 14686, "2016": 15537, "2017": 16259, "2018": 16684, "2019": 17833, "2020": 17906, "2021": 19187, "2022": 21057, "2023": 21645}}, "geometry": {"type": "MultiPolygon", "coordinates": [[[[-3.585500785047843, 37.161519970207486], [-3.585230168733878, 37.161261843631856], [-3.585005370961678, 37.161058720273424], [-3.584238808298672, 37.160676526265824], [-3.584222810364019, 37.16066854656642], [-3.584092865663556, 37.16060376126593], [-3.583100438370273, 37.16012362004695], [-3.58257213725664, 37.15985818072153], [-3.581675814318987, 37.15942861601583], [-3.581419869287588, 37.15932778504291], [-3.579758838998995, 37.15840742911538], [-3.578582346986971, 37.15775552163963], [-3.578040661425878, 37.157548189524576], [-3.576645031570373, 37.15700993856662], [-3.575575803015692, 37.1565648791228], [-3.574773934889785, 37.1562370017187], [-3.574178596749412, 37.15581333188927], [-3.573583262992648, 37.155389658993606], [-3.572575498394287, 37.15473591177103], [-3.573831000116067, 37.154482369913886], [-3.574094743747739, 37.154465288253796], [-3.574404851267399, 37.15444520677564], [-3.575035383469831, 37.15440441713208], [-3.575710336537208, 37.15430199640284], [-3.576718686638172, 37.15362104852363], [-3.576954576835715, 37.15353874943889], [-3.577460762857672, 37.15346418063003], [-3.577979603718117, 37.1535698392759], [-3.57815977106044, 37.153568962306565], [-3.578721035995172, 37.1533318490207], [-3.580448098504756, 37.152385979488876], [-3.58040666405831, 37.15234125537617], [-3.580793234599261, 37.15222120789324], [-3.581144893173667, 37.15215182987593], [-3.581152329637945, 37.15215882799284], [-3.58156726504852, 37.15247561581804], [-3.581810687246426, 37.15267937130958], [-3.582197585808786, 37.153053244500825], [-3.582304548965829, 37.15315763466731], [-3.5825647593509, 37.15354030836275], [-3.582662425983331, 37.153683562073475], [-3.58275548954714, 37.15382846627341], [-3.582838737607028, 37.153977001758406], [-3.582910969517038, 37.154129593608445], [-3.582982557024275, 37.154282409423985], [-3.583062910984699, 37.15443230567448], [-3.583148230241542, 37.1545805512966], [-3.583230241479954, 37.154729719045314], [-3.583290778976624, 37.154885157140455], [-3.583357140562691, 37.15503932799977], [-3.583447447358397, 37.15518781024476], [-3.583518726193578, 37.15533916694268], [-3.583543042585385, 37.1554991775788], [-3.583537692774256, 37.155663967507984], [-3.583520701602125, 37.155827002022455], [-3.583480229134402, 37.155987074736615], [-3.583449642112789, 37.15614831025733], [-3.583426879137369, 37.15631063941624], [-3.583407575604245, 37.15647324449399], [-3.583395012742437, 37.15663591012919], [-3.583392362261968, 37.156798820823], [-3.58340506271312, 37.1569625708725], [-3.583437966082544, 37.15712322969123], [-3.58355273040196, 37.15739836065378], [-3.583658918261754, 37.15786612276143], [-3.583866625320868, 37.158149256204865], [-3.584074109688097, 37.15840250875201], [-3.584450880770949, 37.15880439912677], [-3.584822753900557, 37.159144516550434], [-3.585619399470926, 37.1597505531076], [-3.585626376951936, 37.15975586216142], [-3.586080468245032, 37.16010138059123], [-3.586115338887242, 37.16012789965972], [-3.586203682412432, 37.16020586787163], [-3.586348462644914, 37.16034597012517], [-3.586665091308864, 37.16085648983752], [-3.586789318514075, 37.16114873785199], [-3.5867889608788, 37.16120373437342], [-3.586788345081216, 37.16130911172609], [-3.586788058336887, 37.16136176874778], [-3.586786360205259, 37.16167302344938], [-3.586808758782993, 37.16185840375014], [-3.586920805235609, 37.16229223252482], [-3.586932632714687, 37.16232156426811], [-3.586944368082841, 37.16235063505871], [-3.586948741848242, 37.162361322091414], [-3.586970824341526, 37.16243801695815], [-3.587057127795558, 37.162738141420895], [-3.587123220868736, 37.16296781655337], [-3.587130287673164, 37.16299248455188], [-3.587147198759015, 37.16302012889182], [-3.587201120238685, 37.16310825351635], [-3.587306468416058, 37.16323699387082], [-3.586919109617472, 37.16312973115981], [-3.586694628726693, 37.162977656116865], [-3.586066382760039, 37.16216392385057], [-3.585696072201494, 37.161706241551954], [-3.585500785047843, 37.161519970207486]]]]}}, {"type": "Feature", "properties": {"CUSEC": "1808709009", "CDIS": "09", "CSEC": "009", "NMUN": "Granada", "poblaciones": {"2015": 1090, "2016": 1328, "2017": 1354, "2018": 1328, "2019": 1310, "2020": 1279, "2021": 1308, "2022": 1280, "2023": 1305, "2024": 1325, "2025": 1373}, "superficie_verde_m2": 47173, "estacion_cercana": {"name": "Granada Palacio de Congresos", "distancia_m": 1227}, "superficie_verde_desglose": {"parques": 34614, "jardines": 3806, "arbolado": 8753}, "centroide": [-3.584879, 37.164052], "equipamientos": {"sanidad": {"n_dentro": 0, "mas_cercana_m": 222, "mas_cercana_name": "Centro de Salud Carretera de la Sierra"}, "educacion": {"n_dentro": 1}, "agua": {"n_dentro": 5}, "reciclaje": {"n_dentro": 13}, "aparcabicis": {"n_dentro": 1}, "patrimonio": {"n_dentro": 0, "mas_cercana_m": 566, "mas_cercana_name": "Casa Molino de Ángel Ganivet"}}, "renta": {"2015": 14350, "2016": 15750, "2017": 16450, "2018": 16450, "2019": 17150, "2020": 17150, "2021": 18550, "2022": 19950, "2023": 21350}, "vft": {"n_vfts": 19, "n_plazas": 87, "viviendas_total": 696, "viviendas_fuente": "censo2021", "ratio_vft_pct": 2.73, "serie": {"2015": 0, "2016": 0, "2017": 1, "2018": 3, "2019": 7, "2020": 9, "2021": 10, "2022": 10, "2023": 12, "2024": 16, "2025": 18}}, "renta_med_uc": {"2015": 14350, "2016": 15750, "2017": 16450, "2018": 16450, "2019": 17150, "2020": 17150, "2021": 18550, "2022": 19950, "2023": 21350}, "renta_hogar": {"2015": 25866, "2016": 27922, "2017": 29211, "2018": 30354, "2019": 31085, "2020": 31476, "2021": 33508, "2022": 35062, "2023": 39064}, "renta_persona": {"2015": 9956, "2016": 10926, "2017": 11364, "2018": 11946, "2019": 12507, "2020": 12859, "2021": 13873, "2022": 14614, "2023": 16742}}, "geometry": {"type": "MultiPolygon", "coordinates": [[[[-3.577813316719479, 37.1635112876421], [-3.57801878244365, 37.16304562729348], [-3.578054613516688, 37.16305499209578], [-3.57862490570355, 37.163201269855115], [-3.578944406944011, 37.16328556828258], [-3.579028026199805, 37.163309009129435], [-3.579117495350395, 37.163318112418295], [-3.57928742182309, 37.16332682146827], [-3.579621369377257, 37.16335142307754], [-3.579987949862016, 37.1633567848892], [-3.580351495609804, 37.16335500507187], [-3.580726833873162, 37.163336471421104], [-3.581474218034423, 37.16325887239453], [-3.581789829676195, 37.16322393349602], [-3.582123448280063, 37.163205600235074], [-3.582299280028077, 37.16320712150297], [-3.582439608372468, 37.1632422068685], [-3.582591875397003, 37.16327961759261], [-3.582711419035507, 37.16332434438693], [-3.582820191449519, 37.16313062659348], [-3.583031719593211, 37.162736065840534], [-3.583294233621057, 37.16238418318512], [-3.583386058987755, 37.162312181219356], [-3.583391156456927, 37.16220006274541], [-3.583282343138133, 37.16200026098751], [-3.582235275034471, 37.16107884695539], [-3.58227054775362, 37.161015472492174], [-3.582350819610272, 37.16099122776803], [-3.582904315104463, 37.16127947313901], [-3.5832991887707, 37.16147786852247], [-3.583454900072917, 37.161576078142126], [-3.583457303099073, 37.16157323770036], [-3.583817410482898, 37.16182829268356], [-3.583879904681954, 37.161817252659496], [-3.584730920750508, 37.161655647845365], [-3.585500785047843, 37.161519970207486], [-3.585696072201494, 37.161706241551954], [-3.586066382760039, 37.16216392385057], [-3.586694628726693, 37.162977656116865], [-3.586919109617472, 37.16312973115981], [-3.587306468416058, 37.16323699387082], [-3.58735826663571, 37.16330030514514], [-3.587512284431767, 37.16349475988928], [-3.587631157009127, 37.16364501253053], [-3.587910507535153, 37.16397117775805], [-3.58811830404235, 37.164213793754854], [-3.588446304939281, 37.1645967075449], [-3.588527931010641, 37.164691396805615], [-3.588708631947546, 37.16490115486754], [-3.589025154294845, 37.165268615342924], [-3.589185204869771, 37.165454330261426], [-3.589483753220378, 37.165800891418854], [-3.589410485047444, 37.16585379333562], [-3.589875968888425, 37.16638636799465], [-3.590059096183823, 37.1665958729586], [-3.589801507545631, 37.16684349473807], [-3.58979456988789, 37.16685009960538], [-3.589537381040487, 37.16712243983518], [-3.589396304209127, 37.167271949061245], [-3.589266769319025, 37.1671553502884], [-3.58912792781601, 37.167030337956774], [-3.588983829554482, 37.16690061019783], [-3.58884018919926, 37.16677307490378], [-3.588656909158484, 37.16661102776323], [-3.588581677372572, 37.16654452083563], [-3.588515807685111, 37.16648626930114], [-3.58845093049319, 37.1664289006842], [-3.58838780540759, 37.16637305571919], [-3.588325599282731, 37.16631805347772], [-3.58827108873058, 37.16627573722896], [-3.588214287175996, 37.16623573451417], [-3.588164745183334, 37.16620085177517], [-3.58811930847932, 37.16616884305137], [-3.588073407477063, 37.16613650669984], [-3.588047710516141, 37.16611911541887], [-3.587982112963201, 37.16608353255912], [-3.587913494437407, 37.166046324093664], [-3.587868720259634, 37.16602202800986], [-3.587806035395256, 37.165988021581455], [-3.587779650141955, 37.16597700208021], [-3.587709513444176, 37.16595447589491], [-3.587610515769606, 37.16592265958154], [-3.587454907472128, 37.16587264413605], [-3.587425561175722, 37.16586322480522], [-3.58726885968723, 37.16583260014456], [-3.586959319523636, 37.16577283911696], [-3.586888211524518, 37.16575938178101], [-3.58666946509269, 37.16572361730064], [-3.586337728938055, 37.16566935583038], [-3.585932689294216, 37.165603104848174], [-3.585510163389077, 37.165533986775934], [-3.585268569920038, 37.16549447096697], [-3.58513627917077, 37.16547282169614], [-3.584910141875069, 37.16543583389544], [-3.584513782659861, 37.16537099638332], [-3.58436017124539, 37.16534586832079], [-3.584113086839917, 37.16530545328672], [-3.584076448301418, 37.165298971591206], [-3.583938786302013, 37.16526291235373], [-3.583692367325162, 37.16519838418167], [-3.583543284446794, 37.165159352015124], [-3.583344019844986, 37.165107166407], [-3.582734075022942, 37.16494742586285], [-3.582699083252801, 37.16493827739838], [-3.582663818677581, 37.164927336468665], [-3.582595377714041, 37.164903248488606], [-3.582502007100378, 37.16487038614355], [-3.582372410842323, 37.164824757578366], [-3.582258536789, 37.16478468089719], [-3.582252528551086, 37.164782565073686], [-3.581985522942279, 37.16468858642128], [-3.581607157331611, 37.16456289607256], [-3.581375141362628, 37.16448939640049], [-3.581317655775042, 37.16447119869841], [-3.580926648665393, 37.16434466226341], [-3.580558002078142, 37.1642248656683], [-3.580533302488533, 37.16427130087562], [-3.580467212798001, 37.16424963844195], [-3.580325364437498, 37.164203107641534], [-3.580085045237486, 37.16412604858275], [-3.580037939223525, 37.16411095526792], [-3.579883473671631, 37.16406107297067], [-3.579766464047984, 37.16402319062484], [-3.579625366210005, 37.16397822375516], [-3.579465779930871, 37.16392819919649], [-3.579274118857152, 37.16386812279694], [-3.57921496763848, 37.16384923001637], [-3.579012846796027, 37.16378440343004], [-3.57878208846001, 37.16371197870196], [-3.578703316089626, 37.163687754130684], [-3.578665173829398, 37.16367666380415], [-3.578618632048574, 37.16366311668278], [-3.578544247811353, 37.163642729496374], [-3.578494703353899, 37.16363036430531], [-3.578485319934034, 37.16362797180909], [-3.578431291552698, 37.163615440085906], [-3.578382564912611, 37.1636048601459], [-3.578284404801044, 37.16358523694557], [-3.578207964262949, 37.163570636689606], [-3.578194178050895, 37.163568378327845], [-3.578136594555998, 37.16355872487656], [-3.577970409928971, 37.163535165103], [-3.57782815030854, 37.16351353823709], [-3.577813316719479, 37.1635112876421]]]]}}, {"type": "Feature", "properties": {"CUSEC": "1808709010", "CDIS": "09", "CSEC": "010", "NMUN": "Granada", "poblaciones": {"2015": 1513, "2016": 1606, "2017": 1666, "2018": 1761, "2019": 1831, "2020": 1887, "2021": 1954, "2022": 1935, "2023": 1972, "2024": 1919, "2025": 1947}, "superficie_verde_m2": 118202, "estacion_cercana": {"name": "Granada Palacio de Congresos", "distancia_m": 2522}, "superficie_verde_desglose": {"parques": 40822, "jardines": 637, "arbolado": 76744}, "centroide": [-3.571918, 37.157968], "equipamientos": {"sanidad": {"n_dentro": 1}, "educacion": {"n_dentro": 2}, "agua": {"n_dentro": 4}, "reciclaje": {"n_dentro": 41}, "aparcabicis": {"n_dentro": 0, "mas_cercana_m": 1095, "mas_cercana_name": "bicycle_parking"}, "patrimonio": {"n_dentro": 0, "mas_cercana_m": 1774, "mas_cercana_name": "Mirador del Barranco del Abogado"}}, "renta": {"2015": 19950, "2016": 19250, "2017": 19250, "2018": 20650, "2019": 22050, "2020": 22050, "2021": 23450, "2022": 24150, "2023": 24850}, "vft": {"n_vfts": 8, "n_plazas": 42, "viviendas_total": 911, "viviendas_fuente": "censo2021", "ratio_vft_pct": 0.88, "serie": {"2015": 0, "2016": 1, "2017": 1, "2018": 1, "2019": 4, "2020": 4, "2021": 5, "2022": 5, "2023": 6, "2024": 8, "2025": 8}}, "renta_med_uc": {"2015": 19950, "2016": 19250, "2017": 19250, "2018": 20650, "2019": 22050, "2020": 22050, "2021": 23450, "2022": 24150, "2023": 24850}, "renta_hogar": {"2015": 33115, "2016": 33000, "2017": 34799, "2018": 36300, "2019": 38523, "2020": 39366, "2021": 40786, "2022": 42879, "2023": 43860}, "renta_persona": {"2015": 13158, "2016": 12985, "2017": 13350, "2018": 13638, "2019": 14443, "2020": 14728, "2021": 15119, "2022": 15874, "2023": 16571}}, "geometry": {"type": "MultiPolygon", "coordinates": [[[[-3.56372494773008, 37.1585427447405], [-3.563951183246013, 37.15858601670372], [-3.563481596480832, 37.157524590111336], [-3.563558297946213, 37.157244784695045], [-3.563703255288698, 37.1570457695056], [-3.564028604910055, 37.156881994400884], [-3.568245527485678, 37.15603259356558], [-3.571773233107979, 37.15489791793212], [-3.572575498394287, 37.15473591177103], [-3.573583262992648, 37.155389658993606], [-3.574178596749412, 37.15581333188927], [-3.574773934889785, 37.1562370017187], [-3.575575803015692, 37.1565648791228], [-3.576645031570373, 37.15700993856662], [-3.578040661425878, 37.157548189524576], [-3.578582346986971, 37.15775552163963], [-3.579758838998995, 37.15840742911538], [-3.579455722467711, 37.15882922828658], [-3.578912402970195, 37.15948059676252], [-3.578607162953866, 37.16009264043224], [-3.578275611016977, 37.16038045604607], [-3.577942893415213, 37.1605156377301], [-3.577418162160078, 37.16048003635177], [-3.577083267015061, 37.16032902891554], [-3.577035446158158, 37.160310181708574], [-3.576088434925865, 37.16117338010387], [-3.57501050312825, 37.16049174287865], [-3.563744543509592, 37.158618808692246], [-3.56372494773008, 37.1585427447405]]]]}}, {"type": "Feature", "properties": {"CUSEC": "1808701021", "CDIS": "01", "CSEC": "021", "NMUN": "Granada", "poblaciones": {"2015": 1371, "2016": 1329, "2017": 1353, "2018": 1344, "2019": 1350, "2020": 1297, "2021": 1305, "2022": 1892, "2023": 1857, "2024": 1823, "2025": 1877}, "superficie_verde_m2": 27, "estacion_cercana": {"name": "Granada Norte", "distancia_m": 1823}, "superficie_verde_desglose": {"parques": 0, "jardines": 27, "arbolado": 0}, "centroide": [-3.612859, 37.179675], "equipamientos": {"sanidad": {"n_dentro": 5}, "educacion": {"n_dentro": 0, "mas_cercana_m": 206, "mas_cercana_name": "Colegio Santo Tomás de Villanueva"}, "agua": {"n_dentro": 0, "mas_cercana_m": 217, "mas_cercana_name": "drinking_water"}, "reciclaje": {"n_dentro": 27}, "aparcabicis": {"n_dentro": 2}, "patrimonio": {"n_dentro": 0, "mas_cercana_m": 1051, "mas_cercana_name": "Casa-Museo Federico García Lorca"}}, "renta": {"2015": 16450, "2016": 17150, "2017": 17150, "2018": 17150, "2019": 19250, "2020": 17150, "2021": 19250, "2022": 19950, "2023": 21350}, "vft": {"n_vfts": 20, "n_plazas": 98, "viviendas_total": 1014, "viviendas_fuente": "censo2021", "ratio_vft_pct": 1.97, "serie": {"2015": 0, "2016": 3, "2017": 3, "2018": 3, "2019": 5, "2020": 5, "2021": 6, "2022": 6, "2023": 8, "2024": 20, "2025": 20}}, "renta_med_uc": {"2015": 16450, "2016": 17150, "2017": 17150, "2018": 17150, "2019": 19250, "2020": 17150, "2021": 19250, "2022": 19950, "2023": 21350}, "renta_hogar": {"2015": 30146, "2016": 30198, "2017": 30202, "2018": 31640, "2019": 32543, "2020": 31468, "2021": 31380, "2022": 32890, "2023": 35094}, "renta_persona": {"2015": 12036, "2016": 12304, "2017": 12321, "2018": 13038, "2019": 13798, "2020": 13674, "2021": 14406, "2022": 15490, "2023": 16834}}, "geometry": {"type": "MultiPolygon", "coordinates": [[[[-3.612963666614822, 37.180247253134915], [-3.612868041525651, 37.1800855712457], [-3.612448702679731, 37.180249911578144], [-3.612377196155202, 37.180277936169084], [-3.612081410670126, 37.180396927958185], [-3.612016193732364, 37.1802892715352], [-3.612014025626744, 37.180285702367364], [-3.612011284376139, 37.18028118878697], [-3.611993724712102, 37.18025225886465], [-3.611811507131597, 37.179952638374466], [-3.611602454972045, 37.17960876207124], [-3.611316782935772, 37.17913896638515], [-3.611293053056567, 37.17909987693779], [-3.610957865921834, 37.1785486101812], [-3.610648959316022, 37.178040554485], [-3.610644964521571, 37.17803409399306], [-3.611176711536321, 37.17820378243662], [-3.61189332934477, 37.178439138326155], [-3.612516726983754, 37.178643885148176], [-3.614194633097444, 37.179194775095766], [-3.613856923321827, 37.17985202708329], [-3.614664238424711, 37.18011619708637], [-3.614600031865423, 37.1802387908284], [-3.614581331235498, 37.18027438952316], [-3.614460672238556, 37.180520651697584], [-3.614151020853642, 37.18115276392171], [-3.614004264697493, 37.18119960235422], [-3.614209728202802, 37.18153831522362], [-3.613845078288771, 37.181670256433065], [-3.613668154210039, 37.181384893287785], [-3.613525415587347, 37.18115466914291], [-3.613239726269056, 37.18069400055488], [-3.612982842620151, 37.180279591762925], [-3.612963666614822, 37.180247253134915]]]]}}, {"type": "Feature", "properties": {"CUSEC": "1808701016", "CDIS": "01", "CSEC": "016", "NMUN": "Granada", "poblaciones": {"2015": 703, "2016": 676, "2017": 679, "2018": 693, "2019": 682, "2020": 675, "2021": 676, "2022": 1345, "2023": 1349, "2024": 1356, "2025": 1339}, "superficie_verde_m2": 102, "estacion_cercana": {"name": "Granada Palacio de Congresos", "distancia_m": 1498}, "superficie_verde_desglose": {"parques": 0, "jardines": 102, "arbolado": 0}, "centroide": [-3.608935, 37.176645], "equipamientos": {"sanidad": {"n_dentro": 3}, "educacion": {"n_dentro": 0, "mas_cercana_m": 155, "mas_cercana_name": "Colegio La Asunción"}, "agua": {"n_dentro": 0, "mas_cercana_m": 237, "mas_cercana_name": "drinking_water"}, "reciclaje": {"n_dentro": 6}, "aparcabicis": {"n_dentro": 1}, "patrimonio": {"n_dentro": 0, "mas_cercana_m": 670, "mas_cercana_name": "Casa-Museo Federico García Lorca"}}, "renta": {"2015": 17150, "2016": 18550, "2017": 17150, "2018": 18550, "2019": 18550, "2020": 19250, "2021": 18550, "2022": 19250, "2023": 19950}, "vft": {"n_vfts": 19, "n_plazas": 118, "viviendas_total": 634, "viviendas_fuente": "censo2021", "ratio_vft_pct": 3.0, "serie": {"2015": 0, "2016": 0, "2017": 1, "2018": 4, "2019": 6, "2020": 6, "2021": 6, "2022": 6, "2023": 8, "2024": 18, "2025": 18}}, "renta_med_uc": {"2015": 17150, "2016": 18550, "2017": 17150, "2018": 18550, "2019": 18550, "2020": 19250, "2021": 18550, "2022": 19250, "2023": 19950}, "renta_hogar": {"2015": 31571, "2016": 33515, "2017": 31642, "2018": 32682, "2019": 32736, "2020": 34006, "2021": 30473, "2022": 30107, "2023": 33207}, "renta_persona": {"2015": 13518, "2016": 14559, "2017": 14162, "2018": 14626, "2019": 15143, "2020": 15991, "2021": 14966, "2022": 15285, "2023": 16692}}, "geometry": {"type": "MultiPolygon", "coordinates": [[[[-3.607637922389388, 37.17690398088913], [-3.607786846531277, 37.17658172296397], [-3.608088215796037, 37.17666735404065], [-3.608229212352496, 37.176692403256986], [-3.608363170979201, 37.176690517584625], [-3.608468733647494, 37.17666638224519], [-3.60862179796197, 37.176607538617695], [-3.608238415484074, 37.17596885719989], [-3.608138850927924, 37.175802963062075], [-3.608115663542451, 37.175765164575715], [-3.608089879196719, 37.17572309324374], [-3.607845017566132, 37.17532374023625], [-3.608743201868758, 37.17497086613023], [-3.60906126271371, 37.1754990039072], [-3.609113893733871, 37.17558640375744], [-3.609218102815964, 37.17575951145575], [-3.609224627372456, 37.175770312765536], [-3.609239897982486, 37.17579571238651], [-3.60936397312008, 37.17596895667349], [-3.609475734212333, 37.176124966254285], [-3.60954379088473, 37.17623645405057], [-3.609551993192572, 37.17624995993103], [-3.609570392550458, 37.176279881971425], [-3.60975219790166, 37.17657668689303], [-3.609916678096493, 37.17684532985297], [-3.61006968005962, 37.177094872365885], [-3.610243191298261, 37.177378202659234], [-3.610522810959586, 37.177834592406086], [-3.610420784638491, 37.17787973655674], [-3.609582196143147, 37.17775007478895], [-3.609530199967437, 37.17774208994423], [-3.609228878501427, 37.17770607098808], [-3.609108564471773, 37.17769166226798], [-3.609091146707136, 37.177662653646344], [-3.608820248333165, 37.17758538233512], [-3.60859069721376, 37.177519842517], [-3.607499855467503, 37.17720838836933], [-3.607497297659275, 37.177208306836064], [-3.607637922389388, 37.17690398088913]]]]}}, {"type": "Feature", "properties": {"CUSEC": "1808702020", "CDIS": "02", "CSEC": "020", "NMUN": "Granada", "poblaciones": {"2015": 1200, "2016": 1145, "2017": 1180, "2018": 1180, "2019": 1192, "2020": 1184, "2021": 1216, "2022": 1847, "2023": 1827, "2024": 1795, "2025": 1791}, "superficie_verde_m2": 0, "estacion_cercana": {"name": "Granada Palacio de Congresos", "distancia_m": 404}, "superficie_verde_desglose": {"parques": 0, "jardines": 0, "arbolado": 0}, "centroide": [-3.598552, 37.162411], "equipamientos": {"sanidad": {"n_dentro": 1}, "educacion": {"n_dentro": 2}, "agua": {"n_dentro": 0, "mas_cercana_m": 300, "mas_cercana_name": "drinking_water"}, "reciclaje": {"n_dentro": 0, "mas_cercana_m": 190, "mas_cercana_name": "recycling"}, "aparcabicis": {"n_dentro": 0, "mas_cercana_m": 208, "mas_cercana_name": "bicycle_parking"}, "patrimonio": {"n_dentro": 0, "mas_cercana_m": 500, "mas_cercana_name": "Helicóptero Augusta Bell"}}, "renta": {"2015": 13650, "2016": 14350, "2017": 13650, "2018": 15050, "2019": 15050, "2020": 15050, "2021": 15750, "2022": 16450, "2023": 17150}, "vft": {"n_vfts": 21, "n_plazas": 96, "viviendas_total": 731, "viviendas_fuente": "censo2021", "ratio_vft_pct": 2.87, "serie": {"2015": 0, "2016": 0, "2017": 2, "2018": 3, "2019": 6, "2020": 6, "2021": 8, "2022": 11, "2023": 14, "2024": 20, "2025": 21}}, "renta_med_uc": {"2015": 13650, "2016": 14350, "2017": 13650, "2018": 15050, "2019": 15050, "2020": 15050, "2021": 15750, "2022": 16450, "2023": 17150}, "renta_hogar": {"2015": 25766, "2016": 25984, "2017": 26838, "2018": 27547, "2019": 27773, "2020": 27692, "2021": 27251, "2022": 29179, "2023": 30793}, "renta_persona": {"2015": 11173, "2016": 11530, "2017": 11607, "2018": 11985, "2019": 12307, "2020": 12279, "2021": 12384, "2022": 13319, "2023": 14378}}, "geometry": {"type": "MultiPolygon", "coordinates": [[[[-3.596641283150981, 37.16297458785041], [-3.596652446481909, 37.16281863368213], [-3.596669798807342, 37.16257600531262], [-3.596498881408493, 37.162553440936975], [-3.59655656693204, 37.162329386714624], [-3.59656244472932, 37.162302698075614], [-3.596568413187541, 37.16227536447531], [-3.596622784855876, 37.162026813186266], [-3.59668669264188, 37.161734887818135], [-3.59670871642489, 37.161634536182675], [-3.596781302063352, 37.161302576216734], [-3.596891092391415, 37.16080065005514], [-3.597274198843674, 37.16085117170327], [-3.597313705320783, 37.16085641707319], [-3.597688683159491, 37.16090581553634], [-3.597857426476244, 37.1609280421417], [-3.598121133182629, 37.16096276588242], [-3.598184822037001, 37.1609719136817], [-3.598258484492921, 37.16098241819109], [-3.598366045501673, 37.1609978264105], [-3.59890644750683, 37.16107533156168], [-3.599172328042851, 37.16111351688864], [-3.599470682890476, 37.16115633282555], [-3.599699038934499, 37.16118907209717], [-3.599859289538735, 37.1612318683198], [-3.600080985148889, 37.161320302319965], [-3.600302131170789, 37.16144100447372], [-3.600506090509036, 37.16158513067158], [-3.600646871533455, 37.16173767947253], [-3.600838260968363, 37.16204801572307], [-3.60098167933412, 37.16228041068871], [-3.600994811389884, 37.162301703777594], [-3.601056646074116, 37.16240279820177], [-3.601401501197497, 37.16296620949478], [-3.601061027988861, 37.16318305346553], [-3.600431888329539, 37.16364999111365], [-3.600028333316721, 37.16336934203396], [-3.599727079867885, 37.16321725141636], [-3.59940901244254, 37.16305664567124], [-3.598821088068458, 37.162871385738306], [-3.598753768782499, 37.162861256073896], [-3.598672660342981, 37.16304490700592], [-3.598665660607828, 37.16306063582327], [-3.59853811594816, 37.163257446477836], [-3.598500584761504, 37.1632934803887], [-3.598205350570666, 37.16357675558259], [-3.598181780993633, 37.16359939615298], [-3.598088965598296, 37.16367066004345], [-3.597802055693156, 37.163890790284626], [-3.597609363771916, 37.1640384865044], [-3.597238775407977, 37.16432274770873], [-3.597082630173521, 37.16444253167077], [-3.596922571282877, 37.164554393766096], [-3.59681255585196, 37.164615057141276], [-3.596733824245335, 37.164658463242375], [-3.59673142551552, 37.16455535463977], [-3.596703956983906, 37.164160213518294], [-3.596685687998441, 37.163895833382696], [-3.596669157227076, 37.16365640888363], [-3.596653023704658, 37.16342366178134], [-3.596648681773694, 37.16336132446178], [-3.596631407202338, 37.16311163667948], [-3.596633943109244, 37.16307675306776], [-3.596641283150981, 37.16297458785041]]]]}}, {"type": "Feature", "properties": {"CUSEC": "1808703011", "CDIS": "03", "CSEC": "011", "NMUN": "Granada", "poblaciones": {"2015": 753, "2016": 730, "2017": 732, "2018": 707, "2019": 719, "2020": 708, "2021": 706, "2022": 1519, "2023": 1526, "2024": 1500, "2025": 1487}, "superficie_verde_m2": 288, "estacion_cercana": {"name": "Granada Norte", "distancia_m": 1066}, "superficie_verde_desglose": {"parques": 0, "jardines": 0, "arbolado": 288}, "centroide": [-3.605639, 37.203906], "equipamientos": {"sanidad": {"n_dentro": 1}, "educacion": {"n_dentro": 0, "mas_cercana_m": 423, "mas_cercana_name": "Instituto de Educación Secundaria La Paz"}, "agua": {"n_dentro": 1}, "reciclaje": {"n_dentro": 0, "mas_cercana_m": 822, "mas_cercana_name": "recycling"}, "aparcabicis": {"n_dentro": 0, "mas_cercana_m": 394, "mas_cercana_name": "bicycle_parking"}, "patrimonio": {"n_dentro": 0, "mas_cercana_m": 1408, "mas_cercana_name": "Mecánicas de la memoria. Diario Patria."}}, "renta": {"2015": 5950, "2016": 3850, "2017": 5250, "2018": 5250, "2019": 5250, "2020": 5950, "2021": 7350, "2022": 7350, "2023": 8050}, "vft": {"n_vfts": 0, "n_plazas": 0, "viviendas_total": 415, "viviendas_fuente": "censo2021", "ratio_vft_pct": 0.0, "serie": {"2015": 0, "2016": 0, "2017": 0, "2018": 0, "2019": 0, "2020": 0, "2021": 0, "2022": 0, "2023": 0, "2024": 0, "2025": 0}}, "renta_med_uc": {"2015": 5950, "2016": 3850, "2017": 5250, "2018": 5250, "2019": 5250, "2020": 5950, "2021": 7350, "2022": 7350, "2023": 8050}, "renta_hogar": {"2015": 11564, "2016": 11550, "2017": 12087, "2018": 12537, "2019": 13605, "2020": 13646, "2021": 16839, "2022": 17989, "2023": 19398}, "renta_persona": {"2015": 4548, "2016": 4187, "2017": 4324, "2018": 4353, "2019": 4333, "2020": 4537, "2021": 6452, "2022": 6950, "2023": 7432}}, "geometry": {"type": "MultiPolygon", "coordinates": [[[[-3.608104755218679, 37.206066463861426], [-3.607826835778846, 37.20606707629454], [-3.607765225823946, 37.20606838845809], [-3.607623818395528, 37.20607129347445], [-3.607563656621069, 37.206072616132666], [-3.607500681848409, 37.206073916229464], [-3.607368503796928, 37.20607666183472], [-3.607216854128112, 37.20607976400562], [-3.606930091683086, 37.20608573340473], [-3.606673046073228, 37.20609110913535], [-3.606510362012799, 37.20609456347384], [-3.606500863297444, 37.20583618043395], [-3.606340086892117, 37.20584080650207], [-3.605916670921337, 37.20585284428034], [-3.605829128453701, 37.20585530575903], [-3.60575579807283, 37.20585739793709], [-3.605498702252107, 37.20586472650564], [-3.605264911796076, 37.20587142254223], [-3.605117536472296, 37.20587560439641], [-3.604631961266606, 37.205889361279176], [-3.604449676392292, 37.20589458943222], [-3.604173725196887, 37.205902421473844], [-3.604112303758858, 37.20590419048851], [-3.604048561728881, 37.20590451464568], [-3.604000057873511, 37.20556121124033], [-3.603991007602127, 37.20549673441183], [-3.603947623348661, 37.2051899926052], [-3.603934022617606, 37.20509382868345], [-3.603932340324396, 37.20508211457763], [-3.603914670427615, 37.20481681411765], [-3.603908645910983, 37.20472671763303], [-3.60391408082112, 37.20461256389995], [-3.603920889155818, 37.20446768801814], [-3.603924522993973, 37.204393385264034], [-3.603935521870461, 37.20432256852577], [-3.603989552892539, 37.20397532682571], [-3.604122729238779, 37.2034319374191], [-3.604153317309175, 37.20334043821668], [-3.604245000008934, 37.20306651335901], [-3.60431388435258, 37.202860458341156], [-3.60432030811913, 37.20282660510079], [-3.604345794319389, 37.202691008413034], [-3.604359468395595, 37.20238537718118], [-3.604368193873495, 37.20219205028507], [-3.604387929249778, 37.2017661550488], [-3.604417196986776, 37.20113285699514], [-3.604441540469695, 37.20060800964946], [-3.604442734489124, 37.20057248393797], [-3.604463111679333, 37.199932384987875], [-3.604649714707165, 37.199665638101955], [-3.604784212038265, 37.199926169725565], [-3.60511614268688, 37.20056905143963], [-3.605131336450496, 37.20059847210199], [-3.605357257941172, 37.20102683161435], [-3.605976630168071, 37.20220116276232], [-3.606301278365607, 37.202816499804214], [-3.606327566583214, 37.20286641089011], [-3.606990123781897, 37.20384275116052], [-3.607372719536202, 37.20440650305266], [-3.607594025555726, 37.20473249270082], [-3.607817768733366, 37.20506227330457], [-3.608710515784317, 37.2062713375044], [-3.608261087188866, 37.20627832979466], [-3.608104755218679, 37.206066463861426]]]]}}, {"type": "Feature", "properties": {"CUSEC": "1808702008", "CDIS": "02", "CSEC": "008", "NMUN": "Granada", "poblaciones": {"2015": 726, "2016": 698, "2017": 693, "2018": 687, "2019": 688, "2020": 667, "2021": 670, "2022": 651, "2023": 1355, "2024": 1365, "2025": 1342}, "superficie_verde_m2": 0, "estacion_cercana": {"name": "Granada Palacio de Congresos", "distancia_m": 820}, "superficie_verde_desglose": {"parques": 0, "jardines": 0, "arbolado": 0}, "centroide": [-3.604907, 37.171347], "equipamientos": {"sanidad": {"n_dentro": 1}, "educacion": {"n_dentro": 0, "mas_cercana_m": 179, "mas_cercana_name": "Colegio Diocesano Internacional Virgen de Gracia"}, "agua": {"n_dentro": 0, "mas_cercana_m": 169, "mas_cercana_name": "fountain"}, "reciclaje": {"n_dentro": 3}, "aparcabicis": {"n_dentro": 0, "mas_cercana_m": 91, "mas_cercana_name": "bicycle_parking"}, "patrimonio": {"n_dentro": 0, "mas_cercana_m": 282, "mas_cercana_name": "Centro Europeo de las Mujeres Mariana Pineda"}}, "renta": {"2015": 19950, "2016": 19250, "2017": 19250, "2018": 20300, "2019": 21350, "2020": 22050, "2021": 24150, "2022": 26950, "2023": 28350}, "vft": {"n_vfts": 23, "n_plazas": 164, "viviendas_total": 468, "viviendas_fuente": "censo2021", "ratio_vft_pct": 4.91, "serie": {"2015": 0, "2016": 2, "2017": 2, "2018": 5, "2019": 9, "2020": 9, "2021": 10, "2022": 11, "2023": 15, "2024": 22, "2025": 23}}, "renta_med_uc": {"2015": 19950, "2016": 19250, "2017": 19250, "2018": 20300, "2019": 21350, "2020": 22050, "2021": 24150, "2022": 26950, "2023": 28350}, "renta_hogar": {"2015": 36513, "2016": 38941, "2017": 36505, "2018": 36998, "2019": 37486, "2020": 36555, "2021": 39489, "2022": 47843, "2023": 51246}, "renta_persona": {"2015": 14575, "2016": 15532, "2017": 15095, "2018": 15273, "2019": 15688, "2020": 15277, "2021": 16853, "2022": 20269, "2023": 21717}}, "geometry": {"type": "MultiPolygon", "coordinates": [[[[-3.60443506991606, 37.17254961767527], [-3.604308518690466, 37.172017224748835], [-3.603979459814236, 37.17205823697152], [-3.603904259149584, 37.17204754561268], [-3.603874933149375, 37.172043354811336], [-3.603484128693017, 37.17189723172489], [-3.60337228089861, 37.171855470506586], [-3.603171832411755, 37.171617161250104], [-3.603330555456052, 37.17153125353097], [-3.603758399045207, 37.171299683467225], [-3.603791119395111, 37.17128018705584], [-3.603867483430625, 37.17123475480243], [-3.60389766260415, 37.171218097210826], [-3.604092805888681, 37.171110751372595], [-3.604963671752385, 37.17063433196718], [-3.605822681927823, 37.1701825155956], [-3.606016090658864, 37.17049519513692], [-3.606389948050296, 37.17109927880791], [-3.606165516718418, 37.17126808627623], [-3.606129814633326, 37.17129496395814], [-3.605943161222302, 37.17143319145771], [-3.605610986326657, 37.17167908602108], [-3.605082774230649, 37.172070136838904], [-3.604562400721173, 37.1724553357622], [-3.60443506991606, 37.17254961767527]]]]}}, {"type": "Feature", "properties": {"CUSEC": "1808702001", "CDIS": "02", "CSEC": "001", "NMUN": "Granada", "poblaciones": {"2015": 839, "2016": 834, "2017": 816, "2018": 806, "2019": 817, "2020": 823, "2021": 831, "2022": 817, "2023": 1550, "2024": 1597, "2025": 1612}, "superficie_verde_m2": 2970, "estacion_cercana": {"name": "Granada Palacio de Congresos", "distancia_m": 918}, "superficie_verde_desglose": {"parques": 537, "jardines": 2433, "arbolado": 0}, "centroide": [-3.597259, 37.174264], "equipamientos": {"sanidad": {"n_dentro": 6}, "educacion": {"n_dentro": 0, "mas_cercana_m": 160, "mas_cercana_name": "Colegio Mercedarias"}, "agua": {"n_dentro": 8}, "reciclaje": {"n_dentro": 5}, "aparcabicis": {"n_dentro": 4}, "patrimonio": {"n_dentro": 3}}, "renta": {"2015": 22050, "2016": 22050, "2017": 22750, "2018": 22750, "2019": 24850, "2020": 22400, "2021": 24850, "2022": 24850, "2023": 25900}, "vft": {"n_vfts": 300, "n_plazas": 1377, "viviendas_total": 914, "viviendas_fuente": "censo2021", "ratio_vft_pct": 32.82, "serie": {"2015": 0, "2016": 19, "2017": 48, "2018": 87, "2019": 128, "2020": 145, "2021": 166, "2022": 201, "2023": 231, "2024": 300, "2025": 300}}, "renta_med_uc": {"2015": 22050, "2016": 22050, "2017": 22750, "2018": 22750, "2019": 24850, "2020": 22400, "2021": 24850, "2022": 24850, "2023": 25900}, "renta_hogar": {"2015": 37959, "2016": 39232, "2017": 39561, "2018": 41003, "2019": 46853, "2020": 42970, "2021": 44660, "2022": 42721, "2023": 52215}, "renta_persona": {"2015": 17616, "2016": 18498, "2017": 18914, "2018": 19843, "2019": 22331, "2020": 20269, "2021": 21925, "2022": 21257, "2023": 25542}}, "geometry": {"type": "MultiPolygon", "coordinates": [[[[-3.594462342078129, 37.17606842536624], [-3.594439927955551, 37.17606678368456], [-3.594305879382067, 37.17608658296731], [-3.594302542947165, 37.17608704138902], [-3.593794035669458, 37.17615715091951], [-3.593785240769664, 37.176029281406485], [-3.593948601954281, 37.17601456392055], [-3.594062311269401, 37.17598174258885], [-3.594230502164076, 37.17589404184614], [-3.594359309258223, 37.175856457218366], [-3.594400711061161, 37.175834633893615], [-3.594500219456584, 37.175782111105086], [-3.594582413886088, 37.175763387586144], [-3.594703897095439, 37.175757388438974], [-3.594768312872747, 37.175669340583205], [-3.594769297848752, 37.17564769746059], [-3.594739201112993, 37.17564589248348], [-3.594563012264103, 37.17554284312276], [-3.594530341226065, 37.17553021163845], [-3.594403458274203, 37.175481170082314], [-3.594346803710268, 37.1754259990564], [-3.594190490390539, 37.175273628323836], [-3.594125416767177, 37.17517470924549], [-3.59419447903912, 37.17512055909418], [-3.594333471689897, 37.17524607376779], [-3.594354857890022, 37.17523171080705], [-3.594547813297849, 37.17538435718736], [-3.594683517317661, 37.17528173742841], [-3.594773876696804, 37.17521340464559], [-3.594714054214657, 37.1751686969559], [-3.594815570103203, 37.1750842857058], [-3.59468875540807, 37.17496828337886], [-3.594935722442909, 37.174851665849296], [-3.5949898173358, 37.17482462796917], [-3.595290394915502, 37.17456827089608], [-3.595535021634262, 37.17470874945004], [-3.5956187172873, 37.17461740874848], [-3.595794621117081, 37.17442503213984], [-3.596025524338773, 37.17418403097107], [-3.596026077416278, 37.17418345579806], [-3.59617148295092, 37.17404816374997], [-3.59609899347735, 37.17401490970996], [-3.596315279543473, 37.17374304173787], [-3.596200346494017, 37.17367548120853], [-3.596192424980738, 37.173670851796736], [-3.596052773830847, 37.173572803833615], [-3.595872067331939, 37.173461396046946], [-3.596050687549323, 37.173295460658295], [-3.596241926398887, 37.17311775768419], [-3.596250374518625, 37.17310985043064], [-3.596227037937393, 37.173093778652344], [-3.596418118833318, 37.17290756153034], [-3.596465448182445, 37.172912844393224], [-3.596588261465458, 37.17278778378975], [-3.596671288641107, 37.172831891459566], [-3.596728253776668, 37.172850674690146], [-3.596856060823209, 37.17287436527909], [-3.596967288143478, 37.17288118836954], [-3.596972174603556, 37.17286013851973], [-3.597015034652967, 37.17263654582771], [-3.597023573530389, 37.17260497171701], [-3.597064909279827, 37.17245181783053], [-3.596661005230383, 37.172269312500106], [-3.596743241478789, 37.17216550380874], [-3.596845184276581, 37.1720366305323], [-3.596880991392001, 37.17197839167737], [-3.596967069526831, 37.171838249536066], [-3.597087198439315, 37.17164277977947], [-3.597273920452296, 37.171536902776], [-3.597405466697761, 37.17164892590069], [-3.597849367699929, 37.171388415184865], [-3.598111945230195, 37.17165068211304], [-3.598218605889046, 37.17175714568595], [-3.598247761447555, 37.17178620486408], [-3.598270170793346, 37.171804678662355], [-3.598293293604552, 37.17182363561178], [-3.598308169863736, 37.17209830915086], [-3.598284920165749, 37.17212755989782], [-3.598793169089245, 37.17241307754097], [-3.599185363991507, 37.1727683175043], [-3.599236525875358, 37.17281457569819], [-3.599498650379957, 37.17335915760157], [-3.599648843644699, 37.1732582481381], [-3.599730505956019, 37.173517173931074], [-3.600097074222158, 37.17330327920655], [-3.600370262602478, 37.17349876539989], [-3.600442816620701, 37.17355068004729], [-3.600561202832859, 37.17364917673299], [-3.600390454883482, 37.1737794510363], [-3.600066731681837, 37.17402648610862], [-3.600057037631172, 37.17401426259866], [-3.599972145511758, 37.17395053871494], [-3.599864275151159, 37.174105824196815], [-3.599790390789358, 37.17421210314432], [-3.599810057688052, 37.17423691025769], [-3.599687299133293, 37.174318629921025], [-3.599674650993556, 37.1743032024208], [-3.59941123543001, 37.17406875255093], [-3.599385585610391, 37.17404587849596], [-3.599268124632097, 37.17415227388014], [-3.599190640857226, 37.17406875772156], [-3.599141336495206, 37.17414157898864], [-3.598980113465676, 37.174379556814074], [-3.598425684273902, 37.17519782314856], [-3.598645846216125, 37.17533616438033], [-3.598718442258881, 37.1753817655263], [-3.598407051152032, 37.17560571280441], [-3.598300722620344, 37.175682232588976], [-3.59824933701521, 37.17571921068437], [-3.598248788403128, 37.17571963711357], [-3.598128449790569, 37.175815909608176], [-3.598096511268768, 37.17584141737122], [-3.597711419166317, 37.17613151017072], [-3.597545448528261, 37.175829572379726], [-3.597518233490762, 37.175845398537206], [-3.597422199127107, 37.175898947456915], [-3.597252176889669, 37.17599394528232], [-3.597013546202146, 37.17612708528753], [-3.596966300581872, 37.176153463104534], [-3.596748497055002, 37.17627507146321], [-3.596696680887555, 37.17630400152737], [-3.595917260766305, 37.17673897389957], [-3.595620731374871, 37.17656934795521], [-3.595421348851366, 37.176455338245034], [-3.595417580988301, 37.17645321634703], [-3.595356246635026, 37.17641771090211], [-3.594893991078757, 37.1761505392887], [-3.594655894249636, 37.17608204066861], [-3.594462342078129, 37.17606842536624]]]]}}, {"type": "Feature", "properties": {"CUSEC": "1808703048", "CDIS": "03", "CSEC": "048", "NMUN": "Granada", "poblaciones": {"2022": 1062, "2023": 1320, "2024": 1523, "2025": 2052}, "superficie_verde_m2": 121053, "estacion_cercana": {"name": "Granada Norte", "distancia_m": 1401}, "superficie_verde_desglose": {"parques": 103038, "jardines": 7344, "arbolado": 10672}, "centroide": [-3.623072, 37.205601], "equipamientos": {"sanidad": {"n_dentro": 0, "mas_cercana_m": 415, "mas_cercana_name": "Farmacia Albayda"}, "educacion": {"n_dentro": 1}, "agua": {"n_dentro": 1}, "reciclaje": {"n_dentro": 0, "mas_cercana_m": 418, "mas_cercana_name": "waste_disposal"}, "aparcabicis": {"n_dentro": 1}, "patrimonio": {"n_dentro": 0, "mas_cercana_m": 2709, "mas_cercana_name": "Mecánicas de la memoria. Diario Patria."}}, "renta": {"2022": 23450, "2023": 25200}, "vft": {"n_vfts": 3, "n_plazas": 14, "viviendas_total": 855, "viviendas_fuente": "estimada", "ratio_vft_pct": 0.35, "serie": {"2015": 0, "2016": 0, "2017": 0, "2018": 0, "2019": 0, "2020": 0, "2021": 0, "2022": 0, "2023": 1, "2024": 3, "2025": 3}}, "renta_med_uc": {"2022": 23450, "2023": 25200}, "renta_hogar": {"2022": 38557, "2023": 42027}, "renta_persona": {"2022": 16035, "2023": 17223}}, "geometry": {"type": "MultiPolygon", "coordinates": [[[[-3.617895368067095, 37.20466065544642], [-3.620726419607771, 37.20290816269566], [-3.62074724872974, 37.20292795821346], [-3.624034857841324, 37.20092847904113], [-3.6240530844409, 37.200939264700146], [-3.62501655122162, 37.20207896306205], [-3.627445362037546, 37.20636427539381], [-3.627132745118656, 37.206573015085105], [-3.626966743154191, 37.206684323050354], [-3.626754924838011, 37.20696485266143], [-3.626545299825187, 37.20750677263841], [-3.626266195557888, 37.207823758169724], [-3.625806478912122, 37.208105639702985], [-3.625672645548353, 37.208277589518204], [-3.625663709341163, 37.20855707418203], [-3.625553002774218, 37.20880100440927], [-3.625295753025549, 37.20903673749998], [-3.624835706759728, 37.20928256563655], [-3.624134183331797, 37.21006371047225], [-3.624117359786948, 37.21008247154374], [-3.624087480372479, 37.21011577332129], [-3.623953045869004, 37.21021561622272], [-3.623331367163115, 37.21035993174496], [-3.620264333385381, 37.2072735123134], [-3.619441660444396, 37.206445582462656], [-3.619481643809956, 37.20624564357472], [-3.619385626800988, 37.206164122125216], [-3.619283784011811, 37.20607766435405], [-3.619118568460235, 37.20593737637317], [-3.619007568334139, 37.20584312406303], [-3.618979578940397, 37.205818016773875], [-3.618904950096782, 37.20574578113037], [-3.618796795381948, 37.20564110171001], [-3.618763549143102, 37.20560841493666], [-3.618651650686656, 37.205488211238624], [-3.618537655260464, 37.2053657820137], [-3.618416787763623, 37.20523597095203], [-3.618337836401456, 37.20514830665197], [-3.618230500986753, 37.20502436496512], [-3.6181068051281, 37.204889470032434], [-3.617941948559938, 37.20471107641651], [-3.617895368067095, 37.20466065544642]]]]}}, {"type": "Feature", "properties": {"CUSEC": "1808703044", "CDIS": "03", "CSEC": "044", "NMUN": "Granada", "poblaciones": {"2015": 1832, "2016": 1943, "2017": 2077, "2018": 2077, "2019": 2148, "2020": 2327, "2021": 2459, "2022": 2535, "2023": 1673, "2024": 1675, "2025": 1689}, "superficie_verde_m2": 30683, "estacion_cercana": {"name": "Granada Norte", "distancia_m": 802}, "superficie_verde_desglose": {"parques": 23706, "jardines": 5374, "arbolado": 1603}, "centroide": [-3.617655, 37.202125], "equipamientos": {"sanidad": {"n_dentro": 1}, "educacion": {"n_dentro": 0, "mas_cercana_m": 310, "mas_cercana_name": "Centro de Formación Internacional Reina Isabel"}, "agua": {"n_dentro": 1}, "reciclaje": {"n_dentro": 0, "mas_cercana_m": 345, "mas_cercana_name": "waste_disposal"}, "aparcabicis": {"n_dentro": 0, "mas_cercana_m": 201, "mas_cercana_name": "bicycle_parking"}, "patrimonio": {"n_dentro": 0, "mas_cercana_m": 2102, "mas_cercana_name": "Mecánicas de la memoria. Diario Patria."}}, "renta": {"2015": 17150, "2016": 17850, "2017": 17850, "2018": 19950, "2019": 20650, "2020": 21350, "2021": 22050, "2022": 23450, "2023": 24850}, "vft": {"n_vfts": 1, "n_plazas": 4, "viviendas_total": 1255, "viviendas_fuente": "censo2021", "ratio_vft_pct": 0.08, "serie": {"2015": 0, "2016": 0, "2017": 0, "2018": 0, "2019": 0, "2020": 0, "2021": 0, "2022": 0, "2023": 0, "2024": 1, "2025": 1}}, "renta_med_uc": {"2015": 17150, "2016": 17850, "2017": 17850, "2018": 19950, "2019": 20650, "2020": 21350, "2021": 22050, "2022": 23450, "2023": 24850}, "renta_hogar": {"2015": 28947, "2016": 29672, "2017": 30725, "2018": 32947, "2019": 34743, "2020": 35137, "2021": 36833, "2022": 40137, "2023": 43211}, "renta_persona": {"2015": 12255, "2016": 12301, "2017": 12405, "2018": 13329, "2019": 14160, "2020": 14258, "2021": 14687, "2022": 15700, "2023": 17371}}, "geometry": {"type": "MultiPolygon", "coordinates": [[[[-3.616555621333265, 37.203208705057676], [-3.616456360947716, 37.20310080060981], [-3.616346351429776, 37.202985402796756], [-3.616231784176852, 37.20286517365846], [-3.61612293994543, 37.202750950400144], [-3.616088723331297, 37.20271503638626], [-3.616050368227279, 37.202678074826466], [-3.615961747040531, 37.2025958315034], [-3.61587230828529, 37.20251279913249], [-3.615793435071812, 37.20243958658463], [-3.615660424888443, 37.202316168052285], [-3.61547488405596, 37.202143931267706], [-3.615235559048225, 37.20192176024671], [-3.615115590595947, 37.20181040076128], [-3.61501365277551, 37.20171576402649], [-3.614922240452298, 37.20163089329785], [-3.614900151001379, 37.20161038847747], [-3.614763680116484, 37.20148367784055], [-3.614617507928624, 37.20134799437982], [-3.614601854123619, 37.201333464832274], [-3.617248078569946, 37.199602099047254], [-3.618559077778635, 37.200848212506536], [-3.620726419607771, 37.20290816269566], [-3.617895368067095, 37.20466065544642], [-3.617763869756288, 37.204518315635816], [-3.617585229404735, 37.204324985117815], [-3.617280067725086, 37.203994722539704], [-3.617007645653506, 37.203699845158646], [-3.616803401470582, 37.20347878817785], [-3.616555621333265, 37.203208705057676]]]]}}, {"type": "Feature", "properties": {"CUSEC": "1808702030", "CDIS": "02", "CSEC": "030", "NMUN": "Granada", "poblaciones": {"2015": 1274, "2016": 1792, "2017": 1787, "2018": 1746, "2019": 1708, "2020": 1678, "2021": 1697, "2022": 1649, "2023": 1656, "2024": 1645, "2025": 1614}, "superficie_verde_m2": 17377, "estacion_cercana": {"name": "Granada Palacio de Congresos", "distancia_m": 626}, "superficie_verde_desglose": {"parques": 425, "jardines": 16069, "arbolado": 883}, "centroide": [-3.604655, 37.163344], "equipamientos": {"sanidad": {"n_dentro": 2}, "educacion": {"n_dentro": 2}, "agua": {"n_dentro": 10}, "reciclaje": {"n_dentro": 0, "mas_cercana_m": 202, "mas_cercana_name": "recycling"}, "aparcabicis": {"n_dentro": 0, "mas_cercana_m": 490, "mas_cercana_name": "bicycle_parking"}, "patrimonio": {"n_dentro": 5}}, "renta": {"2015": 21350, "2016": 22050, "2017": 22750, "2018": 23450, "2019": 24850, "2020": 24850, "2021": 26250, "2022": 29050, "2023": 30450}, "vft": {"n_vfts": 2, "n_plazas": 10, "viviendas_total": 799, "viviendas_fuente": "censo2021", "ratio_vft_pct": 0.25, "serie": {"2015": 0, "2016": 0, "2017": 0, "2018": 0, "2019": 1, "2020": 1, "2021": 1, "2022": 1, "2023": 1, "2024": 2, "2025": 2}}, "renta_med_uc": {"2015": 21350, "2016": 22050, "2017": 22750, "2018": 23450, "2019": 24850, "2020": 24850, "2021": 26250, "2022": 29050, "2023": 30450}, "renta_hogar": {"2015": 37917, "2016": 40447, "2017": 41165, "2018": 42459, "2019": 43258, "2020": 43541, "2021": 44193, "2022": 47195, "2023": 50243}, "renta_persona": {"2015": 15542, "2016": 15814, "2017": 16145, "2018": 16885, "2019": 17775, "2020": 18118, "2021": 18760, "2022": 20064, "2023": 21430}}, "geometry": {"type": "MultiPolygon", "coordinates": [[[[-3.604448361865881, 37.160875691585936], [-3.605135217286435, 37.16129661631479], [-3.605865560749001, 37.1617031004307], [-3.606452041310118, 37.16200537657693], [-3.607038756506408, 37.162336268176304], [-3.607876699930666, 37.162780347675415], [-3.608343543109862, 37.1630259887941], [-3.608427591426025, 37.1631018765003], [-3.60851156231196, 37.16316822498175], [-3.608623727906786, 37.163301024346445], [-3.608307859928778, 37.16343439090697], [-3.607336001404808, 37.16396064328356], [-3.606480190120062, 37.16437750517999], [-3.605761038282634, 37.16474235989682], [-3.605309948104149, 37.16497202606451], [-3.605234296221794, 37.16501053194569], [-3.605134631791117, 37.165061270764916], [-3.605049859905624, 37.165104438288274], [-3.604951508815341, 37.165154507715975], [-3.604890303799034, 37.16518565177426], [-3.604848942700669, 37.16520229098151], [-3.604818332771054, 37.16521403836841], [-3.604770935457546, 37.165232204686895], [-3.604718732083118, 37.16525220643264], [-3.604637804120713, 37.165283243681905], [-3.604489913352717, 37.165339951931], [-3.604432742110845, 37.165362137755054], [-3.604307408018119, 37.165409942032674], [-3.604109378255957, 37.16548588364357], [-3.603906221054287, 37.1655638071012], [-3.60379512126512, 37.16560642733577], [-3.603726413537893, 37.1656304257321], [-3.603564600479772, 37.16568663046327], [-3.603436400792958, 37.165731144770284], [-3.603308177445508, 37.16577567708742], [-3.603196931694013, 37.16581432682016], [-3.603152763033664, 37.16582926165105], [-3.603069001791676, 37.16569226799247], [-3.602999419413363, 37.16557842679974], [-3.602838026986179, 37.16531440457476], [-3.6025122404453, 37.16478152602557], [-3.602356613144261, 37.16452694844569], [-3.60201651258463, 37.16397136270514], [-3.601986296001504, 37.16392192904628], [-3.601401501197497, 37.16296620949478], [-3.601611130094299, 37.1628415151244], [-3.601852965772065, 37.162719830665516], [-3.602299386114884, 37.16249530326727], [-3.602462346089481, 37.162413341295235], [-3.602670375717664, 37.16229913651812], [-3.602707545532872, 37.16227166196488], [-3.602871599698211, 37.162150464735156], [-3.602906024095557, 37.16211994471867], [-3.603029484611477, 37.16201039621477], [-3.603102733674109, 37.16194541167418], [-3.603436825675098, 37.1616206511157], [-3.603583911211874, 37.161477643276946], [-3.603778087456857, 37.161327681681115], [-3.603818786251312, 37.161300224854685], [-3.604100390839104, 37.161110326691805], [-3.604448361865881, 37.160875691585936]]]]}}, {"type": "Feature", "properties": {"CUSEC": "1808702046", "CDIS": "02", "CSEC": "046", "NMUN": "Granada", "poblaciones": {"2015": 2617, "2016": 2165, "2017": 2353, "2018": 2444, "2019": 2564, "2020": 2609, "2021": 2615, "2022": 2650, "2023": 2667, "2024": 1081, "2025": 1103}, "superficie_verde_m2": 81810, "estacion_cercana": {"name": "Granada Palacio de Congresos", "distancia_m": 1161}, "superficie_verde_desglose": {"parques": 72435, "jardines": 8690, "arbolado": 686}, "centroide": [-3.60924, 37.160114], "equipamientos": {"sanidad": {"n_dentro": 1}, "educacion": {"n_dentro": 0, "mas_cercana_m": 348, "mas_cercana_name": "library"}, "agua": {"n_dentro": 3}, "reciclaje": {"n_dentro": 17}, "aparcabicis": {"n_dentro": 0, "mas_cercana_m": 853, "mas_cercana_name": "bicycle_parking"}, "patrimonio": {"n_dentro": 1}}, "renta": {"2015": 20650, "2016": 19950, "2017": 20650, "2018": 22050, "2019": 23450, "2020": 23450, "2021": 24150, "2022": 24850, "2023": 26250}, "vft": {"n_vfts": 3, "n_plazas": 20, "viviendas_total": 1471, "viviendas_fuente": "censo2021", "ratio_vft_pct": 0.2, "serie": {"2015": 0, "2016": 0, "2017": 0, "2018": 1, "2019": 1, "2020": 2, "2021": 2, "2022": 2, "2023": 3, "2024": 3, "2025": 3}}, "renta_med_uc": {"2015": 20650, "2016": 19950, "2017": 20650, "2018": 22050, "2019": 23450, "2020": 23450, "2021": 24150, "2022": 24850, "2023": 26250}, "renta_hogar": {"2015": 36732, "2016": 36117, "2017": 36790, "2018": 38726, "2019": 40993, "2020": 41752, "2021": 44309, "2022": 46866, "2023": 43539}, "renta_persona": {"2015": 14151, "2016": 14424, "2017": 14634, "2018": 15398, "2019": 16150, "2020": 16490, "2021": 17545, "2022": 18831, "2023": 18939}}, "geometry": {"type": "MultiPolygon", "coordinates": [[[[-3.607067005454303, 37.15846572864114], [-3.607109171583259, 37.158472254247336], [-3.608750373974096, 37.15950368243076], [-3.609765665872507, 37.15828689719746], [-3.610580843883882, 37.15738595092095], [-3.611799548978166, 37.15629326089841], [-3.612305894600363, 37.156574034151575], [-3.61279724360752, 37.156905391184125], [-3.613352507505433, 37.157360359449946], [-3.613342276032383, 37.1573624630981], [-3.613339373287891, 37.157372018590266], [-3.613324610201585, 37.1573887899134], [-3.613310988797884, 37.15741319383141], [-3.613306896185045, 37.157409153280575], [-3.612671147410195, 37.15838550995351], [-3.612180100659628, 37.159570993373734], [-3.611783315221258, 37.1606224296126], [-3.611316233019858, 37.16182686542648], [-3.611176428331266, 37.162228261635086], [-3.611183299542626, 37.16222851554856], [-3.611176533940248, 37.16224137832526], [-3.611163608798993, 37.16226879899745], [-3.611078799476256, 37.16226439039833], [-3.610474915934074, 37.162519382184534], [-3.608623727906786, 37.163301024346445], [-3.60851156231196, 37.16316822498175], [-3.608427591426025, 37.1631018765003], [-3.608343543109862, 37.1630259887941], [-3.607876699930666, 37.162780347675415], [-3.607038756506408, 37.162336268176304], [-3.606452041310118, 37.16200537657693], [-3.605865560749001, 37.1617031004307], [-3.605135217286435, 37.16129661631479], [-3.604448361865881, 37.160875691585936], [-3.604521185468882, 37.16082658658023], [-3.604742247044737, 37.16063697678048], [-3.605050458423386, 37.160311343155016], [-3.605098372134575, 37.160260719003944], [-3.605326320097325, 37.16001986503815], [-3.60533973142272, 37.16000475208717], [-3.605476171658184, 37.15985029072991], [-3.60573118304896, 37.15956159535746], [-3.605732092876672, 37.15956058564063], [-3.606188039670427, 37.1590363814114], [-3.606304732581056, 37.15892267796754], [-3.606481761059102, 37.1587945226092], [-3.606782467178029, 37.158613052098], [-3.606787841739044, 37.1586161794973], [-3.606789630752849, 37.15861526442529], [-3.606875408412495, 37.158571297255094], [-3.606901458681749, 37.15855800333952], [-3.607067005454303, 37.15846572864114]]]]}}, {"type": "Feature", "properties": {"CUSEC": "1808702051", "CDIS": "02", "CSEC": "051", "NMUN": "Granada", "poblaciones": {"2023": 1649, "2024": 1649, "2025": 1663}, "superficie_verde_m2": 10746, "estacion_cercana": {"name": "Granada Palacio de Congresos", "distancia_m": 1376}, "superficie_verde_desglose": {"parques": 7618, "jardines": 2131, "arbolado": 998}, "centroide": [-3.609497, 37.157328], "equipamientos": {"sanidad": {"n_dentro": 1}, "educacion": {"n_dentro": 2}, "agua": {"n_dentro": 0, "mas_cercana_m": 250, "mas_cercana_name": "fountain"}, "reciclaje": {"n_dentro": 8}, "aparcabicis": {"n_dentro": 0, "mas_cercana_m": 731, "mas_cercana_name": "bicycle_parking"}, "patrimonio": {"n_dentro": 0, "mas_cercana_m": 557, "mas_cercana_name": "Museo Memoria de Andalucía"}}, "renta": {"2023": 26950}, "vft": {"n_vfts": 24, "n_plazas": 118, "viviendas_total": 640, "viviendas_fuente": "estimada", "ratio_vft_pct": 3.75, "serie": {"2015": 0, "2016": 2, "2017": 3, "2018": 5, "2019": 6, "2020": 7, "2021": 7, "2022": 7, "2023": 15, "2024": 24, "2025": 24}}, "renta_med_uc": {"2023": 26950}, "renta_hogar": {"2023": 53337}, "renta_persona": {"2023": 20117}}, "geometry": {"type": "MultiPolygon", "coordinates": [[[[-3.607067005454303, 37.15846572864114], [-3.607203534592413, 37.15838962756871], [-3.607487768640465, 37.1582056165747], [-3.607686747443067, 37.15806108104152], [-3.607834907720535, 37.157942193902045], [-3.607842611447562, 37.157935916666986], [-3.607989138034952, 37.15780870782893], [-3.60808605606375, 37.1577195096154], [-3.608125760942988, 37.157682992778135], [-3.608180570351556, 37.15762635206689], [-3.608256253263367, 37.15753799642972], [-3.608450065024503, 37.15729928478786], [-3.608672140198868, 37.15702648165148], [-3.608920777789976, 37.156716096344134], [-3.608945283615014, 37.15668588242605], [-3.609029054228276, 37.1565825123912], [-3.60911966538577, 37.15646906999098], [-3.609242897821775, 37.15631664982539], [-3.609353595509197, 37.15617744638367], [-3.609375567864959, 37.156150138010894], [-3.609439823865046, 37.156072440887606], [-3.609836847248951, 37.15559234189299], [-3.609933115879587, 37.15547423292038], [-3.610329563166582, 37.15505773387306], [-3.610555066421107, 37.155247482800256], [-3.610976118039533, 37.15573184731159], [-3.611300216223158, 37.15601637219683], [-3.611799548978166, 37.15629326089841], [-3.610580843883882, 37.15738595092095], [-3.609765665872507, 37.15828689719746], [-3.608750373974096, 37.15950368243076], [-3.607109171583259, 37.158472254247336], [-3.607067005454303, 37.15846572864114]]]]}}], "leyenda": [{"min": 5, "max": 916, "color": "#eff3ff"}, {"min": 916, "max": 1094, "color": "#bdd7e7"}, {"min": 1094, "max": 1307, "color": "#6baed6"}, {"min": 1307, "max": 1587, "color": "#3182bd"}, {"min": 1587, "max": 2846, "color": "#08519c"}], "poblacion_breaks": [916, 1094, 1307, 1587], "poblacion_colors": ["#eff3ff", "#bdd7e7", "#6baed6", "#3182bd", "#08519c"], "poblacion_anios": [2015, 2016, 2017, 2018, 2019, 2020, 2021, 2022, 2023, 2024, 2025], "verde_hab_breaks": [0.1, 1.5, 4.0, 13.5], "verde_hab_colors": ["#d7191c", "#fdae61", "#ffffbf", "#a6d96a", "#1a9641"], "estaciones_no2": {"Granada Norte": {"2002": 42.05, "2003": 40.47, "2004": 46.59, "2005": 45.46, "2006": 43.81, "2007": 46.01, "2008": 40.66, "2009": 44.68, "2010": 47.0, "2011": 48.32, "2012": 46.26, "2013": 42.22, "2014": 42.02, "2015": 47.74, "2016": 44.4, "2017": 51.34, "2018": 46.26, "2019": 42.74, "2020": 33.23, "2021": 32.55, "2022": 35.17, "2023": 32.44, "2024": 31.36}, "Granada Palacio de Congresos": {"2010": 34.63, "2011": 32.95, "2012": 34.04, "2013": 31.14, "2014": 32.47, "2015": 35.93, "2016": 36.02, "2017": 36.71, "2018": 33.66, "2020": 24.05, "2021": 20.03, "2022": 20.07, "2023": 20.89, "2024": 17.59}}, "no2_breaks": [20, 40], "no2_colors": ["#22c55e", "#f59e0b", "#ef4444"], "renta_breaks": [12950, 15750, 19250, 22050], "renta_colors": ["#fef0d9", "#fdcc8a", "#fc8d59", "#e34a33", "#b30000"], "renta_anios": [2015, 2016, 2017, 2018, 2019, 2020, 2021, 2022, 2023], "vft_breaks": [1, 3, 7, 12, 20, 30], "vft_colors": ["#f1eef6", "#d4b9da", "#c994c7", "#df65b0", "#e7298a", "#ce1256", "#91003f"], "vft_fecha_descarga": "2026-06-13", "vft_year_referencia": 2025, "vft_hogar_year": 2023, "vft_serie_anios": [2015, 2016, 2017, 2018, 2019, 2020, 2021, 2022, 2023, 2024, 2025], "renta_med_uc_breaks": [12950, 15750, 19250, 22050], "renta_med_uc_colors": ["#fef0d9", "#fdcc8a", "#fc8d59", "#e34a33", "#b30000"], "renta_hogar_breaks": [22856, 28421, 33728, 39403], "renta_hogar_colors": ["#fef0d9", "#fdcc8a", "#fc8d59", "#e34a33", "#b30000"], "renta_persona_breaks": [9938, 12383, 14578, 16639], "renta_persona_colors": ["#fef0d9", "#fdcc8a", "#fc8d59", "#e34a33", "#b30000"], "vft_viviendas_censo_anio": 2021}